{
  "best_test_loss": 0.2552210758089291,
  "best_f1_test": 0.9185336048879837,
  "best_acc_test": 0.9185336048879837,
  "best_valid_loss": 0.19284421887169492,
  "best_f1_valid": 0.9388297872340425,
  "model_save_name": "model",
  "is_univariate": true,
  "dataset_name": "NonInvasiveFetalECGThorax2",
  "network_arch": "ViT",
  "seed": 2,
  "best_train_loss": 0.186675896798735,
  "batch_size": 64,
  "learning_rate": 0.00026459913203056266,
  "epochs": 500,
  "patience": 30,
  "min_loss_improvement": 0,
  "epoch_model_saved": 126,
  "optimizer": "Adam",
  "criterion": "NLLLoss",
  "optimization_losses": [
    0.2276291441410146,
    0.30132845614818815,
    0.3051534022422547,
    0.5899370997510058,
    0.2515131445958259,
    0.27197564979817007,
    0.6048957286997044,
    0.3316300888644888,
    0.22835688657583075,
    0.2918762247613136,
    0.21171792786806187,
    0.2111326427535808,
    0.28731779595638846,
    0.29745041372928216,
    0.2496113249279083,
    0.21129458112285493,
    0.3666417028041596,
    0.19797363671216558,
    0.583432971162999,
    0.30225904666362924,
    0.21316073391031712,
    0.21848775557381042,
    0.20737572933765167,
    0.24796013771853548,
    0.19284421887169492,
    0.2258388726635182,
    0.21705633512836822,
    0.24024471069904083,
    0.21857453533943663,
    0.26231182366609573
  ],
  "best_train_losses": [
    3.8230575069272006,
    3.7539125160691778,
    3.6676153124677238,
    3.1897715473376103,
    2.674771151907915,
    2.3608871022329647,
    2.124345643036146,
    1.9388977847129463,
    1.7367053369527456,
    1.633106918797389,
    1.5062721295835932,
    1.4081237128479582,
    1.2914793037312682,
    1.188125716157137,
    1.1102026883599128,
    1.0624317277173132,
    0.9898107252067356,
    0.9438028028542444,
    0.9031049950978995,
    0.8400105831912933,
    0.861319230462327,
    0.7872391968064968,
    0.7667857069242026,
    0.7499621913664289,
    0.6806839128991541,
    0.6565412101574708,
    0.6865837647934993,
    0.6306888711176033,
    0.6329447911058775,
    0.594437304049081,
    0.5786994569375326,
    0.5725882437894316,
    0.5204264248916991,
    0.5086063548702634,
    0.5028522790776787,
    0.5153494735712412,
    0.4989801411132786,
    0.47782378017022753,
    0.457503604160089,
    0.434387832733417,
    0.4456896919100032,
    0.4048586044819189,
    0.4486035968917235,
    0.43559675939637676,
    0.41611440363520064,
    0.39641966927830635,
    0.3973775798178691,
    0.42509179032988226,
    0.4006640629571923,
    0.35113754512471207,
    0.3556465801435378,
    0.38470898106830353,
    0.3668889970278455,
    0.3414832444904727,
    0.3596512857492089,
    0.3340737457352462,
    0.3753358267472817,
    0.3383290452577661,
    0.32826840850306666,
    0.3640478550340622,
    0.36037127230675053,
    0.29800490024470144,
    0.28831688872291766,
    0.31811712350295784,
    0.2766570391909639,
    0.31185943971028735,
    0.3277019508999791,
    0.30165690183115945,
    0.3096683965086183,
    0.30035554821316995,
    0.279707614256518,
    0.28952900438359397,
    0.28945122419405556,
    0.2898567791606705,
    0.28517261919259856,
    0.2633579160575706,
    0.25716974928147845,
    0.2814861760538226,
    0.2744913361521565,
    0.2776856339279397,
    0.24573868337707125,
    0.24258457641532868,
    0.24099148383713573,
    0.2644527121823352,
    0.2623033705871036,
    0.24759058186225463,
    0.24739816196351846,
    0.239348654847956,
    0.2740920141852413,
    0.2544790617362429,
    0.22755206920316498,
    0.23910887683895551,
    0.23100634908810186,
    0.2443829561653727,
    0.2544092530946202,
    0.23639772108802473,
    0.2253353594058178,
    0.20172145491490798,
    0.23765533125827787,
    0.22519355559968982,
    0.19562954041460243,
    0.21845645961716237,
    0.215999230276466,
    0.21699096454086222,
    0.21331050273656676,
    0.1861859057792374,
    0.1997918844594766,
    0.18743909842014647,
    0.25905884084509695,
    0.22928235361003071,
    0.21311819166447693,
    0.19376354387065348,
    0.17804349311748527,
    0.21178097885235547,
    0.185875776068727,
    0.21913424206508855,
    0.2162249257613971,
    0.2052270668288477,
    0.1843913393180218,
    0.18571588233668287,
    0.19265009116221715,
    0.1808473765614455,
    0.15935492380479652,
    0.1710947409994738,
    0.19351692996180903,
    0.186675896798735,
    0.1610445861278582,
    0.16483402724468785,
    0.18130564737805832,
    0.21960584305158737,
    0.18268144392498095,
    0.19497978034378857,
    0.17178776842958896,
    0.16803978964717808,
    0.2000811706602741,
    0.19835999614322847,
    0.19654571635155133,
    0.2144848118134979,
    0.1575348541390567,
    0.17656598848016514,
    0.15090947014424302,
    0.14646385030497652,
    0.14522452219975138,
    0.1379643222362913,
    0.14678534907789526,
    0.1753113971197178,
    0.1690559455482204,
    0.16439431714115224,
    0.13429926752059793,
    0.14675519598002637,
    0.14530552551935697,
    0.15083380977054422,
    0.15182290404762755,
    0.16685664391463187,
    0.14654912678649204
  ],