{
  "best_test_loss": 0.32270072013071943,
  "best_f1_test": 0.8877937831690674,
  "best_acc_test": 0.8877937831690674,
  "best_valid_loss": 0.27736836009555393,
  "best_f1_valid": 0.8861111111111111,
  "model_save_name": "model",
  "is_univariate": true,
  "dataset_name": "FordA",
  "network_arch": "MLP",
  "seed": 28,
  "best_train_loss": 0.0883602442840735,
  "batch_size": 64,
  "learning_rate": 0.00022454858038830017,
  "epochs": 500,
  "patience": 30,
  "min_loss_improvement": 0,
  "epoch_model_saved": 163,
  "optimizer": "Adam",
  "criterion": "NLLLoss",
  "optimization_losses": [
    0.27736836009555393,
    0.3453853236304389,
    0.3064022878805796,
    0.3397515654563904,
    0.30171190897623695,
    0.2997305711110433,
    0.29688508775499134,
    0.3214946342839135,
    0.3055930342939165,
    0.2972066263357798
  ],
  "best_train_losses": [
    0.6952027943399217,
    0.6849316557248434,
    0.6636217527919346,
    0.6216442969110277,
    0.5764828456772698,
    0.5525780896345774,
    0.5440212421947055,
    0.512795352935791,
    0.47973088953230114,
    0.46348163816663956,
    0.451336137453715,
    0.4351768804921044,
    0.4180955006016625,
    0.3976438538895713,
    0.3844786312845018,
    0.3536287185218599,
    0.3391983191172282,
    0.33072591986921096,
    0.3467681686083476,
    0.31651089323891535,
    0.3155417972140842,
    0.3012156026230918,
    0.2892108026478026,
    0.2766744636827045,
    0.268568597568406,
    0.2773067106803258,
    0.2716093871328566,
    0.2799376719527774,
    0.25971065825886197,
    0.24037510189745162,
    0.24321954366233614,
    0.23239418963591257,
    0.23017799258232116,
    0.22299094282918505,
    0.22877657264471055,
    0.22119151883655125,
    0.19721415092547734,
    0.21318579763174056,
    0.2240234868394004,
    0.20426899393399556,
    0.20488905807336172,
    0.19940560791227552,
    0.21324895239538616,
    0.1930985743800799,
    0.19485338479280473,
    0.18697762307193544,
    0.19188462230894301,
    0.17429675294293298,
    0.17988096475601195,
    0.18538468248314327,
    0.17106345320741337,
    0.17575559607810445,
    0.16693962779310015,
    0.17824638419681124,
    0.16558796730306413,
    0.17298838744560877,
    0.16488036910692852,
    0.156792527768347,
    0.1614096181260215,
    0.15711963342295754,
    0.1524193964070744,
    0.16236348980002932,
    0.15220135317908393,
    0.1549888864159584,
    0.1431074685520596,
    0.14220197920997937,
    0.1535185066362222,
    0.14872582919067806,
    0.13942610944310824,
    0.14321217528647848,
    0.15392928719520568,
    0.1415327795677715,
    0.13501414739423329,
    0.12605672279993693,
    0.13205502190523677,
    0.15125311099820668,
    0.13089407144321336,
    0.1328609109752708,
    0.1348465584218502,
    0.13015364872084723,
    0.1167362902727392,
    0.1228723395201895,
    0.12960398892561595,
    0.1266698130302959,
    0.1310888636029429,
    0.12232052658994992,
    0.11400226967202293,
    0.12040040401948823,
    0.12556571033265856,
    0.12246974615587128,
    0.1183133286734422,
    0.1244717489514086,
    0.11426331289112568,
    0.12501474974883928,
    0.10705482272638214,
    0.1244184124800894,
    0.12098654102947977,
    0.10160802466173967,
    0.1064111208750142,
    0.11843352814515432,
    0.10994308330118656,
    0.10948587271074454,
    0.1058719501313236,
    0.10923473975724644,
    0.10688916221261024,
    0.09916812305649121,
    0.0998148454974095,
    0.10811845916840765,
    0.1054896050443252,
    0.08943291563126776,
    0.1179777334133784,
    0.1162355383237203,
    0.10527303876976173,
    0.09915894770787823,
    0.10228013835019535,
    0.08640749086108472,
    0.08599905288881726,
    0.10885483676360713,
    0.09361808233790928,
    0.10180849010745684,
    0.09065248279107942,
    0.09053022898733616,
    0.09818919967446062,
    0.09095563776791096,
    0.09849743528498543,
    0.1021661002602842,
    0.09561966283039915,
    0.09555495447582668,
    0.08498140660425027,
    0.08165581901040342,
    0.0850769149346484,
    0.08342161907090082,
    0.09134748375250233,
    0.09062269462479486,
    0.09234127464393775,
    0.0960427727136347,
    0.09413411592443784,
    0.08343854064328803,
    0.085802471699814,
    0.08274258193042543,
    0.0807350928377774,
    0.08264282912843757,
    0.07792473261555036,
    0.08753055325812764,
    0.080258732702997,
    0.08368122917082575,
    0.09644171765281094,
    0.090616774559021,
    0.08161375489499834,
    0.08424953466488255,
    0.07734583926697572,
    0.07460003400014506,
    0.08990269290904204,
    0.08651007351775965,
    0.07562117034362423,
    0.07234882236354881,
    0.08489044076866574,
    0.08541961277110709,
    0.077183822190596,
    0.06840915700627698,
    0.08435602496481603,
    0.0861008885420031,
    0.0883602442840735,
    0.06903338289509217,
    0.0786613097621335,
    0.07512876737034983,
    0.06188745545223355,
    0.07071098525904947,
    0.08470858306520515,
    0.07906055769158735,
    0.06200065830101569,
    0.07342886670182149,
    0.0709227020955748,
    0.061965956280214916,
    0.055021369953950246,
    0.06657964634812541,
    0.0756891838585337,
    0.07709955825573868,
    0.07683080914947722,
    0.0835186538596948,
    0.06494875078399977,
    0.054439469364782174,
    0.06561143371380038,
    0.07099383901804686,
    0.0695832007461124,
    0.07834101431071758,
    0.07135045594639249,
    0.06197985940509372,
    0.07463924940675497,
    0.07934163154827224,
    0.06559946063078112,
    0.050057808170095086
  ],