{
  "best_test_loss": 0.3271445209443643,
  "best_f1_test": 0.8578491965389371,
  "best_acc_test": 0.857849196538937,
  "best_valid_loss": 0.09633288105137575,
  "best_f1_valid": 0.9573590096286108,
  "model_save_name": "model",
  "is_univariate": true,
  "dataset_name": "FordB",
  "network_arch": "Inception",
  "seed": 3,
  "best_train_loss": 0.047311447688892096,
  "batch_size": 64,
  "learning_rate": 0.0007317094330918498,
  "epochs": 500,
  "patience": 30,
  "min_loss_improvement": 0,
  "epoch_model_saved": 21,
  "optimizer": "Adam",
  "criterion": "NLLLoss",
  "optimization_losses": [
    0.11707412606256372,
    0.10794374656234515,
    0.11175857660613,
    0.11701236259412569,
    0.11096642874539964,
    0.10659901348891908,
    0.12199322705091768,
    0.11935920103298092,
    0.09633288105137575,
    0.10358732879325809
  ],
  "best_train_losses": [
    0.2255969109446671,
    0.17108528404157133,
    0.15097533234047922,
    0.14446120798341838,
    0.13595084835771354,
    0.12925960121489294,
    0.12884356706637629,
    0.1205274602078014,
    0.11264643919599106,
    0.1025346741182768,
    0.09938431841717134,
    0.09185908491911554,
    0.09508949971182638,
    0.07956590123238885,
    0.07131403693839641,
    0.0776183170149874,
    0.07466469166039437,
    0.07698512992512901,
    0.06610977103449456,
    0.05171075908075173,
    0.047311447688892096,
    0.03349966101830074,
    0.028184326193929538,
    0.029234419848406086,
    0.02790437970295077,
    0.06501135637437953,
    0.04488840574165486,
    0.033899784289259445,
    0.023221474425275355,
    0.013975906109583386,
    0.02544333481074835,
    0.01723658311164117,
    0.01840696378292047,
    0.03271592363838152,
    0.013975402817483659,
    0.014113483945051263,
    0.007508438100925925,
    0.011907372113103956,
    0.01294125692196385,
    0.013506637142357536,
    0.010546947091240903,
    0.01737706962860147,
    0.0383969916381772,
    0.015388088290575775,
    0.005629282605487141,
    0.00655973611694653,
    0.012009487853675666,
    0.008411949926490404,
    0.008604175477378977,
    0.010874214594635442
  ],
  "best_valid_losses": [
    0.18342147125994487,
    0.13024499690598274,
    0.18242944906141603,
    0.13559340393526845,
    0.17243250220645082,
    0.1791256114410075,
    0.15244922656796495,
    0.13484045955387072,
    0.12573785202621265,
    0.12005083890121937,
    0.2376132661571529,
    0.13012608732039205,
    0.15876227268818485,
    0.2207634369477609,
    0.18728578967930035,
    0.24017445572960655,
    0.20660201129100017,
    0.2736399091339505,
    0.09954309863188243,
    0.1287500044892054,
    0.09633288105137575,
    0.15622184123264873,
    0.19656020632472293,
    0.24576416817664115,
    0.17844944614327757,
    0.11537592716648293,
    0.5565339488988074,
    0.17618381192054514,
    0.10570483651662956,
    0.19134496273331988,
    0.21034871863695745,
    0.13686150779750356,
    0.6572207373142899,
    0.17887391250431947,
    0.11967251620971517,
    0.14719941576704526,
    0.1467521550361851,
    0.17265865325599786,
    0.2116356884350967,
    0.1855165688410668,
    0.19243677905369985,
    0.18703881812062848,
    0.1859297220693822,
    0.17393490024413172,
    0.240277900369492,
    0.24058896249885245,
    0.19911762276738676,
    0.29246118086732237,
    0.18934116579151547,
    0.21730759350436918
  ],
  "data_normalization_method": "standard",
  "normalization_parameters": {
    "mean": -8.025888710833714e-12,
    "std": 0.9989994995286607
  }
}