{
  "best_test_loss": 0.16894087101063826,
  "best_f1_test": 0.9401061410159212,
  "best_acc_test": 0.9401061410159212,
  "best_valid_loss": 0.15388263463974,
  "best_f1_valid": 0.9430555555555555,
  "model_save_name": "model",
  "is_univariate": true,
  "dataset_name": "FordA",
  "network_arch": "ResNet",
  "seed": 0,
  "best_train_loss": 0.09228616091940138,
  "batch_size": 64,
  "learning_rate": 6.48354913578756e-05,
  "epochs": 500,
  "patience": 30,
  "min_loss_improvement": 0,
  "epoch_model_saved": 23,
  "optimizer": "Adam",
  "criterion": "NLLLoss",
  "optimization_losses": [
    0.16309502522150676,
    0.17929082049263848,
    0.15388263463974,
    0.16577901773982578,
    0.16678708924187555,
    0.16384956571790907,
    0.16161184973186918,
    0.1699549800819821,
    0.16269050770335727,
    0.16052221126026578
  ],
  "best_train_losses": [
    0.4668128490447998,
    0.3026167160934872,
    0.25758934054109783,
    0.23673968977398344,
    0.2194736217459043,
    0.20491757806804445,
    0.1928453008333842,
    0.1824484537045161,
    0.17357792374160555,
    0.1660916400452455,
    0.159264092395703,
    0.15236016081439124,
    0.14627002535594835,
    0.13975901934835647,
    0.1333104974693722,
    0.12773401588201522,
    0.12384443407257398,
    0.11943098091416889,
    0.11299646000067393,
    0.1069284674194124,
    0.10127330629362,
    0.09708886651529205,
    0.09228616091940138,
    0.08643948998716143,
    0.07906226213607523,
    0.07304334454238415,
    0.06663682837453154,
    0.06202035985059208,
    0.0562740138421456,
    0.05093994980884923,
    0.04700406094392141,
    0.0437903573943509,
    0.041141568827960225,
    0.03888097670343187,
    0.037462015656961334,
    0.0376259199447102,
    0.05019789578186141,
    0.05061212455232938,
    0.050066378961006804,
    0.04076337735686037,
    0.04045255840238598,
    0.039772522180444664,
    0.0313911955182751,
    0.027246645382708972,
    0.02215036027547386,
    0.02071323623466823,
    0.022149490244272683,
    0.021736556902113888,
    0.01939666358133157,
    0.019667763666560253,
    0.021213852572772238,
    0.01789219807833433
  ],
  "best_valid_losses": [
    0.5970345589849684,
    0.316346894370185,
    0.3493434038427141,
    0.24944258795844185,
    0.2115678972668118,
    0.20191833310657079,
    0.1991593321164449,
    0.1962964865896437,
    0.19476763473616707,
    0.18537667062547472,
    0.17468615704112583,
    0.1698740349875556,
    0.1685454183154636,
    0.1683607326613532,
    0.16927337580256993,
    0.2125911898083157,
    0.26433673368559946,
    0.18697824213239883,
    0.17490122252040438,
    0.15849056839942932,
    0.15849601162804497,
    0.15504394637213814,
    0.15388263463974,
    0.1562899139192369,
    0.19113828539848327,
    0.30458878676096596,
    0.40070012013117473,
    0.3637825475798713,
    0.3146543224652608,
    0.293477115366194,
    0.3026613540119595,
    0.3013318379720052,
    0.26818470888667634,
    0.2734576410717434,
    0.39259525537490847,
    0.3220090376006232,
    0.18755079905192057,
    0.20167868667178684,
    0.22557361291514502,
    0.201330942246649,
    0.213917209704717,
    0.22832206024063958,
    0.19734865228335063,
    0.19964961409568788,
    0.22732803093062506,
    0.32491103013356526,
    0.29004751443862914,
    0.26854948533905876,
    0.3888614945941501,
    0.2954870853159163,
    0.32352141804165313,
    0.44114054838816324
  ],
  "data_normalization_method": "standard",
  "normalization_parameters": {
    "mean": -2.3081128410022225e-11,
    "std": 0.9989994995179163
  }
}