{
  "best_test_loss": 0.021726091304764696,
  "best_f1_test": 0.9952944994320948,
  "best_acc_test": 0.9952944994320948,
  "best_valid_loss": 0.00037423480954832067,
  "best_f1_valid": 1.0,
  "model_save_name": "model",
  "is_univariate": true,
  "dataset_name": "Wafer",
  "network_arch": "LSTM",
  "seed": 9,
  "best_train_loss": 0.004836884725678135,
  "batch_size": 64,
  "learning_rate": 0.0004440718830623822,
  "epochs": 500,
  "patience": 30,
  "min_loss_improvement": 0,
  "epoch_model_saved": 186,
  "optimizer": "Adam",
  "criterion": "NLLLoss",
  "optimization_losses": [
    0.32781387739513645,
    0.29039834287777466,
    0.024390404369214094,
    0.023290823130354063,
    0.327936663111644,
    0.0014657022988085464,
    0.0012742478249845644,
    0.32775543815460967,
    0.012426689626250546,
    0.00037423480954832067
  ],
  "best_train_losses": [
    0.6154724951077225,
    0.37973649661642567,
    0.3323661557639153,
    0.3231165311240911,
    0.3175731624726365,
    0.31803691659804273,
    0.3179236312109725,
    0.317746138251515,
    0.31794915167161997,
    0.31782405115757373,
    0.31791094744713383,
    0.3178539176035047,
    0.31786800943371046,
    0.31783277147395866,
    0.31781540516026335,
    0.31778110563755035,
    0.31774785688945223,
    0.31770608243637516,
    0.3176588205840056,
    0.31760174204084207,
    0.31753176906353847,
    0.31744189235500825,
    0.3173239429044843,
    0.3171831424299039,
    0.31704826343029663,
    0.31629521969267,
    0.3046668149101405,
    0.238859764764781,
    0.20325802124681927,
    0.2103657616783204,
    0.15609052482254823,
    0.23385151888344222,
    0.1445891056069754,
    0.15515428027114772,
    0.16047674645307966,
    0.13648655872446552,
    0.1390869801765994,
    0.12746824337202206,
    0.12825357800064827,
    0.12165712553979759,
    0.12275739303582295,
    0.13327018737344815,
    0.12639119184779046,
    0.12608612179382703,
    0.12225785528433353,
    0.12349390374837364,
    0.126345915229697,
    0.12413757634267472,
    0.12895520922160686,
    0.12290709097881365,
    0.127452295843073,
    0.1682585741867099,
    0.1391601575571194,
    0.13968951593066817,
    0.1315768893275942,
    0.12626964933143223,
    0.12566331340779638,
    0.1237232260088574,
    0.122618955534353,
    0.12137338341701598,
    0.122385551868226,
    0.11954160770378017,
    0.11154407854740482,
    0.10822979258116625,
    0.10797389811441713,
    0.1139111231480326,
    0.09490869709647688,
    0.09547275749214909,
    0.06938363566882629,
    0.06567488011336864,
    0.061054331841026634,
    0.05578567950349105,
    0.042677250137566625,
    0.0840522839610738,
    0.04948047166666889,
    0.05986743080511428,
    0.08517031976603028,
    0.09525814254705171,
    0.07571858025732495,
    0.07815293826741682,
    0.06811311293888211,
    0.05299970783984153,
    0.041952855763653464,
    0.04193466110038279,
    0.03734998803651124,
    0.027808331609015028,
    0.03911232649533073,
    0.029715783287185178,
    0.024516739091254715,
    0.018874247817504675,
    0.024767416620388963,
    0.01767042311221212,
    0.02047938055459195,
    0.024179934624367787,
    0.028083364542557353,
    0.030755272866308428,
    0.02334115140018681,
    0.017970289633536998,
    0.02499080069344444,
    0.012524814790763651,
    0.019356829051236462,
    0.03232398135750963,
    0.0330915723251585,
    0.013736308002926148,
    0.019644660693138166,
    0.024373422635901244,
    0.022741576415115504,
    0.03953477020438453,
    0.08525605030115087,
    0.04472264769326027,
    0.14737648457139357,
    0.20976500581006957,
    0.08417691223155287,
    0.08543308065237856,
    0.04587992241974911,
    0.041733309309136,
    0.04414554563512031,
    0.029046430471901755,
    0.03096320541787958,
    0.029047698146642598,
    0.02246140602119454,
    0.031052460693252414,
    0.028612471456385048,
    0.023333245426775853,
    0.024711579665597668,
    0.03282819657567842,
    0.022493136748216375,
    0.02017268982107861,
    0.02464445629480988,
    0.02469677331490923,
    0.009333887650983823,
    0.031597942709374265,
    0.015724476300212637,
    0.0267304584070606,
    0.007931259274599435,
    0.006247824511051944,
    0.006878600442836897,
    0.004571390125105732,
    0.005052623197490018,
    0.00653612320298238,
    0.005270441975288459,
    0.010005864602272027,
    0.018702299567158298,
    0.05266515556652855,
    0.02383333724925766,
    0.04334081914468451,
    0.07090539850509331,
    0.020749726675842937,
    0.05368899033267172,
    0.0272298868212214,
    0.011524476354561261,
    0.015499392790453774,
    0.009617445419599678,
    0.006669407743986295,
    0.008994378813426886,
    0.04526990306689719,
    0.014819655175855323,
    0.02894603691027642,
    0.01731061292704274,
    0.014439538119764611,
    0.015535977606184286,
    0.011126988441368243,
    0.008165100927845129,
    0.009489445269771883,
    0.009015133124449405,
    0.013909271257310373,
    0.012296148289326476,
    0.02150667776230531,
    0.00399382819785132,
    0.014697477780588853,
    0.004277240503553119,
    0.012701954644971076,
    0.007625147783427084,
    0.013466705420682672,
    0.004746587001683568,
    0.017688342045501276,
    0.0048389170404329876,
    0.01764737985232252,
    0.00968795662629418,
    0.013308421944209402,
    0.016326571299271706,
    0.00594676084115338,
    0.0046228171196893994,
    0.007338952554868625,
    0.022281645372816895,
    0.004836884725678135,
    0.014366069331853873,
    0.011345458495712788,
    0.017355117217589748,
    0.021337500193481913,
    0.024714505622219725,
    0.021505399398362136,
    0.013579485194237068,
    0.01035898412616613,
    0.014001169303819574,
    0.006407788095419251,
    0.00425424427997594,
    0.0019340179737320025,
    0.002086854988988022,
    0.0015739799514506245,
    0.0010641544631242934,
    0.0019570398237789633,
    0.0012544586272069363,
    0.0028779082999414157,
    0.003076493482450887,
    0.0015513450993043499,
    0.003208023545390315,
    0.0007329561750455305,
    0.0009373373743762288,
    0.0006612152578611158,
    0.006967911493986668,
    0.01075062689680389,
    0.010505252339562662,
    0.006839356697764059,
    0.0037238008436340756
  ],