{
  "best_test_loss": 0.021354139850768776,
  "best_f1_test": 0.9943209475904592,
  "best_acc_test": 0.9943209475904592,
  "best_valid_loss": 0.004867064239549484,
  "best_f1_valid": 1.0,
  "model_save_name": "model",
  "is_univariate": true,
  "dataset_name": "Wafer",
  "network_arch": "LSTM",
  "seed": 23,
  "best_train_loss": 0.001920540436033281,
  "batch_size": 64,
  "learning_rate": 0.0008632714262860676,
  "epochs": 500,
  "patience": 30,
  "min_loss_improvement": 0,
  "epoch_model_saved": 165,
  "optimizer": "Adam",
  "criterion": "NLLLoss",
  "optimization_losses": [
    0.32393086405091026,
    0.3177526444567377,
    0.15222438973425634,
    0.3228642227711962,
    0.3234196838677226,
    0.3233124973317284,
    0.12816814025539663,
    0.3233236233838162,
    0.32329944936345467,
    0.004867064239549484
  ],
  "best_train_losses": [
    0.5618249092783246,
    0.3387079019295542,
    0.32141697675661934,
    0.3193967868212172,
    0.3188859672474682,
    0.31906955149538235,
    0.3188795979160414,
    0.31901324855952634,
    0.3189438167670018,
    0.3189709993233358,
    0.3189329020959094,
    0.31891773891329467,
    0.3188847439330921,
    0.31885533807869243,
    0.31882086179608987,
    0.3187854796423948,
    0.31874764981425197,
    0.3187074707564256,
    0.3186641806050351,
    0.31861631643204463,
    0.3185615334893229,
    0.3184948360412043,
    0.31840504620009497,
    0.31826147862843107,
    0.3179788325065957,
    0.3174930297043688,
    0.31709777800959155,
    0.32156816774741154,
    0.318020268639825,
    0.31524852343967985,
    0.3281065504951286,
    0.2831051239094937,
    0.25351207649199886,
    0.1960787362323369,
    0.7819648704731972,
    0.44581004252708645,
    0.32013540608542307,
    0.31700939716850607,
    0.31308816026027936,
    0.31177103892902386,
    0.3104450760927415,
    0.3081242303202923,
    0.30418898139083594,
    0.2842728786898735,
    0.23194029150451334,
    0.1791719553016481,
    0.16993998368282365,
    0.13764240493750513,
    0.12704526041085856,
    0.13718354978358238,
    0.11527818000705022,
    0.13912343553134374,
    0.11562280129071764,
    0.12116922344779012,
    0.10879784180108168,
    0.11078128465136192,
    0.1095546023140575,
    0.10657069475429698,
    0.11848695594864082,
    0.09877605560728184,
    0.10090712239419607,
    0.10956349565570515,
    0.10360841946046155,
    0.07348006978668366,
    0.07546245327270718,
    0.05675071972728074,
    0.06000405727397828,
    0.07112370310047814,
    0.06817747208110073,
    0.044332866661978845,
    0.08654621783130449,
    0.052201932496893075,
    0.05283464796673086,
    0.05293697224262364,
    0.05901019148211133,
    0.058068760168881045,
    0.03925322412622901,
    0.012891709183653196,
    0.053548312015401986,
    0.24355393775124898,
    0.16948003861539646,
    0.13552053664859973,
    0.10761924935761549,
    0.08848543080470915,
    0.06137442084631525,
    0.05495616110195791,
    0.042895291476769556,
    0.03246469129072992,
    0.0392800868584548,
    0.05668455425808603,
    0.034711357318144995,
    0.05706970208793655,
    0.05332420297657935,
    0.036360234283564385,
    0.03877059939809909,
    0.029079792208801535,
    0.022874599584100538,
    0.015465676285009038,
    0.015328231332987025,
    0.014062673661082908,
    0.01355126713003431,
    0.010506199728837587,
    0.016398471894494275,
    0.02074342903524712,
    0.008901522319791908,
    0.00953019722446538,
    0.006273307074865042,
    0.006409958112321999,
    0.013101045819545598,
    0.01701709203524772,
    0.010299845695504942,
    0.016659156979530826,
    0.007822296565239853,
    0.014209357533781301,
    0.011603007818990034,
    0.007907467785718521,
    0.015416808860530531,
    0.01216417643764432,
    0.0026662333151862435,
    0.009511794008543356,
    0.0076525872243558965,
    0.0160439227921258,
    0.008127473108003611,
    0.01404890103643774,
    0.02971155402416312,
    0.009831638286651153,
    0.01483364882447143,
    0.013424255174437636,
    0.018583401958259724,
    0.017992337656797922,
    0.01282078255362398,
    0.022040466042142128,
    0.01494616327952024,
    0.004227871306352597,
    0.007543678441549416,
    0.004664537620866078,
    0.004594190505433613,
    0.008241847832628846,
    0.01799142153765586,
    0.0023883389009111433,
    0.0025947858933371057,
    0.007134263794390685,
    0.00186499244974632,
    0.0030778559385203665,
    0.0033971849230251144,
    0.011052019684779736,
    0.014403051584678934,
    0.0012629506976768504,
    0.003937578092668822,
    0.024930864485432358,
    0.028615366947606094,
    0.0222588080263937,
    0.008437588767739092,
    0.01115758989221022,
    0.006666217043641068,
    0.006656839824480035,
    0.013246715555193935,
    0.007548638038281211,
    0.018852402166087637,
    0.009126644919131576,
    0.02446266857412338,
    0.022891048761551503,
    0.005540262417573678,
    0.005385896692841423,
    0.001920540436033281,
    0.0013561413280857274,
    0.009208035232256492,
    0.005012796765758206,
    0.01049207373248544,
    0.015027534808639092,
    0.014737521503634173,
    0.009397379305321061,
    0.008420856570344148,
    0.007903065682706285,
    0.005524953317543711,
    0.009610545846288161,
    0.01372670597790094,
    0.005266614172801394,
    0.004508538905153037,
    0.0073705993383833416,
    0.0019059954817992704,
    0.0023740704170192467,
    0.001314755690804587,
    0.0008446594058620022,
    0.009378602689880187,
    0.024332813757242996,
    0.021737102439561694,
    0.0033566764608973215,
    0.015379796724563423,
    0.002591775083403222,
    0.007743542347241072,
    0.017823170657697972,
    0.0025778186687251976,
    0.18413472453361018
  ],