{
  "best_test_loss": 0.16165140101234685,
  "best_f1_test": 0.9531568228105907,
  "best_acc_test": 0.9531568228105907,
  "best_valid_loss": 0.14615750471328168,
  "best_f1_valid": 0.9654255319148937,
  "model_save_name": "model",
  "is_univariate": true,
  "dataset_name": "NonInvasiveFetalECGThorax1",
  "network_arch": "Inception",
  "seed": 24,
  "best_train_loss": 0.029111552795687154,
  "batch_size": 64,
  "learning_rate": 9.023032601953503e-05,
  "epochs": 500,
  "patience": 30,
  "min_loss_improvement": 0,
  "epoch_model_saved": 283,
  "optimizer": "Adam",
  "criterion": "NLLLoss",
  "optimization_losses": [
    0.6002064030221168,
    0.4197847697329014,
    0.20567812073103925,
    0.25736097389079154,
    0.14615750471328168,
    0.33905365238798424,
    0.24336832666650732,
    0.17762840570921593,
    0.19378559624261044,
    0.3684595119445882
  ],
  "best_train_losses": [
    3.695831740648078,
    3.547756155694947,
    3.3866607021967123,
    3.2491445589970303,
    3.1159716145052343,
    2.9879929540195853,
    2.866291210673179,
    2.7439466881567713,
    2.6279739556141664,
    2.5209443771914537,
    2.4205383508873926,
    2.32285695065936,
    2.234043686639567,
    2.1507300043809776,
    2.071002499955017,
    1.996254860810302,
    1.9281819185905698,
    1.8664606529813539,
    1.8108490592396267,
    1.753783670681426,
    1.7014682757041861,
    1.6555083479918147,
    1.6052062941200702,
    1.5536365473848452,
    1.511860223865308,
    1.4749666631682523,
    1.4303677452339392,
    1.3945787565354637,
    1.3649392627279104,
    1.3283264727468485,
    1.2953012621243571,
    1.2574637329084137,
    1.2218570834888343,
    1.1913478794185024,
    1.1653922022184853,
    1.1416896413265611,
    1.1160894086138096,
    1.0860478163016822,
    1.056476345593378,
    1.033907229935545,
    1.0146597082231217,
    0.9978834724057667,
    0.9819474993083818,
    0.9619721640438071,
    0.9426665410807832,
    0.9221597953070576,
    0.902628160452893,
    0.8851993066361482,
    0.8698557732143791,
    0.8628584672595444,
    0.8629650308142559,
    0.8384145599222484,
    0.8157689957156286,
    0.8062103074868632,
    0.7977090717534825,
    0.7784622227400018,
    0.7573667733248739,
    0.7492731726680603,
    0.7411065197125004,
    0.7272038317782227,
    0.7077100089295013,
    0.6957830113587209,
    0.6875859158858395,
    0.6750778164649127,
    0.6598818796207095,
    0.6503285893192613,
    0.6431753019254474,
    0.6343578516138496,
    0.6231243873220552,
    0.6086832379800537,
    0.5981460855573478,
    0.5890376913405101,
    0.5805561512143195,
    0.5714328006087938,
    0.5636363667203604,
    0.556581327216523,
    0.5403330884219388,
    0.524951705883191,
    0.5134997534358158,
    0.5025984122773249,
    0.4922980811088251,
    0.4847303968831342,
    0.47854879245067766,
    0.4725695648456407,
    0.4685894058400782,
    0.46643019805303026,
    0.4620787620083681,
    0.45196271066253485,
    0.4410993998643804,
    0.43104891375345994,
    0.4216345555959917,
    0.4145850078664191,
    0.40838007593314074,
    0.40368919744721116,
    0.4022825177253675,
    0.4018264173079107,
    0.396973671371972,
    0.3866961049367572,
    0.37649485974645247,
    0.3681638182801255,
    0.3620344534652466,
    0.35903294017971693,
    0.35471884771207646,
    0.3473579297058195,
    0.3406359606428374,
    0.33426087909363056,
    0.328817609166144,
    0.325529609359827,
    0.3221502273395207,
    0.3164342502871619,
    0.30898482226311785,
    0.3018726596238323,
    0.29473590079069306,
    0.2882660916906298,
    0.28231214193165177,
    0.2767563219629202,
    0.27226427723133306,
    0.26819689246189066,
    0.2640806132023048,
    0.2602233914154479,
    0.25687354059598017,
    0.25540555409369803,
    0.25761167038014804,
    0.2557373176409339,
    0.25143130608452763,
    0.24649911273849404,
    0.24479103116652368,
    0.24626146090424406,
    0.24638200528757387,
    0.23810034679302597,
    0.23366308291864832,
    0.22923416652188533,
    0.22626859432404425,
    0.22409680103510093,
    0.22136514887831535,
    0.217387567784111,
    0.2149625083540245,
    0.21311359280276618,
    0.21028488181735627,
    0.20769663925792495,
    0.20787288451165442,
    0.20831228136618374,
    0.21294052409334074,
    0.2094420382801446,
    0.19854700495178065,
    0.19266069193520516,
    0.190995603888829,
    0.1878097070903319,
    0.18633482285833491,
    0.18435786894862283,
    0.18216834386427136,
    0.1765164246734229,
    0.17094528570886405,
    0.16850846826778862,
    0.16582203406162524,
    0.16314770118480657,
    0.16139368990924438,
    0.15864108065149773,
    0.1559712787329606,
    0.15361940719380984,
    0.15114859045494297,
    0.14992127461765992,
    0.14908267478036444,
    0.14884492252296908,
    0.14827838731708445,
    0.14801806946581547,
    0.14787903838042885,
    0.14556844500551236,
    0.13935203957865544,
    0.13176762887020807,
    0.1276426970021497,
    0.12638412676201852,
    0.1253805940320227,
    0.12413124421000146,
    0.12253526647955451,
    0.1205994734410995,
    0.11934570884901458,
    0.11897296696712832,
    0.11899907657390987,
    0.12052187927522796,
    0.1189475996643619,
    0.11640950093911051,
    0.11424991830094382,
    0.11153711666283017,
    0.10912636824302999,
    0.1088017175184826,
    0.10924567925682892,
    0.10769610047518412,
    0.10405198723674658,
    0.10088059900672773,
    0.09972491637081725,
    0.09945026449257022,
    0.09963163841602171,
    0.09884937330871003,
    0.09858839656537215,
    0.09653417949086332,
    0.09413661072927298,
    0.09115181344699373,
    0.08808286612407054,
    0.08784230091646367,
    0.08739738731539677,
    0.08559681805281344,
    0.08417602980578776,
    0.08395556409699935,
    0.08467504438680407,
    0.08623847727698503,
    0.0862918654175309,
    0.08349639339894789,
    0.08022012449774789,
    0.07797952395296398,
    0.07692128784551389,
    0.07777358902041039,
    0.0782092392853005,
    0.07675571405889699,
    0.07576437068819078,
    0.07670378819820081,
    0.07518400597953495,
    0.07461217119609145,
    0.0780223744881463,
    0.07810631456692622,
    0.07520017462166698,
    0.07642361350509372,
    0.07628408808965374,
    0.07111134699749344,
    0.0683967409287635,
    0.06582556524885345,
    0.06421403413296835,
    0.06273442788215816,
    0.06249634821153784,
    0.06449615617380206,
    0.06405944452318019,
    0.060424577779884664,
    0.05754744090684392,
    0.05603557129901685,
    0.05581141011534194,
    0.05628700583429715,
    0.05725914198389501,
    0.0561995858605362,
    0.05343143717606388,
    0.05354602725879248,
    0.05163375068212469,
    0.050194400350235334,
    0.05085543341128364,
    0.051646129779899866,
    0.05343877376225409,
    0.05357376971554982,
    0.052779613016925894,
    0.052402322953508,
    0.05167897785827256,
    0.048990507015221486,
    0.04734097845663885,
    0.04613226823618692,
    0.0454315751468997,
    0.045733961427894515,
    0.044732087615743876,
    0.04291018361300335,
    0.04317356399977115,
    0.04302217936351403,
    0.042968701230897424,
    0.04404064829547013,
    0.0430441953396282,
    0.04138567973941418,
    0.03992230680496946,
    0.039149635097696506,
    0.03923411365501577,
    0.039623495437419505,
    0.04011806625629385,
    0.04083297906662072,
    0.04066918631302205,
    0.04062975125383384,
    0.04032427626148191,
    0.042303363056310196,
    0.04790874361829572,
    0.05010222629346189,
    0.038360929157184365,
    0.0345724464413132,
    0.032785647051331655,
    0.03282297504260791,
    0.032524951659692734,
    0.03307444346742737,
    0.03345202809711493,
    0.030500882133077084,
    0.029111552795687154,
    0.02851470191560513,
    0.02857628877085548,
    0.028808934866690922,
    0.02833261918433623,
    0.02786264839848518,
    0.026623694919892707,
