{
  "best_test_loss": 0.1235834618802998,
  "best_f1_test": 0.9575435936315391,
  "best_acc_test": 0.9575435936315391,
  "best_valid_loss": 0.1404425397515297,
  "best_f1_valid": 0.9458333333333333,
  "model_save_name": "model",
  "is_univariate": true,
  "dataset_name": "FordA",
  "network_arch": "Inception",
  "seed": 4,
  "best_train_loss": 0.08598320881525676,
  "batch_size": 64,
  "learning_rate": 0.00024161106787859183,
  "epochs": 500,
  "patience": 30,
  "min_loss_improvement": 0,
  "epoch_model_saved": 11,
  "optimizer": "Adam",
  "criterion": "NLLLoss",
  "optimization_losses": [
    0.15718081775638792,
    0.14153903391626146,
    0.1457877920733558,
    0.1404425397515297,
    0.15433243231640922,
    0.14398158606555728,
    0.14742977966864904,
    0.14812199539608426,
    0.14783180753389993,
    0.14508866899543338
  ],
  "best_train_losses": [
    0.2535285116897689,
    0.1736432863606347,
    0.15423600061072243,
    0.14210239822665852,
    0.12924683342377344,
    0.12465805949436294,
    0.11716711694995562,
    0.11148701442612542,
    0.10387448138660854,
    0.09551723959545294,
    0.08598320881525676,
    0.08230650516019927,
    0.078724362121688,
    0.07037602814121378,
    0.0649308438723286,
    0.06308919499731726,
    0.05684641432017088,
    0.0535560317337513,
    0.05164326162387927,
    0.04952524805234538,
    0.04683664830194579,
    0.052025279733869764,
    0.04220126536157396,
    0.03915277479423417,
    0.03522945915659269,
    0.04124902929696772,
    0.031436282479100755,
    0.029959438585986695,
    0.01743763242330816,
    0.017828472282013133,
    0.018324222749409577,
    0.013824225672417216,
    0.011063391743745241,
    0.008106175704031354,
    0.007379299031001412,
    0.004947417958950003,
    0.01126428401718537,
    0.004729261389002204,
    0.0027506056597404595,
    0.0019327211956907478
  ],
  "best_valid_losses": [
    0.30236826803949146,
    0.2163726203971439,
    0.16036181979709202,
    0.1624700989988115,
    0.16173307398955028,
    0.17603751089837816,
    0.2527665260765288,
    0.21459400157133737,
    0.2204289545615514,
    0.15874907308154637,
    0.1404425397515297,
    0.30374140871895683,
    0.17708837721082898,
    0.24124080373181236,
    0.2295542612671852,
    0.15382229023509555,
    0.19348289751344258,
    0.1606188926431868,
    0.19761098325252532,
    0.5718818028767904,
    0.18834789308408897,
    0.17703751805755827,
    0.2756228301260206,
    0.18911681009663475,
    0.21420543558067745,
    0.22051744527286954,
    0.34807918071746824,
    0.2227136770884196,
    0.22525577280256484,
    0.2096459445026186,
    0.1826902919345432,
    0.19547933671209547,
    0.21151902311378054,
    0.2212615779704518,
    0.22968409028318193,
    0.3025753034485711,
    0.2067966883381208,
    0.22651976048946382,
    0.21838212522367637,
    0.22847983034120667
  ],
  "data_normalization_method": "standard",
  "normalization_parameters": {
    "mean": -2.3081128410022225e-11,
    "std": 0.9989994995179163
  }
}