{
  "best_test_loss": 0.04190935334039787,
  "best_f1_test": 0.9954567580723673,
  "best_acc_test": 0.9954567580723673,
  "best_valid_loss": 1.0966576026666148e-05,
  "best_f1_valid": 1.0,
  "model_save_name": "model",
  "is_univariate": true,
  "dataset_name": "Wafer",
  "network_arch": "MLP",
  "seed": 5,
  "best_train_loss": 0.002289883043250258,
  "batch_size": 64,
  "learning_rate": 0.0008518707256363116,
  "epochs": 500,
  "patience": 30,
  "min_loss_improvement": 0,
  "epoch_model_saved": 87,
  "optimizer": "Adam",
  "criterion": "NLLLoss",
  "optimization_losses": [
    0.004405585744311635,
    1.0966576026666148e-05,
    0.001524375861079724,
    9.182962427229681e-05,
    0.0005678748924792536,
    0.0036238740900281204,
    0.005581096363768204,
    0.0004824357224131392,
    0.002024794082256933,
    0.000820106095506981
  ],
  "best_train_losses": [
    0.3682909061137895,
    0.1758380050497844,
    0.12701674455538728,
    0.09644649108699091,
    0.06370730246218823,
    0.04161585714285236,
    0.0343350516562175,
    0.02747975534906513,
    0.015672921293524832,
    0.007976758307812358,
    0.015052207055872768,
    0.0073655937074153756,
    0.011286380159246144,
    0.009695950351109294,
    0.008916784740341384,
    0.00924727694017061,
    0.002580291944915396,
    0.011295969479537586,
    0.014025174955206336,
    0.006195433406386277,
    0.011732437302426138,
    0.00510870371447009,
    0.004922175389407599,
    0.001591292386661566,
    0.01133183161028571,
    0.006612244361771135,
    0.0014380365160070966,
    0.005612160445203804,
    0.003229112602653038,
    0.000642355662503383,
    0.0013131739363878999,
    0.008994517345325718,
    0.001712359409233121,
    0.01575949711417009,
    0.004065467878984448,
    0.002281680226350862,
    0.00045216131387459333,
    0.000658446113024033,
    0.0005048412446254739,
    0.0002583699223165573,
    0.00487855320740497,
    0.001644248740542896,
    0.007874648594110738,
    0.00020991983868848103,
    0.0002908081442730695,
    0.0011693464089091634,
    0.00017276667873867475,
    0.00011288216174171682,
    0.0001583433525304104,
    0.0024537234376271443,
    0.0011240367706600147,
    0.00013523975717715504,
    0.001997564828378218,
    0.003534748548906434,
    0.011174674537210822,
    0.014373482273561907,
    0.0031461501417643354,
    0.0037656265872158343,
    0.00832334717132856,
    0.003056041263644922,
    0.0005030437802011228,
    0.002166196789107003,
    0.0003301483596449562,
    6.76024936725745e-05,
    0.0010291197848934295,
    0.0003759607227818508,
    0.0001157253258620893,
    0.0022607867987725805,
    0.00084268448255213,
    0.0013454624362598303,
    0.0004125643224090123,
    0.0007506857742409556,
    9.217122660492918e-05,
    0.003215592568616065,
    0.0012468127353490114,
    0.005305395533744793,
    0.004151872462097387,
    0.0002891255333401989,
    0.007939375555471364,
    0.0009566560950367505,
    0.00018684694161702806,
    0.000279256699642226,
    0.0009350801993242843,
    3.9407335834698474e-05,
    0.0002443818460491192,
    2.860017909021318e-05,
    0.002289883043250258,
    0.0028075467580447253,
    0.00040339069191998675,
    0.007385874755958579,
    0.016215318249413014,
    0.0013224634091777699,
    0.00036532575565677387,
    0.0024795462064431425,
    0.000105397233126856,
    0.0002362980781037919,
    0.0002276969550477684,
    0.00012226428130123255,
    0.0002886707608790527,
    9.46921980284787e-05,
    6.0512044850175405e-05,
    0.00012970386799914327,
    3.69047235327437e-05,
    0.0015127909659382649,
    5.541490345524637e-05,
    0.005099170395660713,
    0.00012000305875168616,
    0.000683494953032973,
    8.87321554105974e-05,
    0.00046030456584153663,
    0.0009441785231260233,
    0.00020934893910790997,
    0.0001615472905687421,
    0.007169995606747584,
    0.006701934690428793,
    0.0006300277941898772
  ],
  "best_valid_losses": [
    0.20974406570344423,
    0.14448402540304175,
    0.10393302528122764,
    0.08021211505529299,
    0.05670859401498861,
    0.034609508084420544,
    0.024526308276760046,
    0.018061595621393686,
    0.017168357880294915,
    0.011536398916435776,
    0.009317520981543322,
    0.006810111535217298,
    0.004699202794210976,
    0.010358827759683206,
    0.024076963069417805,
    0.006129816299610173,
    0.0025003335412026417,
    0.010511845366482562,
    0.0045863385019772945,
    0.0070557575481735284,
    0.013245222706634977,
    0.002986469180369518,
    0.006803420981605403,
    0.02345883315376965,
    0.00924569619842689,
    0.019930347222232477,
    0.02857077967164695,
    0.018259089733462373,
    0.00899288940416598,
    0.009512675948641136,
    0.0004871495483128646,
    0.017864084308526818,
    0.041635762225368536,
    0.02448412369285416,
    0.0034848699436392126,
    0.003224432917351751,
    0.010494955165389305,
    0.007702166562202324,
    0.0010547740199598507,
    0.0025930515812569188,
    0.016509586668599238,
    0.0076257713566727815,
    0.0013779213641553281,
    0.0006801568939155361,
    0.00039454458963527895,
    0.0002571701353819246,
    0.0024393614146096688,
    0.0019892847893748893,
    0.000811783627863976,
    0.02066848556651664,
    0.011046600711752171,
    0.00016520059806458647,
    0.007096796222256997,
    0.025076604480982586,
    0.011870443640067995,
    0.0007113610883779124,
    0.030765476997128564,
    0.0017651269213704505,
    0.011967375687661173,
    0.0026020257360842287,
    0.0013100849559014565,
    0.0012349373786519073,
    0.0004903669398470866,
    0.000592292645479796,
    0.0072324573234232165,
    0.022185300307692113,
    0.022593563371511343,
    4.977939095995644e-05,
    3.8456438432063325e-05,
    6.991710491622225e-05,
    0.0115210519784952,
    0.003933968878440491,
    0.00045904235106881155,
    0.00689215825174295,
    0.029819789998739667,
    4.729901891537406e-05,
    0.007063700926574254,
    0.027436222589750824,
    2.1340307194348053e-05,
    0.0001104452643160209,
    3.079021926123686e-05,
    1.7183744091936156e-05,
    0.00043819676269849514,
    0.00509380178516777,
    0.004787851211263633,
    0.003237566625564307,
    1.0966576026666148e-05,
    1.2494921626890049e-05,
    0.016695724720555527,
    1.5404696320154616e-05,
    7.42065220228101e-05,
    0.00011330366927455969,
    0.00033470903915045863,
    0.015101656453492552,
    0.02310584150876622,
    0.018949294508736295,
    0.012333301357478317,
    0.009874595615579367,
    0.010493355148088511,
    0.013400158715540868,
    0.014297759912949742,
    0.012141038434144243,
    0.011278512714300663,
    0.000609424091547212,
    6.864842682366023e-05,
    0.0012125439771870925,
    0.029767321511527955,
    0.01729303351285623,
    0.00531186268115978,
    0.0008387054785523662,
    0.0001804743411922523,
    0.0016284063642287314,
    0.0016267184324642043,
    8.882300255607162e-05,
    0.00023480301903344218,
    0.0016056221987793236
  ],
  "data_normalization_method": "standard",
  "normalization_parameters": {
    "mean": -1.064256083058393e-10,
    "std": 0.9967050981389439
  }
}