{
  "best_test_loss": 0.41482370856076445,
  "best_f1_test": 0.8207663782447466,
  "best_acc_test": 0.8207663782447466,
  "best_valid_loss": 0.1631702586824005,
  "best_f1_valid": 0.936726272352132,
  "model_save_name": "model",
  "is_univariate": true,
  "dataset_name": "FordB",
  "network_arch": "ResNet",
  "seed": 20,
  "best_train_loss": 0.12542044990369344,
  "batch_size": 64,
  "learning_rate": 0.00014174300045542276,
  "epochs": 500,
  "patience": 30,
  "min_loss_improvement": 0,
  "epoch_model_saved": 16,
  "optimizer": "Adam",
  "criterion": "NLLLoss",
  "optimization_losses": [
    0.17299007515498582,
    0.17212221492722404,
    0.17474476221380075,
    0.17731332478396583,
    0.17743038817051351,
    0.16716658673985788,
    0.16875103582337272,
    0.16951027777983693,
    0.1631702586824005,
    0.16917528856181868
  ],
  "best_train_losses": [
    0.3526033883327631,
    0.23581017514862418,
    0.21514699723894362,
    0.20346422516004256,
    0.19569092980769182,
    0.18900387366257473,
    0.18452671940913717,
    0.17997333259825202,
    0.1728774212003574,
    0.1654595914905304,
    0.15736818578007133,
    0.15202379581278916,
    0.1458450468690064,
    0.14109164962168408,
    0.13347664217181515,
    0.12542044990369344,
    0.11668882189008524,
    0.11127778208280364,
    0.10516695133019674,
    0.1016282659674773,
    0.09390553773638306,
    0.08653724617343986,
    0.0807185514101136,
    0.07682488570207578,
    0.07582813569509836,
    0.07364385473084581,
    0.06969531250930554,
    0.06615709946932787,
    0.05815464344536668,
    0.05312189191036654,
    0.05434038891025308,
    0.05068393798219616,
    0.04374641161975662,
    0.04080699033205086,
    0.04447361045969238,
    0.03467621486710879,
    0.03000834774087597,
    0.02746116717511268,
    0.030175772591646468,
    0.02552350721817766,
    0.025763447422078173,
    0.020301602819250406,
    0.02736474836995874,
    0.025013096927776625,
    0.017268220843437244
  ],
  "best_valid_losses": [
    0.2648545936098453,
    0.21766410726013669,
    0.21549066821269516,
    0.2334074836526645,
    0.20546696984825305,
    0.19494850290977644,
    0.19225431679449514,
    0.19648908904690854,
    0.17656506736349042,
    0.17744725506030218,
    0.17396863421842845,
    0.17286459005538996,
    0.18373183235321117,
    0.17254541055433853,
    0.1726780820335614,
    0.1631702586824005,
    0.2501825171290926,
    0.36066811807463883,
    0.4630414539796942,
    0.34620377210262226,
    0.25704550239907004,
    0.1856425685713265,
    0.16846053000472927,
    0.17120891145367734,
    0.1640296342284348,
    0.20048412811805327,
    0.20174986867559497,
    0.21768122388272862,
    0.17888148879424823,
    0.3082314717187514,
    0.8138805511401149,
    0.6279747713218857,
    0.23778429159579448,
    0.6670274438523525,
    0.6195783822129812,
    0.48286245033616376,
    0.8038576205954099,
    0.8822514175384868,
    0.34871545440147145,
    0.5339164023468222,
    0.24891455713633903,
    1.042879350575653,
    1.0851497471414537,
    1.8797413783027512,
    0.4460041768736164
  ],
  "data_normalization_method": "standard",
  "normalization_parameters": {
    "mean": -8.025888710833714e-12,
    "std": 0.9989994995286607
  }
}