{
  "best_test_loss": 0.3474239572164302,
  "best_f1_test": 0.8417799752781211,
  "best_acc_test": 0.8417799752781211,
  "best_valid_loss": 0.09064713985424751,
  "best_f1_valid": 0.9601100412654745,
  "model_save_name": "model",
  "is_univariate": true,
  "dataset_name": "FordB",
  "network_arch": "Inception",
  "seed": 29,
  "best_train_loss": 0.042609405351554185,
  "batch_size": 64,
  "learning_rate": 0.00015005384860673795,
  "epochs": 500,
  "patience": 30,
  "min_loss_improvement": 0,
  "epoch_model_saved": 19,
  "optimizer": "Adam",
  "criterion": "NLLLoss",
  "optimization_losses": [
    0.09928933526946557,
    0.09790662782679234,
    0.09064713985424751,
    0.09351010211683206,
    0.09552478880469048,
    0.09817620737803523,
    0.10336719419515117,
    0.09692188596258138,
    0.10152365443549097,
    0.10430832565896613
  ],
  "best_train_losses": [
    0.2965388724162785,
    0.17429459209783205,
    0.1548856617024545,
    0.1418869033906778,
    0.13344496539813125,
    0.1264745519897469,
    0.12190353827348602,
    0.11552069014376426,
    0.10792602812858526,
    0.09737783727816407,
    0.08936481882383768,
    0.08185711589115358,
    0.07347044705873179,
    0.069410617864259,
    0.06504118786368934,
    0.05215709681841743,
    0.05056362036625858,
    0.04703018844429983,
    0.042609405351554185,
    0.03644421939293571,
    0.027367149023633793,
    0.018849711082786054,
    0.017657004181164965,
    0.01531628165374852,
    0.010952777585701344,
    0.00954861921371003,
    0.009366820893103726,
    0.008055823237796607,
    0.022468485696525653,
    0.024868043252309218,
    0.014345876129290943,
    0.008458185187564008,
    0.010533889724541215,
    0.0066938916994053795,
    0.011986237821957683,
    0.010780737479001174,
    0.005733672710887555,
    0.004372601226595726,
    0.0055596653549874935,
    0.006226916892256747,
    0.001516299563765262,
    0.0008756981128868372,
    0.0005874722724083229,
    0.00041007417774335846,
    0.0003630474063745883,
    0.00033380407708505827,
    0.0003097005605066235,
    0.00028935479812836144
  ],
  "best_valid_losses": [
    0.29529178638569753,
    0.14718156712747177,
    0.1360000696806993,
    0.11539648354381446,
    0.1359314995944664,
    0.1270580784183257,
    0.12108850289530734,
    0.10641405189299682,
    0.10604103421984545,
    0.10701549133898222,
    0.11302240062735595,
    0.10198165632610144,
    0.10715192336809438,
    0.10790521438339881,
    0.12517244122830185,
    0.18089847758596833,
    0.1408793310720622,
    0.19501546396267955,
    0.09064713985424751,
    0.1029840817897897,
    0.14866460099344897,
    0.31150352864678654,
    1.1612302909363086,
    0.24466790048792406,
    0.15366544967012524,
    0.23702568056489734,
    0.20156643505847438,
    0.15829147288301623,
    0.2299380022648112,
    0.15139785888598414,
    0.11033386731984035,
    0.23574213776865557,
    0.12942169084017674,
    0.2701153469462834,
    0.14193331326218386,
    0.1411735554734319,
    0.3224658248010905,
    0.1777600534311515,
    0.2749569284328691,
    0.16890370690019127,
    0.15646000827523013,
    0.13912388887333246,
    0.13319071082006295,
    0.13363323433445112,
    0.13252908548921796,
    0.13220189112088704,
    0.13192545652307539,
    0.13174276287568812
  ],
  "data_normalization_method": "standard",
  "normalization_parameters": {
    "mean": -8.025888710833714e-12,
    "std": 0.9989994995286607
  }
}