{
  "best_test_loss": 0.3531567173765293,
  "best_f1_test": 0.8905295315682281,
  "best_acc_test": 0.8905295315682281,
  "best_valid_loss": 0.32337780582143905,
  "best_f1_valid": 0.8856382978723404,
  "model_save_name": "model",
  "is_univariate": true,
  "dataset_name": "NonInvasiveFetalECGThorax1",
  "network_arch": "ViT",
  "seed": 17,
  "best_train_loss": 0.13407877473473465,
  "batch_size": 64,
  "learning_rate": 0.00020992008855800598,
  "epochs": 500,
  "patience": 30,
  "min_loss_improvement": 0,
  "epoch_model_saved": 187,
  "optimizer": "Adam",
  "criterion": "NLLLoss",
  "optimization_losses": [
    0.7926039378693763,
    0.3418594205633123,
    0.5071804599559053,
    0.33500275903559745,
    0.35199121148028273,
    0.7246520937757289,
    0.34379078225886567,
    0.3857330394552109,
    0.42644337897605084,
    0.39421777712537887,
    0.5125550145798541,
    0.7709036380686658,
    0.5998911286922212,
    0.40074773354733245,
    0.336688055002943,
    0.3730953386489381,
    0.3415902618398058,
    0.3776744635815316,
    0.3513819568968834,
    0.3734698897980629,
    0.34202903318912425,
    0.3592966579376383,
    0.3480765103025639,
    0.38780172391140716,
    0.3682449720007308,
    0.3404923588671583,
    0.3563720888279854,
    0.35974459635450484,
    0.3968302740695629,
    0.32337780582143905
  ],
  "best_train_losses": [
    3.8037996349080045,
    3.7664455683903215,
    3.6441696276567557,
    3.337574174013761,
    3.1911266557113103,
    3.0912654054726167,
    2.982048533788803,
    2.7696135483069564,
    2.6031646803911523,
    2.492442360916191,
    2.3619946835330903,
    2.250657323038419,
    2.1196215038808903,
    2.005247330548306,
    1.9236660869039455,
    1.7814613031989155,
    1.7468386710904806,
    1.6502748773873732,
    1.548299999448169,
    1.4774331168565462,
    1.4313317167030115,
    1.3656587644270082,
    1.3061586942625816,
    1.2430140398290905,
    1.168925629563509,
    1.1300093423122264,
    1.09565783326088,
    1.0938763506213125,
    1.0443596385435077,
    1.0012503593050084,
    0.9648005071024784,
    0.9445341617727648,
    0.9265872460808958,
    0.8474909777550821,
    0.8669111143093418,
    0.8562178261583319,
    0.8167328615466726,
    0.7981006124031351,
    0.7859764433376234,
    0.7398183218878253,
    0.756683999857095,
    0.756677271527299,
    0.6713230326949754,
    0.6923484208293976,
    0.6678889119449167,
    0.6436803620295548,
    0.6255810445911517,
    0.6209874502262094,
    0.5928099653038942,
    0.6269703718113044,
    0.6258073888525356,
    0.6138274418327562,
    0.5617267522942576,
    0.5179427166011915,
    0.5485027835390891,
    0.5363150481933117,
    0.5520752135792503,
    0.5204300456539644,
    0.47473068959429826,
    0.47018843805463234,
    0.4906865251960674,
    0.4557968729495667,
    0.5085255857491611,
    0.4259032601947443,
    0.44068417970931456,
    0.4703094860825502,
    0.44505499360934997,
    0.4420291384968721,
    0.43194745322892303,
    0.4196137825180256,
    0.41425135151567544,
    0.4080900705078498,
    0.4038974508925885,
    0.39969235357062044,
    0.3940667331176833,
    0.4049121610982604,
    0.3946724264808549,
    0.38666362253110004,
    0.37733680300953854,
    0.3700610630041432,
    0.3447062116815268,
    0.36025757596514546,
    0.3540664183699741,
    0.35914803912584325,
    0.34111251676807247,
    0.3115833518962498,
    0.32581231955148265,
    0.335232655682031,
    0.2949313953236133,
    0.32296353806849526,
    0.33120273931170546,
    0.37572729137797467,
    0.3178586565057576,
    0.3161895735659234,
    0.29997504061154723,
    0.2750815259304502,
    0.30093529944007696,
    0.2849769985076833,
    0.2839064235136028,
    0.254609625783925,
    0.2842936330040994,
    0.2738346431511687,
    0.3132103606587301,
    0.3201885168307781,
    0.27619422139705946,
    0.3075560679422326,
    0.3275516096840253,
    0.2936652976906978,
    0.2710225548089933,
    0.25627056593553166,
    0.28704487556985625,
    0.32134558474062536,
    0.26111596211194155,
    0.2556828447864329,
    0.25141990554433263,
    0.25547002760650234,
    0.2467533965933432,
    0.23712004518014648,
    0.23657641742569582,
    0.22616542901945885,
    0.22574593081222147,
    0.24958436745032406,
    0.2557532865022658,
    0.22707845249690392,
    0.25223774582838726,
    0.23946261967225385,
    0.2546700203787334,
    0.24287588428378692,
    0.2034696385170152,
    0.1992732555627069,
    0.21650886550304843,
    0.21590733439128162,
    0.21921096192391423,
    0.24423473825231876,
    0.19438999879762311,
    0.2023816851981492,
    0.21492336219201522,
    0.20982121535362866,
    0.20160937978403717,
    0.22204893178195914,
    0.19072251577906765,
    0.2225434285858862,
    0.20445298168412918,
    0.19379417078853575,
    0.2102048556547473,
    0.1616522188619753,
    0.19179139677919474,
    0.18899779699779445,
    0.17615597520759219,
    0.19684968037414283,
    0.21565862875418687,
    0.1844342128018301,
    0.19755924529201618,
    0.20609618192479717,
    0.20192792228647546,
    0.18641965700678648,
    0.19874278557285907,
    0.1926727482573884,
    0.18891959987680257,
    0.18049597923427255,
    0.19849761532003077,
    0.1934692876613735,
    0.16957178439628215,
    0.14671369798570474,
    0.16183402222265095,
    0.16151727718194436,
    0.2031036555683286,
    0.1642213763220161,
    0.18821255192527114,
    0.16099550017402445,
    0.15891462906891413,
    0.16714055346127388,
    0.17788173943150656,
    0.1620923577273135,
    0.1485248552668036,
    0.13869111319494684,
    0.1502793026395608,
    0.16474346615876728,
    0.16237490113172745,
    0.1420962100957199,
    0.19214991223033012,
    0.1698235817363542,
    0.16054583921536375,
    0.1626279739687875,
    0.15268196978161894,
    0.1598136320890818,
    0.13407877473473465,
    0.15042651602271906,
    0.15189557890613903,
    0.1381955143438622,
    0.15500622010742035,
    0.12479604016243365,
    0.13021514917123678,
    0.12518115252916107,
    0.1253231533934596,
    0.13099245745780302,
    0.11990606327732935,
    0.11976687135259953,
    0.12154251691778613,
    0.14261496089822961,
    0.1233141196607622,
    0.1658344330633935,
    0.15595772220522103,
    0.1365357161782949,
    0.16381193866046148,
    0.15257712443917465,
    0.12656440567526278,
    0.14229285225890007,
    0.12408464943083004,
    0.1240327144807397,
    0.11374082706491669,
    0.11848971423596794,
    0.1054254583857341,
    0.12170593397729805,
    0.10543212712397478,
    0.1169368853859305
  ],