{
  "best_test_loss": 0.6987485842887492,
  "best_f1_test": 0.7416563658838071,
  "best_acc_test": 0.7416563658838071,
  "best_valid_loss": 0.259909479334397,
  "best_f1_valid": 0.9023383768913342,
  "model_save_name": "model",
  "is_univariate": true,
  "dataset_name": "FordB",
  "network_arch": "MLP",
  "seed": 16,
  "best_train_loss": 0.10665933999427987,
  "batch_size": 64,
  "learning_rate": 0.0006843212439773992,
  "epochs": 500,
  "patience": 30,
  "min_loss_improvement": 0,
  "epoch_model_saved": 83,
  "optimizer": "Adam",
  "criterion": "NLLLoss",
  "optimization_losses": [
    0.2700131507654466,
    0.26905534060817965,
    0.26509546548988994,
    0.2745634689209714,
    0.2768724655022811,
    0.2646161125975429,
    0.2773461063101662,
    0.259909479334397,
    0.2645279862693776,
    0.2784612060741021
  ],
  "best_train_losses": [
    0.6956104747694821,
    0.6778368556351905,
    0.6446964411164904,
    0.600109082386615,
    0.538967825318629,
    0.4894644263440018,
    0.4534461934022103,
    0.4273792120539667,
    0.407576633122797,
    0.38631455007904664,
    0.35754258305531256,
    0.3282651414958942,
    0.30720094409982635,
    0.31284100510067264,
    0.2950257227193703,
    0.2919018838600739,
    0.27158266086607885,
    0.2641706604208218,
    0.25894259690131577,
    0.25087956108532056,
    0.2276086924441333,
    0.22377579768881345,
    0.22771303456128053,
    0.22026505104510788,
    0.22401488140901804,
    0.19095599506065722,
    0.20844838606319205,
    0.20706676690745715,
    0.2070189280514868,
    0.18504505186371167,
    0.1911663652962635,
    0.17827415560850005,
    0.1868607527339393,
    0.1799949942851001,
    0.17401497630707335,
    0.17762457205308024,
    0.17723876472557426,
    0.1674012365498602,
    0.14587001827900314,
    0.16615581043074842,
    0.1581031480263483,
    0.1609934825895987,
    0.15912099820568112,
    0.14976558627296838,
    0.15030364078332503,
    0.15174843801346902,
    0.14395017399256627,
    0.14930316607020744,
    0.13640015402442404,
    0.14211167517839388,
    0.14017922945956007,
    0.14732485510373008,
    0.1399686674201833,
    0.13965074309984418,
    0.12229605556716772,
    0.11743942570797022,
    0.12228410078425273,
    0.1099208247844012,
    0.12210195463924493,
    0.1252940864016544,
    0.14101644105789093,
    0.11179539966083131,
    0.12449915953136806,
    0.12028897170392486,
    0.09940940467512653,
    0.11040743197502756,
    0.11239732625641882,
    0.12874065493291148,
    0.1124594399123933,
    0.1295359590010105,
    0.11097962073110648,
    0.09859494463075592,
    0.10754919137569988,
    0.11524253288614454,
    0.09862876481580275,
    0.10049602048064196,
    0.10345631628521453,
    0.10507144120251542,
    0.10555424511514634,
    0.10452238074343707,
    0.09287844552175543,
    0.11295353628930724,
    0.10665933999427987,
    0.10261399614428679,
    0.11165543386848462,
    0.09518893616993948,
    0.09550092599906816,
    0.09131812893540855,
    0.09440578901538167,
    0.09119771429923,
    0.10408572867984128,
    0.09716204472239727,
    0.0977268725469647,
    0.0904053697462464,
    0.08469947705050467,
    0.08790909767309729,
    0.0831630854115423,
    0.07867990947870392,
    0.09285346294485514,
    0.08787988717610111,
    0.08237699168366591,
    0.0966037439061982,
    0.07627717531869058,
    0.08942394546826243,
    0.08063810770662483,
    0.07166412124535815,
    0.07436407050002555,
    0.08051578398150849,
    0.08085657306858741,
    0.07313123318793295,
    0.08707203396802263,
    0.0886081468590639
  ],
  "best_valid_losses": [
    0.6865993837378868,
    0.6733150184564446,
    0.6288316786863125,
    0.5704228295912604,
    0.5421779887056416,
    0.5098578759367889,
    0.4745426961775495,
    0.4442560833864724,
    0.429942534952085,
    0.42121943306726145,
    0.40411590177058515,
    0.3923229899006336,
    0.40165007807201664,
    0.3643165070876131,
    0.34943407749375416,
    0.34676928766983905,
    0.3490486245043832,
    0.3190815507791721,
    0.3255369649710649,
    0.3373154527629422,
    0.33166308576007986,
    0.320834937949948,
    0.32530770980672297,
    0.3393427314751742,
    0.32046796941035716,
    0.32785507401213193,
    0.31352384296211283,
    0.3223183549827854,
    0.30452761312298465,
    0.29917363484263254,
    0.31180643108884765,
    0.31973551834793823,
    0.30352994914395937,
    0.3254895839927285,
    0.3261631295146444,
    0.3201957854558874,
    0.30581102119515324,
    0.2982325226765387,
    0.30950724562063836,
    0.3013947830321536,
    0.30614297368667476,
    0.29040574924981905,
    0.29047171835066365,
    0.29768157140588825,
    0.30987223335112635,
    0.3137245163055037,
    0.291493993964779,
    0.28238475876136526,
    0.32017475071438734,
    0.2937899212233794,
    0.28172461534792653,
    0.2796888355949722,
    0.30641091759463945,
    0.28631375240164575,
    0.30765506313624374,
    0.2969488266655635,
    0.29657356270897667,
    0.2947264644515892,
    0.2948662138542742,
    0.2950947811465808,
    0.28857910792962066,
    0.2841629351513586,
    0.2830294941281682,
    0.2724131896292491,
    0.29788608916688,
    0.2887125674845264,
    0.2740249773987058,
    0.3113369383788994,
    0.2882364480826681,
    0.28366937019966,
    0.2903016981921137,
    0.31103062211565335,
    0.2828340132757919,
    0.30021908079905557,
    0.285303997657322,
    0.270457753534986,
    0.28588511691296775,
    0.28812098269449465,
    0.2972028321872223,
    0.29193839631677493,
    0.29585811967206954,
    0.2721206107813522,
    0.259909479334397,
    0.2860104310873286,
    0.30813950829033676,
    0.29373056360583194,
    0.28555089665738226,
    0.2942509366688735,
    0.29127711201140444,
    0.27955296194946916,
    0.2730724005825418,
    0.26648013912745977,
    0.31900401062945716,
    0.28087720248279413,
    0.28552724730525747,
    0.27879844946169297,
    0.27977252354976073,
    0.31553369342378934,
    0.2917552373514215,
    0.2833526455060652,
    0.3164547456753795,
    0.29804840126424575,
    0.30405140451912704,
    0.29098556351628885,
    0.3062024981890289,
    0.3008216845366125,
    0.27918252873617483,
    0.30248337922594737,
    0.294417822459377,
    0.26431098600857195,
    0.29003736311172684,
    0.2884957673543093
  ],
  "data_normalization_method": "standard",
  "normalization_parameters": {
    "mean": -8.025888710833714e-12,
    "std": 0.9989994995286607
  }
}