{
  "best_test_loss": 0.05001410853193536,
  "best_f1_test": 0.9936719130293689,
  "best_acc_test": 0.9936719130293689,
  "best_valid_loss": 0.00013519262571226045,
  "best_f1_valid": 1.0,
  "model_save_name": "model",
  "is_univariate": true,
  "dataset_name": "Wafer",
  "network_arch": "ViT",
  "seed": 14,
  "best_train_loss": 0.000356185051728096,
  "batch_size": 64,
  "learning_rate": 0.0001339281981671971,
  "epochs": 500,
  "patience": 30,
  "min_loss_improvement": 0,
  "epoch_model_saved": 72,
  "optimizer": "Adam",
  "criterion": "NLLLoss",
  "optimization_losses": [
    0.00030127966732182887,
    0.0002451819226241888,
    0.0007822588386578226,
    0.00034778725011395847,
    0.0003118904323991277,
    0.00013519262571226045,
    0.00018979224241141748,
    0.0008088693033442809,
    0.0004464007470051906,
    0.00016520415959154044
  ],
  "best_train_losses": [
    0.3506560072041394,
    0.2990572802853166,
    0.2740253224632794,
    0.22233499691151737,
    0.1793592557553809,
    0.14653620254575161,
    0.1241485087952593,
    0.1070376590062353,
    0.07426966416805908,
    0.05015906645101787,
    0.042195006874728394,
    0.024461371475774655,
    0.022355879020916864,
    0.018460271865442246,
    0.010162315918144333,
    0.00852428824187987,
    0.010530524933535634,
    0.008688707240766152,
    0.007712982195682758,
    0.0033105620632956465,
    0.005997763584422783,
    0.0039036670573671956,
    0.0033637644044843674,
    0.0016695329782180721,
    0.005242062605731306,
    0.011704572695053596,
    0.004081772467620988,
    0.010730153675973625,
    0.0016385307140183872,
    0.0014654197217342222,
    0.000769464300176885,
    0.0018046024294259648,
    0.001650987556093328,
    0.0007257301851705575,
    0.0005604424052154015,
    0.000649167524774986,
    0.0006103761018432424,
    0.0011061218982305083,
    0.0006170795498390152,
    0.0006829573806984476,
    0.00039377273735094275,
    0.00041971063274332324,
    0.0003359737050854356,
    0.0003801291391768733,
    0.0003967074377410917,
    0.0005451398010290973,
    0.0008701899316935639,
    0.00029266855617743543,
    0.00038164913800065373,
    0.00025625987471353246,
    0.0005391242249473757,
    0.000404047243032175,
    0.0002714724348943195,
    0.00021682391397597823,
    0.0003059524577038064,
    0.00021580603584369417,
    0.0002162581755934904,
    0.00020498676896754672,
    0.028153311306536886,
    0.002261967878074754,
    0.005429622252123958,
    0.002117957865056654,
    0.005371623120447481,
    0.0038788550927824246,
    0.002196055723404988,
    0.0007218166733981066,
    0.0004988798757044617,
    0.0002917291111176259,
    0.00041463318854782793,
    0.0002519869986897624,
    0.0002480597312362015,
    0.000356185051728096,
    0.0054211116714355185,
    0.00047631763936578295,
    0.005258234611977613,
    0.018266349681434257,
    0.012994279093395004,
    0.0010960218737329026,
    0.008269112244106008,
    0.0019171042947704322,
    0.0007345692580215689,
    0.0007347078966344462,
    0.00041631845194107635,
    0.0004030844363495404,
    0.000392680970939077,
    0.00027331861734149844,
    0.0002596540056912457,
    0.00023838758104210043,
    0.0002452281821883263,
    0.00022772848428860728,
    0.0002276843262647855,
    0.00019850158175648445,
    0.0001964653383492303,
    0.0001967639300095753,
    0.00018111268804761065,
    0.00019020342813947129,
    0.00020550012045521244,
    0.00016483260396101226,
    0.00016048945586330125,
    0.00015052781770890462,
    0.00015244791939951488
  ],
  "best_valid_losses": [
    0.31418922543525696,
    0.3177035826059123,
    0.2786517141766809,
    0.27632165036687806,
    0.2583531798025714,
    0.216560321211333,
    0.17168297868833612,
    0.1203676344947287,
    0.05643456916218225,
    0.015400729749110801,
    0.01083868491840989,
    0.005806283695757648,
    0.00644993542320563,
    0.003479663295085213,
    0.019496069897449255,
    0.005712061381113452,
    0.013125348037493354,
    0.011798765258739045,
    0.025826947460143912,
    0.009680308252662787,
    0.014011077788155711,
    0.008399486681258199,
    0.03132077756525187,
    0.02166956080446965,
    0.004898901937433301,
    0.05051094220820305,
    0.06031616222753655,
    0.05403642785771338,
    0.0023446146843159126,
    0.026570262129587092,
    0.036730323870381366,
    0.04914049937183313,
    0.025721829535876314,
    0.0365647301639648,
    0.018544210667130585,
    0.004344959308211437,
    0.003776727952089147,
    0.038397238230731205,
    0.037980117709639445,
    0.010036982654888399,
    0.0005274235979472611,
    0.003954994572268333,
    0.008371043339283646,
    0.032350561850581466,
    0.036188633832588225,
    0.0004421937127295877,
    0.03919771973068151,
    0.04285044179769147,
    0.03446607278761007,
    0.02687518652237486,
    0.028337885858997845,
    0.027202377687415413,
    0.026065874508828496,
    0.025992773221753567,
    0.012318534826558947,
    0.0020178962565581453,
    0.0013125548332154088,
    0.0014371858911246492,
    0.0006038010313621009,
    0.0031285557333514354,
    0.07039029637517567,
    0.021643909322942342,
    0.01138807705934252,
    0.0010329957181079296,
    0.0005387072325802862,
    0.010588948463258595,
    0.00715235550337661,
    0.0019932624000916373,
    0.0003443224955320043,
    0.00022692194642019527,
    0.00020419812917046767,
    0.00013519262571226045,
    0.03734231219136542,
    0.010106259386462915,
    0.08313216318901824,
    0.03295937835550763,
    0.005649298970335319,
    0.03435048986682715,
    0.02457727808797783,
    0.011002361534518973,
    0.00570671521697717,
    0.005594166557522333,
    0.004986771409540548,
    0.004572130211729461,
    0.006003839729592118,
    0.007741158529390658,
    0.00830391057363285,
    0.008117631332352538,
    0.008230267340909292,
    0.008568427638545753,
    0.008212371493841172,
    0.007959096457355132,
    0.007692337988957471,
    0.00749661371622128,
    0.007337408851028827,
    0.0066112504800867325,
    0.006440224749143571,
    0.006094358733972328,
    0.005811111516166746,
    0.00573736166032955,
    0.0057053261011222375
  ],
  "data_normalization_method": "standard",
  "normalization_parameters": {
    "mean": -1.064256083058393e-10,
    "std": 0.9967050981389439
  }
}