{
  "best_test_loss": 0.31441117686426395,
  "best_f1_test": 0.8961334344200151,
  "best_acc_test": 0.8961334344200151,
  "best_valid_loss": 0.3169682436519199,
  "best_f1_valid": 0.8902777777777777,
  "model_save_name": "model",
  "is_univariate": true,
  "dataset_name": "FordA",
  "network_arch": "LSTM",
  "seed": 11,
  "best_train_loss": 0.4072681996557448,
  "batch_size": 64,
  "learning_rate": 0.0004349102078627643,
  "epochs": 500,
  "patience": 30,
  "min_loss_improvement": 0,
  "epoch_model_saved": 53,
  "optimizer": "Adam",
  "criterion": "NLLLoss",
  "optimization_losses": [
    0.5721811970074971,
    0.5585599210527208,
    0.6833499100473192,
    0.6927651974889967,
    0.6927632610003154,
    0.6927610688739353,
    0.3169682436519199,
    0.6861943814489576,
    0.6671980765130785,
    0.6927637736002604
  ],
  "best_train_losses": [
    0.6939576321178013,
    0.6931969271765814,
    0.6930132945378621,
    0.6928876333766514,
    0.6927579853269789,
    0.6926303757561578,
    0.6925642026795281,
    0.692478703127967,
    0.6923680345217387,
    0.6922875112957425,
    0.6922009984652201,
    0.6921102537049187,
    0.692020222875807,
    0.6919259799851312,
    0.6918077415890164,
    0.691602787706587,
    0.6899102396435208,
    0.6905278338326348,
    0.6934737457169426,
    0.6857607391145494,
    0.729581301079856,
    0.6807828691270617,
    0.6752297268973456,
    0.7803137103716532,
    0.6547704802619086,
    0.6837277200486925,
    0.5916685839494069,
    0.5658601058853997,
    0.7050979773203532,
    0.6179843372768826,
    0.5638940725061629,
    0.5638108617729611,
    0.4913833498954773,
    0.7828493369950189,
    0.6663303587171766,
    0.6575537853770785,
    0.6444914764828152,
    0.633249212635888,
    0.6258809884389241,
    0.6271111051241557,
    0.6146403948465983,
    0.647779561413659,
    0.6499705208672417,
    0.6442178342077467,
    0.6038533045185936,
    0.6090460028913286,
    0.5867212838596768,
    0.5375388509697384,
    0.46944864259825814,
    0.4549297597673204,
    0.4393101692199707,
    0.41409655412038165,
    0.4072681996557448,
    0.3584758235348596,
    0.34503712753454846,
    1.1592720190684,
    1.2560569723447164,
    0.7060165603955587,
    0.7023774928516812,
    0.7002149767345852,
    0.6970547570122613,
    0.6952326324250963,
    0.6984368099106683,
    0.695429061518775,
    0.6935522702005175,
    0.6975263900227017,
    0.6942590316136678,
    0.6954859084553189,
    0.6942910114924113,
    0.6968273295296563,
    0.693777306874593,
    0.6975142505433825,
    0.6945736739370558,
    0.6958513948652479,
    0.6942112604777019,
    0.6943816410170661,
    0.6941725028885736,
    0.6944159666697184,
    0.6961187362670899,
    0.6947651002142164,
    0.6961671948432923,
    0.6937282191382514
  ],
  "best_valid_losses": [
    0.692731237411499,
    0.6928886413574219,
    0.6929362694422404,
    0.6929470592074924,
    0.6929177469677396,
    0.6928706288337707,
    0.6928907434145609,
    0.6929603311750624,
    0.6930786344740126,
    0.6932112667295668,
    0.6933159814940558,
    0.6934183147218492,
    0.6935162199868097,
    0.6936019327905443,
    0.6936217281553481,
    0.6919604725307889,
    0.6942451185650296,
    0.6937661012013753,
    0.6965493281682332,
    0.6823253154754638,
    0.6782452729013231,
    0.6899514463212755,
    0.604989042547014,
    0.6818516002760993,
    0.635470822122362,
    0.6212285121281942,
    0.7020161800914341,
    0.5760205308596293,
    0.6828273865911696,
    0.5810612440109253,
    0.5963684956232707,
    0.5556879096561008,
    0.7201912005742391,
    0.7027909318606059,
    0.631969071759118,
    0.6361455996831258,
    0.6461078378889296,
    0.6139242066277398,
    0.6083552148607042,
    0.62532879114151,
    0.6247902512550354,
    0.6182979186375935,
    0.6517394330766466,
    0.6705536617173089,
    0.5591312872038947,
    0.5833619872728983,
    0.5645875851313273,
    0.5321881108813815,
    0.4366328451368544,
    0.47973632944954764,
    0.4221080733670129,
    0.4263794342676798,
    0.3169682436519199,
    0.3721200598610772,
    0.35040804412629867,
    1.6934898614883422,
    0.7121247543228997,
    0.6890724248356289,
    0.7043735080295139,
    0.6986355463663737,
    0.6961685299873352,
    0.7020534038543701,
    0.6942793250083923,
    0.6900501290957133,
    0.711293801996443,
    0.6922610137197707,
    0.6918289237552219,
    0.6949256963200039,
    0.6955442825953165,
    0.6942356957329644,
    0.6907576415273878,
    0.6948018179999458,
    0.6926784846517775,
    0.6917333099577162,
    0.6943376276228163,
    0.6939582029978434,
    0.6942108114560445,
    0.6933798962169223,
    0.6970808770921495,
    0.6904307577345107,
    0.6967358734872606,
    0.6946972171465556
  ],
  "data_normalization_method": "standard",
  "normalization_parameters": {
    "mean": -2.3081128410022225e-11,
    "std": 0.9989994995179163
  }
}