{
  "best_test_loss": 0.16701055891705627,
  "best_f1_test": 0.9455193482688391,
  "best_acc_test": 0.9455193482688391,
  "best_valid_loss": 0.18325359390137044,
  "best_f1_valid": 0.9441489361702128,
  "model_save_name": "model",
  "is_univariate": true,
  "dataset_name": "NonInvasiveFetalECGThorax2",
  "network_arch": "ResNet",
  "seed": 17,
  "best_train_loss": 0.015057257543175951,
  "batch_size": 64,
  "learning_rate": 0.0002729229379319125,
  "epochs": 500,
  "patience": 30,
  "min_loss_improvement": 0,
  "epoch_model_saved": 154,
  "optimizer": "Adam",
  "criterion": "NLLLoss",
  "optimization_losses": [
    0.30238369868156756,
    0.22801703404872975,
    0.2670853017492497,
    0.4966903633259712,
    0.31267213060500776,
    0.5515412764346346,
    0.39431489211447696,
    0.18325359390137044,
    0.4988715597923766,
    0.37165418520886845
  ],
  "best_train_losses": [
    3.654981544130048,
    3.400086295663347,
    3.151649771654849,
    2.8929489206781875,
    2.637366547018227,
    2.4133232653518,
    2.2280394518283244,
    2.0418935355717918,
    1.8705049561348417,
    1.722285362841458,
    1.5855709764208494,
    1.4704399691110586,
    1.3688533661320272,
    1.2830585149167208,
    1.2101964439544892,
    1.1427750753334351,
    1.0833694183399203,
    1.0340038589499656,
    0.9831775334295217,
    0.9349730075117743,
    0.8946276224170532,
    0.8599136420646689,
    0.8218653053778289,
    0.7800933200125114,
    0.7471067306238082,
    0.7184255627872067,
    0.692549974103252,
    0.6677321383673291,
    0.6384735270570218,
    0.6215795867684352,
    0.6034973503331944,
    0.5861579483022844,
    0.5622486855811162,
    0.5406127950086279,
    0.5241298231224903,
    0.5129895046803621,
    0.5060493609516535,
    0.4897933230903562,
    0.46607855263932524,
    0.45289488944132733,
    0.44730913807662204,
    0.43825538324497154,
    0.41192011421026686,
    0.39212984086465263,
    0.3808825851554864,
    0.374057250067288,
    0.37599213070544407,
    0.37071129413699905,
    0.3594837825501878,
    0.3501175738771617,
    0.33682491150190524,
    0.32626637382902735,
    0.31635702485696415,
    0.31040732685060296,
    0.30431410950397153,
    0.3008881793609406,
    0.29373538569506,
    0.28193732251583986,
    0.2698797399854878,
    0.26555918672305967,
    0.26470107940704324,
    0.26967845738813734,
    0.2615995496898911,
    0.25344509896851725,
    0.2496058103835926,
    0.23179242007554793,
    0.22288211858134327,
    0.21712170615111617,
    0.2101260661942726,
    0.20034260125287554,
    0.19159258972232976,
    0.18575310180368176,
    0.19078407049681717,
    0.19232418254091133,
    0.18236355387192751,
    0.1822726298607912,
    0.1801654299981604,
    0.17303547139056366,
    0.1712866564106539,
    0.16729993880768937,
    0.16467038639942191,
    0.1575450233444938,
    0.1506234805845117,
    0.14449322969768555,
    0.14077273257029618,
    0.13525826563025894,
    0.1251931450370953,
    0.12147105501955525,
    0.11516689688480411,
    0.1086175893541381,
    0.11107538931349258,
    0.11309338024099444,
    0.10984173612649475,
    0.10704863134533356,
    0.1051095932622611,
    0.0973016961974446,
    0.0939133627116366,
    0.0917840272840047,
    0.08851216825082615,
    0.07945881364310785,
    0.07047185600091894,
    0.06800837459164401,
    0.06959857611680692,
    0.06971011996447245,
    0.06595656566206662,
    0.06209960936562787,
    0.06438717882862957,
    0.06714328893775137,
    0.07021225680082052,
    0.07057874135997667,
    0.07648835393246094,
    0.06822640079944718,
    0.06738182699186067,
    0.06557815473916785,
    0.05845163979201734,
    0.0531463409621512,
    0.057326124984972596,
    0.055076303064577066,
    0.05285064481101925,
    0.04820889646275125,
    0.04884875208422154,
    0.04796214735374975,
    0.04445627614664659,
    0.042391806671386735,
    0.039194822981587114,
    0.038642651692703,
    0.037027449462921455,
    0.035219297822871136,
    0.033955548108487964,
    0.03447000212111338,
    0.03514620161386899,
    0.03451351424677851,
    0.03294005577837968,
    0.03349979220184636,
    0.03560686014914651,
    0.032592279847007105,
    0.03711633020795971,
    0.033479038434520686,
    0.036438806201720735,
    0.0412254811808446,
    0.03401074255931172,
    0.028959861360961545,
    0.05489162289886326,
    0.05009217047049433,
    0.04758055665276981,
    0.038027888615841464,
    0.02651577760175509,
    0.026502132593462333,
    0.0244440256100271,
    0.024151609647032123,
    0.020514419374009694,
    0.018318165162053333,
    0.016843605219456548,
    0.015057257543175951,
    0.01386992830504321,
    0.013193468265143797,
    0.012611094382653721,
    0.012253969596719823,
    0.011495281083186013,
    0.010866209085623637,
    0.010381784211865148,
    0.010109629588710827,
    0.009912584822406326,
    0.009757551063049796,
    0.009593385555607988,
    0.0093414529093534,
    0.009025342792412626,
    0.008667089591537114,
    0.008328364159027017,
    0.008016316209856267,
    0.007722274080090335,
    0.007488399789520053,
    0.007261788787664512,
    0.007052434914799712,
    0.006863398227424414,
    0.006697864633790484,
    0.006562954141121575,
    0.006453465199286481,
    0.006364078845652717,
    0.006286877434561978,
    0.006226872834026845,
    0.006182803052381985,
    0.0061447594349337345
  ],