{
  "best_test_loss": 0.9560530268247647,
  "best_f1_test": 0.6690427698574338,
  "best_acc_test": 0.6690427698574338,
  "best_valid_loss": 0.9589397881893401,
  "best_f1_valid": 0.6808510638297872,
  "model_save_name": "model",
  "is_univariate": true,
  "dataset_name": "NonInvasiveFetalECGThorax1",
  "network_arch": "LSTM",
  "seed": 0,
  "best_train_loss": 0.8626963226667861,
  "batch_size": 64,
  "learning_rate": 0.0004549397341280921,
  "epochs": 500,
  "patience": 30,
  "min_loss_improvement": 0,
  "epoch_model_saved": 319,
  "optimizer": "Adam",
  "criterion": "NLLLoss",
  "optimization_losses": [
    2.7693014246352177,
    3.2820272952952285,
    3.144241713462992,
    3.2229482721775136,
    2.3784712121841753,
    2.873132457124426,
    2.678706153910211,
    3.222804221701115,
    3.214634585887828,
    0.9589397881893401
  ],
  "best_train_losses": [
    3.7369639211696213,
    3.7297030185530575,
    3.6666451014855843,
    3.554590853016224,
    3.414386135377435,
    3.2965187243986365,
    4.001881009160174,
    3.81965284119671,
    3.789375566380676,
    3.7667688775548447,
    3.726231986338709,
    3.784768493093409,
    3.7362733746781287,
    3.73061122947902,
    3.7452766868486758,
    3.7287574461121333,
    3.66659696187591,
    3.6915777161853547,
    3.626613218350387,
    3.6746272085756795,
    3.637975036134539,
    3.6412905103625834,
    3.595478140294175,
    3.554038824535807,
    3.598055586040816,
    3.5840797962140467,
    3.4992989681174196,
    3.4156830428104037,
    3.3374586720242103,
    3.292286693421536,
    3.22897879304973,
    3.178594368742288,
    3.160528509866496,
    3.120529418752299,
    3.1141797427300073,
    3.058499717578365,
    4.765542468300858,
    5.294665192854044,
    3.869040337734799,
    3.747656297114058,
    3.734128831895572,
    3.728119934434549,
    3.7200870875816316,
    3.702233245317482,
    3.629950627590348,
    3.4455419707616617,
    3.32963104241345,
    3.3070788839210192,
    3.2744114801067745,
    3.2269621823593,
    3.1779751769271605,
    3.2434263765518714,
    3.2161161197547083,
    3.1943850136942538,
    3.135521916713165,
    3.0795996197494753,
    3.1388278015884645,
    3.1067022186555415,
    3.129160736114813,
    3.0259975023195933,
    3.0111721170174763,
    3.0230375070096067,
    3.0087158294605354,
    2.9418743985351004,
    3.003177572285216,
    3.0423196985616032,
    2.938155230215881,
    2.9742342375234574,
    2.9714257253028937,
    2.9559242991771146,
    2.950720045487812,
    2.885305415553604,
    2.9007050421400464,
    2.872241870500802,
    2.925348164075207,
    2.9138732913172087,
    2.915615164890142,
    2.933597572907041,
    2.9031899364080047,
    2.875316130134813,
    2.897762893876473,
    2.8339639790696487,
    2.8295718038576383,
    2.900763842226834,
    2.908515225810562,
    2.87781383801914,
    2.833835594937237,
    2.908282203734633,
    2.8475726922464806,
    2.906668997112497,
    2.8934875459463263,
    2.855795725918285,
    2.8295748707951582,
    2.887996356251034,
    2.871544153189374,
    2.8230605896140855,
    2.7563238934740077,
    2.7763865850211364,
    2.762419238697033,
    2.7626693300688174,
    2.9114009159514374,
    3.030397258505215,
    2.772030769061305,
    2.845238693482593,
    2.843716830329332,
    2.8279316294637264,
    2.813964860002004,
    2.9133911342245544,
    2.9234766499391345,
    2.877617772665982,
    2.750947738983894,
    2.8332931407303854,
    2.9323428307129142,
    2.7891586289301946,
    2.798567443353059,
    2.7878278417647597,
    2.7703109814596276,
    2.7193489191989535,
    2.8094610893131557,
    2.7132456929266495,
    2.8227191710254296,
    2.88486985798378,
    2.696051292493154,
    2.907818848200441,
    2.702405259044591,
    3.1752702345415815,
    2.7376062893482134,
    2.739259341528779,
    2.690827693892296,
    2.696642714156622,
    2.7997919484417957,
    2.7235834105954737,
    2.6915813479219115,
    2.6428257877861876,
    2.7502808024660435,
    2.6461594753171553,
    2.6615951773321136,
    2.6132480210178937,
    2.656649484822051,
    2.6318492571066066,
    2.554473308468066,
    2.5664484410409933,
    2.54438620575364,
    2.545368138787115,
    2.5497393417090324,
    2.5438148134289205,
    2.5093049905874825,
    2.526127800167403,
    2.465864458305268,
    2.52089146770228,
    2.4461764319212773,
    2.46510153543924,
    2.5387643261518766,
    2.384277479965253,
    2.4774034653259513,
    2.390506968729444,
    2.3549472891940924,
    2.368420272332551,
    2.4031888706451223,
    2.442801364441615,
    2.341565634947969,
    2.4379922487496155,
    2.29472347019595,
    2.425897726272079,
    2.3519978018939622,
    2.28207976685723,
    2.2470095671990853,
    2.3048485633946605,
    2.2710173553927886,
    2.2257105414497125,
    2.2261135702139883,
    2.213613112209049,
    2.1377877775247214,
    2.1952481345232324,
    2.1256780543967357,
    2.177584425798203,
    2.106202311693407,
    2.1136420225477184,
    2.0711857878818365,
    2.0698479371261866,
    2.0456323769422626,
    2.058461842868668,
    2.0059830527530114,
    2.0272480134635598,
    2.0260696833349834,
    2.032490485835394,
    1.9414978849996753,
    1.9716847805765758,
    1.9386323384642181,
    1.9520668530246361,
    1.9626684621950312,
    1.907933460099548,
    1.8857145680563598,
    1.9115695139931193,
    1.8398591347839828,
    1.8520118672497576,
    1.8625977098816142,
    1.8614543812088957,
    1.845040646222638,
    1.8158506830226178,
    1.8445882646449419,
    1.7810363163850882,
    1.7808625426664373,
    1.7689432560015295,
    1.7259766516849682,
    1.7290165847401675,
    1.7065753330249478,
    1.7311552566118167,
    1.666828635286799,
    1.6699483450750858,
    1.6516150180839437,
    1.6551676300823563,
    1.6348221550838928,
    1.6178788893338416,
    1.6168500891221047,
    1.5923982263030256,
    1.5777430334982534,
    1.5325341441643046,
    1.567855934148428,
    1.6249839991477704,
    1.5119434201373907,
    1.5352809854736649,
    1.4940341617218307,
    1.4674376560111995,
    1.556181106698069,
    1.5417861634379781,
    1.4887532278926794,
    1.4766414764475337,
    1.4546262410352202,
    1.4624089554674762,
    1.4332383723637627,
    1.3982624110418227,
    1.4637169971151076,
    1.3925655147850053,
    1.4155563150420627,
    1.360229308389059,
    1.3888543096965915,
    1.3842692708600515,
    1.387896102997759,
    1.3537164640862256,
    1.3153308959218373,
    1.3349591687122702,
    1.2974214206174153,
    1.3163276708888405,
    1.2911848677603694,
    1.2978315896662875,
    1.2750426855040367,
    1.2514932000628678,
    1.256095097715052,
    1.21809268994643,
    1.2401288689983956,
    1.2278790571952654,
    1.2242809462446775,
    1.2193966732423906,
    1.199992921137927,
    1.2316465708292963,
    1.2392057496229696,
    1.199699882881288,
    1.172620846365676,
    1.1620123149304848,
    1.245125748243285,
    1.2732146864865586,
    1.1991016362137301,
    1.1288503409688606,
    1.0817315294469483,
    1.070187094885115,
    1.0807348035291644,
    1.1302174086815358,
    1.1815437510745759,
    1.0877186795480638,
    1.1146011048861146,
    1.0872980143432456,
    1.0252486686847282,
    1.052740515241804,
    1.0123893528108603,
    1.0459932880508842,
    1.0689727947985046,
    1.125215000488016,
    1.1311517533331126,
    1.015329787577028,
    1.0194758455768405,
    1.001114292959051,
    0.9913037222870956,
    0.959951968697369,
    0.9788455537985683,
    0.9820045941913119,
    1.0265892591597074,
    0.9772747449697279,
    1.0449186742766507,
    1.0188121253641576,
    0.9710155821399461,
    1.045553097445112,
    0.9476251292002511,
    0.9812839050487323,
    0.9377922432069115,
    0.926657865018972,
    0.9428565314933606,
    0.9984377639777879,
    0.9963690997510416,
    0.9073092606146405,
    0.9456871692680257,
    0.9565728005605605,
