{
  "best_test_loss": 0.4480886922778541,
  "best_f1_test": 0.8071693448702101,
  "best_acc_test": 0.8071693448702101,
  "best_valid_loss": 0.16795466682441954,
  "best_f1_valid": 0.9394773039889959,
  "model_save_name": "model",
  "is_univariate": true,
  "dataset_name": "FordB",
  "network_arch": "LSTM",
  "seed": 9,
  "best_train_loss": 0.16884606699504093,
  "batch_size": 64,
  "learning_rate": 0.00024791752996552964,
  "epochs": 500,
  "patience": 30,
  "min_loss_improvement": 0,
  "epoch_model_saved": 193,
  "optimizer": "Adam",
  "criterion": "NLLLoss",
  "optimization_losses": [
    0.6779181890015425,
    0.6820919641602318,
    0.6920600748291698,
    0.6915580436812798,
    0.6913883936126426,
    0.6085604397270014,
    0.6457961136897952,
    0.6232271181340067,
    0.16795466682441954,
    0.573484048472802
  ],
  "best_train_losses": [
    0.6940991621069927,
    0.6933174703111347,
    0.6932467703478209,
    0.6931811811343512,
    0.6931317079673935,
    0.6930885673225172,
    0.6930510750171079,
    0.6930156877313061,
    0.6929822541168664,
    0.6929475163331222,
    0.69290968738855,
    0.6928627439345422,
    0.6928004754458694,
    0.6927314107978852,
    0.692640790175211,
    0.6925183261605043,
    0.6923555042261599,
    0.692140000558457,
    0.6918111386948471,
    0.6893820820025269,
    0.7030561586029755,
    0.695109998753507,
    0.6945494797075631,
    0.691631863664892,
    0.6953775231743121,
    0.6947728576653597,
    0.6939619242571079,
    0.6942555476415601,
    0.6947582153375408,
    0.6934565174530428,
    0.6909610053532061,
    0.688330352306366,
    0.6833738623163887,
    0.6832201060271492,
    0.6950888877229808,
    0.7025717024626069,
    0.6963103857952102,
    0.694326290648118,
    0.6936266165652006,
    0.6938844416623594,
    0.6943295785780622,
    0.6949755055048443,
    0.6952459690823352,
    0.6947549249479826,
    0.6939111506102665,
    0.6932349560841241,
    0.6940792311172538,
    0.6928796966597336,
    0.6915241866033047,
    0.6872900769503933,
    0.6875020859166058,
    0.6929785958510482,
    0.6915735854899211,
    0.6872928245031522,
    0.685677422781922,
    0.6809846507961845,
    0.6725650999536212,
    0.6693835233067876,
    0.6956683259554709,
    0.682761175924351,
    0.6896215309139131,
    0.6865785051408791,
    0.687333213495913,
    0.6700632640223392,
    0.6320481889841482,
    0.6536410512425712,
    0.6650103947975284,
    0.6434127108758877,
    0.6579567043948534,
    0.6910695079432229,
    0.6942490158907485,
    0.6891189542236485,
    0.6848192318269606,
    0.6771709477885062,
    0.6524377357025094,
    0.6215120602342744,
    0.6359118943037324,
    0.6471397723423565,
    0.6116729046652373,
    0.6253421856743762,
    0.615886049798627,
    0.6159839812548321,
    0.6375211533850784,
    0.6004871128349881,
    0.581678225134885,
    0.6144537112407868,
    0.5788039760215739,
    0.5547308505319336,
    0.5961273143675173,
    0.5753070359544872,
    0.5874239144003867,
    0.5564999952194943,
    0.6429426806173102,
    0.5996736118357316,
    0.5566636065669368,
    0.5511655776749943,
    0.5399531207599535,
    0.5555026802186953,
    0.5302554252960987,
    0.6605847497179879,
    0.5536287313806305,
    0.5403760651938689,
    0.67369867937109,
    0.6714768210500274,
    0.5532505209705033,
    0.49443327851767715,
    0.4547315467010666,
    0.44689226039830066,
    0.44211690363562584,
    0.44039329369917535,
    0.4050465078596564,
    0.44692287488521537,
    0.40744240047023256,
    0.4279676436394084,
    0.46064133817096853,
    0.45120564373684063,
    0.40322775976857916,
    0.40251167411653344,
    0.3975535301181604,
    0.3857254848355604,
    0.45597177292982516,
    0.3694351330256036,
    0.4050228115698986,
    0.3757569851786759,
    0.4067881955897136,
    0.3878346931245665,
    0.33050413321104144,
    0.3341666584247736,
    0.3456299566091173,
    0.33394259550548483,
    0.3463463414732003,
    0.34730258280670134,
    0.32597262679792666,
    0.3167600301715662,
    0.32383740636964614,
    0.3507105631464285,
    0.29976808286926604,
    0.29422158285709,
    0.4213864647538659,
    0.44851360889215747,
    0.33969035949634885,
    0.2814582638350281,
    0.2974159284052855,
    0.27995363613680274,
    0.2615283874607808,
    0.3159202329066301,
    0.284116701767402,
    0.28600074375430035,
    0.331929924829954,
    0.34935321577887424,
    0.47380933837844713,
    0.32059682251826604,
    0.3771047613274772,
    0.3000658273163983,
    0.25630934772170066,
    0.28552367157998404,
    0.2584404576841378,
    0.2311710894640735,
    0.22999617875524203,
    0.23105293153650658,
    0.26056056173500364,
    0.2404091145018272,
    0.23609579581014065,
    0.21895449867848682,
    0.21829626675403102,
    0.21953745381048326,
    0.19887138284138178,
    0.19691030254800185,
    0.19699309999955897,
    0.2091885860471319,
    0.2015825566903597,
    0.198663821513092,
    0.19332379649971013,
    0.1855849485224346,
    0.17023941148405553,
    0.23702216090985473,
    0.19145604749780246,
    0.27891269585494327,
    1.0837462335374037,
    0.2611949883268165,
    0.21611506403250905,
    0.21791265806006435,
    0.19741850050660734,
    0.24538122287642677,
    0.22494406563625702,
    0.18452884267600564,
    0.19360543521021223,
    0.1853013690637919,
    0.1851404843982591,
    0.16703478288945667,
    0.20494884626614507,
    0.19725110564263026,
    0.16884606699504093,
    0.19753832065665575,
    0.17471890733609338,
    0.1511238373129371,
    0.16269270632995045,
    0.15971542229719635,
    0.1691178346342283,
    0.1675819004930689,
    0.16610503034791724,
    0.15319582913199023,
    0.1846254297840874,
    0.18007609253285511,
    0.15862273543232736,
    0.17121507374485223,
    0.16682611914169673,
    0.29623015860333896,
    0.1784541353870291,
    0.1814562961858847,
    0.2091314399299792,
    0.191705204741171,
    0.18335229914732779,
    0.1596019458758454,
    0.1499357811102267,
    0.17897387280383825,
    0.16450495148356875,
    0.1601006227047112,
    0.15270801842407397,
    0.15467010616764243,
    0.16649487409407615,
    0.15938984819443222
  ],