{
  "best_test_loss": 0.5096245369009388,
  "best_f1_test": 0.7762669962917181,
  "best_acc_test": 0.7762669962917181,
  "best_valid_loss": 0.21965484331365792,
  "best_f1_valid": 0.9133425034387895,
  "model_save_name": "model",
  "is_univariate": true,
  "dataset_name": "FordB",
  "network_arch": "ViT",
  "seed": 7,
  "best_train_loss": 0.175311592208962,
  "batch_size": 64,
  "learning_rate": 0.0009102819025214278,
  "epochs": 500,
  "patience": 30,
  "min_loss_improvement": 0,
  "epoch_model_saved": 10,
  "optimizer": "Adam",
  "criterion": "NLLLoss",
  "optimization_losses": [
    0.2883656810779519,
    0.3014172037866125,
    0.297543331345305,
    0.28161690030580044,
    0.2973818915910209,
    0.30351920018005896,
    0.27853714095677107,
    0.291358581968318,
    0.31160551805607717,
    0.270548214221263,
    0.3370750520219501,
    0.29918394257228675,
    0.26253199946273637,
    0.22417809731202737,
    0.2836633274201022,
    0.24817022771422112,
    0.29896382354148643,
    0.2887107965624808,
    0.3385452442024892,
    0.3371316016622226,
    0.24915398665520644,
    0.22717208662256086,
    0.22176909614789928,
    0.26385135618659783,
    0.3294869151781153,
    0.21965484331365792,
    0.28218948839045294,
    0.2717200311046847,
    0.2427243482746809,
    0.3352426187208299
  ],
  "best_train_losses": [
    0.6160618942000351,
    0.3470495473977788,
    0.2871867617107979,
    0.2583736023023991,
    0.250517423022564,
    0.21396094855776843,
    0.18480363490247004,
    0.16863158945778214,
    0.15522634070955904,
    0.175311592208962,
    0.14424669904508813,
    0.11248400565518638,
    0.10587003742033382,
    0.10531318603798316,
    0.07997690714086102,
    0.12580415706932954,
    0.08375220394410203,
    0.08998089718236556,
    0.07162858782518025,
    0.10570631484709875,
    0.0611014402634176,
    0.0646326306187631,
    0.072305746417508,
    0.05532152055438603,
    0.0641496623603645,
    0.056917555968403984,
    0.05334227755563295,
    0.08043136054129843,
    0.05596978173295274,
    0.05702109421965919,
    0.046843581903403035,
    0.052078320514128904,
    0.039122317915723404,
    0.04219478572445936,
    0.04795484909175433,
    0.038230218843875924,
    0.032092178149944355,
    0.04303682957259628,
    0.041023201023790846
  ],
  "best_valid_losses": [
    0.3583319099438076,
    0.31207287047145454,
    0.31862627299812507,
    0.2552182317763936,
    0.3667313991091438,
    0.32840328383806483,
    0.28120887381994414,
    0.26034127800959833,
    0.31875819074402484,
    0.21965484331365792,
    0.3078873687138092,
    0.3851725052442643,
    0.34060246145872825,
    0.24147269738507565,
    0.3521125562581268,
    0.4011377085927756,
    0.3098706960924062,
    0.28688158142025566,
    0.5515106996775001,
    0.3085493381856396,
    0.2867088688452929,
    0.3064591973774043,
    0.2941286131391171,
    0.4023295427778892,
    0.5061326069959748,
    0.39405896976856614,
    0.31861113239351296,
    0.2948903171691475,
    0.36493059127825983,
    0.41841464234513465,
    0.41861536635657287,
    0.3852043831938727,
    0.3497487959622353,
    0.3067858722137782,
    0.34529720757161736,
    0.4067431352571411,
    0.39327520943737426,
    0.38620269565011645,
    0.3787990608438337
  ],
  "data_normalization_method": "standard",
  "normalization_parameters": {
    "mean": -8.025888710833714e-12,
    "std": 0.9989994995286607
  }
}