{
  "best_test_loss": 0.02093898442790941,
  "best_f1_test": 0.9936719130293689,
  "best_acc_test": 0.9936719130293689,
  "best_valid_loss": 0.0006349301174171824,
  "best_f1_valid": 1.0,
  "model_save_name": "model",
  "is_univariate": true,
  "dataset_name": "Wafer",
  "network_arch": "LSTM",
  "seed": 21,
  "best_train_loss": 0.0030149891470701326,
  "batch_size": 64,
  "learning_rate": 0.0006231835896267392,
  "epochs": 500,
  "patience": 30,
  "min_loss_improvement": 0,
  "epoch_model_saved": 184,
  "optimizer": "Adam",
  "criterion": "NLLLoss",
  "optimization_losses": [
    0.05120015113535731,
    0.010275205862835809,
    0.0006349301174171824,
    0.14204719170594393,
    0.011662276722930964,
    0.28564615525416476,
    0.14428641969588266,
    0.14387741565370737,
    0.029801844002966264,
    0.014857878811212618
  ],
  "best_train_losses": [
    0.5533622155213416,
    0.3650519497561873,
    0.3215250295579882,
    0.3182201429193181,
    0.3179549435550408,
    0.318073759364305,
    0.31796138152890935,
    0.31805957693205145,
    0.31800448498630285,
    0.31803023060760405,
    0.318004359614879,
    0.31800135017785813,
    0.3179818825016643,
    0.31796646603665557,
    0.3179445823929961,
    0.3179213270582352,
    0.31789389446863253,
    0.31786312521400306,
    0.3178278316830035,
    0.31778734104525774,
    0.3177400960734016,
    0.31768397583549185,
    0.31761552027442996,
    0.31752931649672955,
    0.3174165786806503,
    0.31726428534004625,
    0.31705598234383386,
    0.3167772692695895,
    0.3164276671514176,
    0.31601448420593914,
    0.31647395124112754,
    0.3113585316895841,
    0.2810160340671253,
    0.1986261767085483,
    0.14352199919801906,
    0.1904175019727315,
    0.1249928083597568,
    0.13791677884215997,
    0.11085066716548495,
    0.1143980718925035,
    0.12699973963219718,
    0.10298500932697066,
    0.10319986015110087,
    0.10010850453809987,
    0.10483702035961594,
    0.10489779887230773,
    0.10121069340628192,
    0.10111788190658529,
    0.10117697330159053,
    0.09867327539880473,
    0.09428931062196132,
    0.10502985891020089,
    0.08901559852791908,
    0.09884056289281164,
    0.07601508790426385,
    0.06771413972111125,
    0.09643229026170004,
    0.14099850236697303,
    0.08307204201332011,
    0.056162030709193164,
    0.03899865745529439,
    0.0843056300304886,
    0.2732418836059427,
    0.06009465695491859,
    0.0721058770313971,
    0.0786132168463597,
    0.07126807972303309,
    0.04974093901595675,
    0.08917152347570673,
    0.1187859080489118,
    0.07866230561750426,
    0.06930637742885223,
    0.05940548972901246,
    0.04233677084452676,
    0.04700963724495605,
    0.03319533103913592,
    0.03793488287910782,
    0.023726188864811024,
    0.04656492071903141,
    0.02605728679838448,
    0.024597607310254472,
    0.033162961627606465,
    0.022887607513551126,
    0.03025714378981363,
    0.023655718393194348,
    0.01785845462148799,
    0.019466848815219442,
    0.016903289819000883,
    0.01800522821626269,
    0.0300571987251366,
    0.0738021218985842,
    0.10657837277367002,
    0.061906163358972185,
    0.04669465943657441,
    0.01893097412466704,
    0.015187445143354418,
    0.01753203550302295,
    0.013145789392012403,
    0.010367992039965955,
    0.012255267324136164,
    0.011280284316878868,
    0.02202077376140389,
    0.016087434821783153,
    0.03797733845343267,
    0.014692959807495725,
    0.009241508497368722,
    0.010570557806687546,
    0.010064765110723954,
    0.013926224078152114,
    0.008024694294176231,
    0.027047424285408846,
    0.03619077916777597,
    0.060486990865086555,
    0.04298314545536997,
    0.022159447371819636,
    0.01831770685027566,
    0.007533061145373006,
    0.004844706600653311,
    0.0056694061822143565,
    0.008527810960181785,
    0.02163316318788624,
    0.014174399967480423,
    0.025814178682172808,
    0.028843964844531285,
    0.016031895781824023,
    0.008429828961204765,
    0.00712419478374447,
    0.006533439383190826,
    0.01540262800148854,
    0.008893352334739472,
    0.0197775041932365,
    0.01007620528116262,
    0.011368297942024761,
    0.015126716934919432,
    0.00415314492631825,
    0.013193095751797645,
    0.03485382271272348,
    0.016971237021194945,
    0.004701182169181512,
    0.006035885754926014,
    0.013955497437327128,
    0.020253671214152547,
    0.011259487687719795,
    0.005458126507785853,
    0.007781101330615263,
    0.003112169415754194,
    0.00811885853291006,
    0.0048298761575368415,
    0.0033465636372426175,
    0.005667797816867116,
    0.0037404970163222692,
    0.003552847307287437,
    0.002983373357566601,
    0.0036192682780614846,
    0.004125502251408396,
    0.010095781583063547,
    0.003691446852612363,
    0.0065286003488214004,
    0.005044360126352362,
    0.003080178754763645,
    0.009434904011531282,
    0.008945572164311147,
    0.020114150530988945,
    0.0035405326214499938,
    0.0034264178997965387,
    0.011348713639852846,
    0.012855847746619306,
    0.016648336084919016,
    0.010152869309616137,
    0.006307841317709489,
    0.007110003038848701,
    0.008631783837066231,
    0.020092735993664217,
    0.012802359831279008,
    0.004145245069671739,
    0.007879107242874932,
    0.0016596803510500898,
    0.0019441231149237108,
    0.003043846180983457,
    0.0036687865677665463,
    0.002828687080473903,
    0.0044800968501392405,
    0.00919167367732129,
    0.0030149891470701326,
    0.0072176438700267695,
    0.01375706285649075,
    0.06309118584722728,
    0.0064681958008025375,
    0.0032481192599487186,
    0.0041719583969097584,
    0.001243359318095257,
    0.001281159640351698,
    0.0006538350243042025,
    0.0007285135854686258,
    0.0019271203904951874,
    0.0024546074958455124,
    0.0007897014870821268,
    0.0005531605408730611,
    0.0004963121586056184,
    0.0004465564035995511,
    0.0004090476732222272,
    0.00038654523963860835,
    0.00036665887440867574,
    0.000349520981433757,
    0.0003350945067782198,
    0.0003213863783913669,
    0.00030907859141999074,
    0.0002985857105263938,
    0.00028770113542059175,
    0.00027777874755631097,
    0.00026953375447447527,
    0.00026034986790147654,
    0.00025251329851901056
  ],