{
  "best_test_loss": 0.3722572754878862,
  "best_f1_test": 0.8915478615071283,
  "best_acc_test": 0.8915478615071283,
  "best_valid_loss": 0.32663187130968624,
  "best_f1_valid": 0.898936170212766,
  "model_save_name": "model",
  "is_univariate": true,
  "dataset_name": "NonInvasiveFetalECGThorax1",
  "network_arch": "ViT",
  "seed": 10,
  "best_train_loss": 0.1646177929866004,
  "batch_size": 64,
  "learning_rate": 0.0009935986817768193,
  "epochs": 500,
  "patience": 30,
  "min_loss_improvement": 0,
  "epoch_model_saved": 101,
  "optimizer": "Adam",
  "criterion": "NLLLoss",
  "optimization_losses": [
    0.3717151341286111,
    0.43575304049126645,
    0.36384385887612686,
    0.34316157153312193,
    0.3752697160903444,
    0.35152164260123636,
    0.5568792236612198,
    0.3605585662608451,
    0.36687536759579437,
    0.3829757051264986,
    0.3580164833271757,
    0.38925076101688627,
    0.8286425712260794,
    0.3730399291566078,
    0.33071947034369126,
    0.7618278315726746,
    0.3483971205163509,
    0.3603736206572107,
    0.34367197181316134,
    0.36874669219585177,
    0.3467060295825309,
    0.4116530773487497,
    0.3482465864496028,
    0.3434731034522361,
    0.32663187130968624,
    0.4453263352525995,
    0.37814934837057235,
    0.340818723465534,
    0.3679119304139563,
    0.3589967904572791
  ],
  "best_train_losses": [
    3.827700242808564,
    3.4290900329260112,
    2.8549468554163684,
    2.4703073578658277,
    2.0861403575181456,
    1.750267178595108,
    1.5535865914042535,
    1.3652031509623257,
    1.1973481156502654,
    1.1308525311469362,
    1.1547966340186306,
    0.9914679033439593,
    0.9408695091266324,
    0.9569219810729788,
    0.8671872764092805,
    0.9052199267285522,
    0.8104663614814581,
    0.7767495440498507,
    0.843829602442907,
    0.7525629270101883,
    0.7515647177619157,
    0.6337492942223646,
    0.6553738824682845,
    0.6440032993666487,
    0.5920349116988862,
    0.5893948105800679,
    0.6066202203823661,
    0.6060829381245756,
    0.6325025353646161,
    0.50835334664068,
    0.49603489164893927,
    0.5879076044071918,
    0.6108191593884584,
    0.5434209031700167,
    0.4924738209639648,
    0.49016769398959353,
    0.4644937886793012,
    0.4428791257795614,
    0.4636259721520076,
    0.41058216969144234,
    0.4358763159871185,
    0.48061902246170285,
    0.4245665719705154,
    0.38234093703607064,
    0.3887749792653243,
    0.37566640401338913,
    0.5134104696466985,
    0.3993252086455103,
    0.3878241388293445,
    0.3753319576393109,
    0.3889880389163633,
    0.3787009654879486,
    0.38081361266482655,
    0.4209381953059831,
    0.3699497362927325,
    0.33239256090583386,
    0.27672774979788406,
    0.30340410923966205,
    0.3171484715404095,
    0.33008697828983474,
    0.28857618308536453,
    0.2831642090834452,
    0.29613903136590125,
    0.3391739603967124,
    0.2551691748479346,
    0.2589661613661725,
    0.3123662311083736,
    0.22961472304706748,
    0.2691840151690067,
    0.2323104139896488,
    0.27708499545122817,
    0.22936625456671772,
    0.27288561859393906,
    0.2501302734279163,
    0.29878302774040616,
    0.2965597526254741,
    0.3202234513937212,
    0.26888310829686685,
    0.2885525198843139,
    0.2548453215973024,
    0.29536198589555496,
    0.28727384794369937,
    0.26379851440853913,
    0.22072935936866472,
    0.23033793739717942,
    0.22999345715918845,
    0.2598488228637738,
    0.28022194310802856,
    0.27279784018861014,
    0.216633897533906,
    0.2092759090640012,
    0.196456793583118,
    0.17222987971440723,
    0.17509276770154775,
    0.2181702694127196,
    0.18738833765119042,
    0.20937129771382726,
    0.1850023064670727,
    0.1944631818035331,
    0.18632947769243785,
    0.1646177929866004,
    0.15180451581575297,
    0.19146142461227852,
    0.26261676874113854,
    0.22878087758599078,
    0.2730968945351438,
    0.2586740186871229,
    0.22314156495553042,
    0.2386112101245161,
    0.18485578394070196,
    0.22157268549720754,
    0.21151432599178605,
    0.19697045201327043,
    0.19381989991044965,
    0.16961395062993131,
    0.1867289222771654,
    0.15470064731441746,
    0.18107812975756485,
    0.16865615483873425,
    0.1460104095248881,
    0.16902420069768406,
    0.15936865283337304,
    0.13017364840585416,
    0.14661584565192146,
    0.2002820307107476,
    0.1833706571185832,
    0.16868396513870879,
    0.15037784865224185,
    0.1716705125587052,
    0.15474396187338246
  ],
  "best_valid_losses": [
    3.737047890399365,
    2.977722670169587,
    2.559475802360697,
    2.341164178036629,
    1.6965301417289895,
    1.5036345568109066,
    1.2252746668267758,
    1.0830437198598335,
    1.048374002284192,
    0.9804682021445417,
    0.9837250633442656,
    0.8804050290838201,
    0.7586145629274085,
    0.7732987835052165,
    1.0311393610974575,
    0.7599251790249602,
    0.7515618585525675,
    0.8414369263547532,
    0.8412892387268391,
    0.7306931652921311,
    0.5952039538545811,
    0.7529370264804109,
    0.5844457923097813,
    0.6380390791182823,
    0.5342594080782951,
    0.6723670211244137,
    0.6393639255077281,
    0.6130359096730009,
    0.5165029599311504,
    0.48971809605334665,
    0.6030504576703335,
    0.5749370709378668,
    0.5391642286422405,
    0.5450260766009067,
    0.5417854862010225,
    0.5479608622003109,
    0.519353006748443,
    0.568638006423382,
    0.49542390412472664,
    0.4620936024696269,
    0.4762875146054207,
    0.49671928362643464,
    0.5158853898657129,
    0.4094559448830625,
    0.46412822033496615,
    0.41907500142746784,
    0.46939697354397875,
    0.46768320050645384,
    0.4824638785199916,
    0.445912186135637,
    0.402486799879277,
    0.48987091602163113,
    0.48707675680201107,
    0.4609289841449007,
    0.3994557052216631,
    0.4303156638399084,
    0.3866381093542627,
    0.3896426964313426,
    0.41120939559124886,
    0.38170941332553293,
    0.36952299196669397,
    0.38017930502587177,
    0.39445491420461776,
    0.4113784635320623,
    0.3995465826480947,
    0.38830593291749343,
    0.35265151236919645,
    0.3554445758778998,
    0.41338863588394004,
    0.4395080937984142,
    0.37288124573991654,
    0.39817404683600083,
    0.39417903981310254,
    0.4342110036535466,
    0.45544163470572613,
    0.43208930276809854,
    0.44107171449255433,
    0.3710807403351398,
    0.37499248474202257,
    0.41407704606969303,
    0.4212399607009076,
    0.3737718272716441,
    0.4078140360243777,
    0.4211804556085708,
    0.4174438404276016,
    0.38967811617445436,
    0.42081395742741035,
    0.4753414493926028,
    0.3915160019347008,
    0.41142210364341736,
    0.363785594067675,
    0.3410106123761928,
    0.3977694701641164,
    0.4568805498011569,
    0.3913126403981067,
    0.3941988266528921,
    0.39644603399520223,
    0.3501122492424985,
    0.408317357935804,
    0.4076256181331391,
    0.32663187130968624,
    0.3686946820705495,
    0.40716125863663694,
    0.44005371218032024,
    0.4259724991118654,
    0.43434701955064814,
    0.41723938825282647,
    0.45755697184420646,
    0.4115695636323158,
    0.44531835140065945,
    0.41212528119695946,
    0.44542336273700633,
    0.39913509944651987,
    0.3816538801852693,
    0.3683209691910034,
    0.41619692394073976,
    0.4331187707312564,
    0.4850464964166601,
    0.4016183804958425,
    0.38347851849616843,
    0.38367832594729484,
    0.3785138187256265,
    0.3631948930151919,
    0.39853850831376747,
    0.4385889172554016,
    0.38354369046840264,
    0.4036896571199945,
    0.40451223228840116,
    0.35761044760967825,
    0.45573339436916593
  ],
  "data_normalization_method": "standard",
  "normalization_parameters": {
    "mean": 0.00014899354114485957,
    "std": 0.9993330998615045
  }
}