{
  "best_test_loss": 0.33974462953869283,
  "best_f1_test": 0.8479604449938195,
  "best_acc_test": 0.8479604449938195,
  "best_valid_loss": 0.11803349820791938,
  "best_f1_valid": 0.9491059147180193,
  "model_save_name": "model",
  "is_univariate": true,
  "dataset_name": "FordB",
  "network_arch": "Inception",
  "seed": 17,
  "best_train_loss": 0.08174340461253955,
  "batch_size": 64,
  "learning_rate": 0.0005746174558373644,
  "epochs": 500,
  "patience": 30,
  "min_loss_improvement": 0,
  "epoch_model_saved": 12,
  "optimizer": "Adam",
  "criterion": "NLLLoss",
  "optimization_losses": [
    0.1185270519376293,
    0.12313334071468127,
    0.13390554243793515,
    0.11900121697123474,
    0.12495747270085625,
    0.12701044952627552,
    0.11803349820791938,
    0.12493499586207503,
    0.13460620729434605,
    0.1367979924280345
  ],
  "best_train_losses": [
    0.24045829054741943,
    0.1572661142401715,
    0.14564963022280264,
    0.13489086051795637,
    0.12578689676941343,
    0.1204766417242474,
    0.11942180422387064,
    0.11059781465746021,
    0.10224255992732481,
    0.09251470058807973,
    0.09068568273763873,
    0.08174340461253955,
    0.0752081439780402,
    0.06575166990024843,
    0.06275723074938196,
    0.05862160407754873,
    0.05277736475268453,
    0.03784401473964589,
    0.03836014364465579,
    0.030576447795492376,
    0.03253583770317053,
    0.02866540343194503,
    0.028138741435793112,
    0.021556467305935478,
    0.025622458081882054,
    0.041385855074162294,
    0.030585922742777466,
    0.018689745319738185,
    0.02001365209690089,
    0.018874910111158594,
    0.022380008335972135,
    0.022005603460648174,
    0.015634027172643512,
    0.026333559506881515,
    0.009852481054774955,
    0.004652313679902516,
    0.01463239164023751,
    0.013990514322748969,
    0.0067696904166610564,
    0.0028672171784948366,
    0.0020199782012132648
  ],
  "best_valid_losses": [
    0.15496237246009636,
    0.14567951559815479,
    0.15583006462704857,
    0.14214920196195416,
    0.1311989876722207,
    0.1539335058799636,
    0.16569160140200198,
    0.13124860723745052,
    0.15167481733544985,
    0.1483484388596828,
    0.1628261155447573,
    0.11803349820791938,
    0.14590575862701527,
    0.18543340466619357,
    0.17172373594534282,
    0.31010934322216693,
    0.1659932624769014,
    0.29480928546932245,
    0.20301802945611525,
    0.16696345245534813,
    0.17887646824818365,
    0.2989346927731327,
    0.2706564431081294,
    0.20710760656298435,
    0.3890859185931935,
    0.347519666474041,
    0.5300279849297284,
    0.4305953838730531,
    0.20441596445075377,
    0.23548929402258817,
    0.22177350286399483,
    0.25644163287499666,
    0.21499402045132657,
    0.19709516672015273,
    0.23411931155923307,
    0.3820119258503146,
    0.28945605946702185,
    0.25750313878079883,
    0.36593771228846034,
    0.38760016706901534,
    0.2513623649172454
  ],
  "data_normalization_method": "standard",
  "normalization_parameters": {
    "mean": -8.025888710833714e-12,
    "std": 0.9989994995286607
  }
}