{
  "best_test_loss": 0.018798641008800177,
  "best_f1_test": 0.9936719130293689,
  "best_acc_test": 0.9936719130293689,
  "best_valid_loss": 0.009064787118440836,
  "best_f1_valid": 1.0,
  "model_save_name": "model",
  "is_univariate": true,
  "dataset_name": "Wafer",
  "network_arch": "LSTM",
  "seed": 1,
  "best_train_loss": 0.010422749864987861,
  "batch_size": 64,
  "learning_rate": 0.0004175358610273369,
  "epochs": 500,
  "patience": 30,
  "min_loss_improvement": 0,
  "epoch_model_saved": 109,
  "optimizer": "Adam",
  "criterion": "NLLLoss",
  "optimization_losses": [
    0.09476042905850197,
    0.2849202056355144,
    0.013063813369739708,
    0.1078475707799048,
    0.025302787807153827,
    0.016960759216280125,
    0.11113219993624521,
    0.009064787118440836,
    0.061493268820332056,
    0.012146745136572946
  ],
  "best_train_losses": [
    0.6276211478656396,
    0.3912566735556251,
    0.3427560475461166,
    0.3247175523661133,
    0.3188504366423552,
    0.31894832666505846,
    0.3185393864424306,
    0.31856541641822134,
    0.31857407436633767,
    0.3185520271833678,
    0.3185626353536333,
    0.3185322722023292,
    0.31851717799827267,
    0.31848202675655674,
    0.3184515133985601,
    0.31841216271831874,
    0.3183727814514834,
    0.3183284543435974,
    0.318281599266786,
    0.3182297335904941,
    0.3181721763802053,
    0.31810621532581207,
    0.3180294626189354,
    0.3179385085825932,
    0.3178225997321886,
    0.3176687738127577,
    0.31749268458750013,
    0.31726237567594473,
    0.3169293163488981,
    0.3164825486135961,
    0.3108178071659012,
    0.22532486911853752,
    0.3158588144265321,
    0.1955111492845349,
    0.1812341002593363,
    0.13890506371967776,
    0.18996217656404452,
    0.22836033058793923,
    0.3181625605376442,
    0.3178593845743882,
    0.31789085549071316,
    0.31733559490295876,
    0.3171340410870717,
    0.3168607094981019,
    0.3165853562062247,
    0.3162886427533358,
    0.3158494621365889,
    0.31507673769965205,
    0.31300300116975205,
    0.31277402738730115,
    0.24940615537620725,
    0.12779615037049866,
    0.15919324972277,
    0.3897632565862852,
    0.2902777918000568,
    0.13961851707003767,
    0.11919406963918443,
    0.1352588156037462,
    0.17760578223637172,
    0.5071437985900052,
    0.1271669172814914,
    0.1241435149595851,
    0.125793174002553,
    0.17966330430486746,
    0.23676497707689614,
    0.17853100175845593,
    0.12640948169736335,
    0.1300739043936096,
    0.14674933420909675,
    0.13242007271015555,
    0.1322894580568885,
    0.1289839568293483,
    0.1168263551211895,
    0.0991178544653687,
    0.1220788302128775,
    0.1281272548071125,
    0.0907469441866815,
    0.0870183556525032,
    0.10709979416881886,
    0.09245609548082925,
    0.10793121814503706,
    0.09966553738317394,
    0.0816774210404782,
    0.08584807193219512,
    0.07721912596645511,
    0.07386672300727744,
    0.04499995354609681,
    0.05633875408342907,
    0.04049691896801604,
    0.03886355041411885,
    0.03512064728391051,
    0.03371141798663558,
    0.053635558958415104,
    0.05636810111745557,
    0.03372108448941009,
    0.05048829935173642,
    0.11969674225513798,
    0.03294488536497405,
    0.0306400808325985,
    0.030787626061971326,
    0.017674357179823078,
    0.019700311058968828,
    0.022935786156128523,
    0.023381391955646955,
    0.07211628328439287,
    0.02991276966141803,
    0.0243525280148015,
    0.030669318796847398,
    0.010422749864987861,
    0.03320417393531118,
    0.023622940212749598,
    0.021393852245370697,
    0.18536181363246793,
    0.2593373440224724,
    0.08058003552799535,
    0.016822821649729758,
    0.05693345195742179,
    0.22294409121188305,
    0.2046939936795629,
    0.38811254964436503,
    0.2172615732950973,
    0.20926370626702942,
    0.3294165878367603,
    0.2537443534772199,
    0.19418771912280777,
    0.3712505280672757,
    0.3571622722728509,
    0.21750427797474062,
    0.1665212479711774,
    0.19463009219196506,
    0.30307187578806605,
    0.23154107796817197,
    0.4105022315468107,
    0.17446520140763364,
    0.20094459843740128,
    0.09561450671133839,
    0.11103912603511547,
    0.16944684387000283
  ],
  "best_valid_losses": [
    0.5356373763203028,
    0.35140086910617885,
    0.33111236844934633,
    0.3259786586485692,
    0.32547437484881175,
    0.32492414880451276,
    0.32493907113128634,
    0.3249250189285373,
    0.32491927501277545,
    0.32492108235311745,
    0.324893179076228,
    0.32487128259827247,
    0.32483490849312263,
    0.3248013903326656,
    0.32476157198349637,
    0.32472118690832336,
    0.32467597126219405,
    0.32462675543270303,
    0.3245707790353405,
    0.32450596024444445,
    0.3244279849514439,
    0.3243303831240431,
    0.32420212097132384,
    0.3240277340163046,
    0.32379488365270603,
    0.3235033563713529,
    0.3231239181697665,
    0.322628574251239,
    0.3219435127516884,
    0.3201811414823603,
    0.29162584638121114,
    0.46185300412092045,
    0.24064790928245183,
    0.3104826145207704,
    0.11943660739494201,
    0.26109023557151134,
    0.2996198949936907,
    0.3227649277715541,
    0.32357851371391494,
    0.3238533820901344,
    0.3236448000467832,
    0.3237146035355715,
    0.32369787865017186,
    0.3236894247247212,
    0.32366451769325866,
    0.3235663004330735,
    0.3233465751382842,
    0.32280330611995206,
    0.32214946981834536,
    0.3178428817744279,
    0.13318084647406392,
    0.1107311606110625,
    0.47449972158047693,
    0.3241883101896267,
    0.11630196250344983,
    0.1131263835476109,
    0.1369917043554249,
    0.2754393599519682,
    0.5599994185700345,
    0.11364787613129734,
    0.12123373966311934,
    0.12916506678607334,
    0.2514656318991042,
    0.3252322615972206,
    0.11389908031444644,
    0.10957073659371974,
    0.1114886974665656,
    0.14117094420304346,
    0.11226771962805766,
    0.14145108775712958,
    0.11348100025114136,
    0.10547643456960198,
    0.09067365951576636,
    0.09713812902643906,
    0.10337766784414723,
    0.0800883916405896,
    0.06684227960545626,
    0.06497036220867243,
    0.05797260185119821,
    0.18176819807594985,
    0.07910893334826427,
    0.0663136328334239,
    0.1671513159254297,
    0.05396229810827407,
    0.03745402519901594,
    0.03393067263845188,
    0.03136466484312987,
    0.03417717268810937,
    0.01735504785209746,
    0.04641971748266647,
    0.020295972069401053,
    0.037818943015971586,
    0.0309107223553444,
    0.06987266042339269,
    0.039824292805064374,
    0.06292165466005084,
    0.029442467203187706,
    0.017932659951015492,
    0.018199970806712536,
    0.012571973587150004,
    0.013680992138326464,
    0.01681780896673155,
    0.09966589458546235,
    0.030753169968650115,
    0.0354671633955258,
    0.027985587725369493,
    0.01539028207979985,
    0.012733850238928155,
    0.009064787118440836,
    0.010366993979435062,
    0.009913671761751175,
    0.016638976535690363,
    0.17417646094285583,
    0.2023821807471081,
    0.013227315406449398,
    0.026585946165358844,
    0.011023110246739874,
    0.2487452967249932,
    0.5670113849699201,
    0.3527016651571093,
    0.1285575956699267,
    0.9286110859308669,
    0.3044204120315723,
    0.21072530144112028,
    0.15995645237651038,
    0.454915389418602,
    0.30182060045166986,
    0.22256365559290892,
    0.18331511459540373,
    0.14467208406225365,
    0.13536756911977607,
    0.6960018868766614,
    0.21709654398670244,
    0.16308843379664184,
    0.12784229508086817,
    0.12993861786761687,
    0.10498694468762225,
    0.06469214337632356
  ],
  "data_normalization_method": "standard",
  "normalization_parameters": {
    "mean": -1.064256083058393e-10,
    "std": 0.9967050981389439
  }
}