{
  "best_test_loss": 0.2213778620736901,
  "best_f1_test": 0.9226686884003032,
  "best_acc_test": 0.9226686884003032,
  "best_valid_loss": 0.2005321847067939,
  "best_f1_valid": 0.9236111111111112,
  "model_save_name": "model",
  "is_univariate": true,
  "dataset_name": "FordA",
  "network_arch": "ViT",
  "seed": 27,
  "best_train_loss": 0.17103901952505113,
  "batch_size": 64,
  "learning_rate": 0.000938404610679446,
  "epochs": 500,
  "patience": 30,
  "min_loss_improvement": 0,
  "epoch_model_saved": 9,
  "optimizer": "Adam",
  "criterion": "NLLLoss",
  "optimization_losses": [
    0.311472127172682,
    0.2770863175392151,
    0.2937221844991048,
    0.2772137588924832,
    0.3033174157142639,
    0.2646022730403476,
    0.20072626670201618,
    0.304743935002221,
    0.31011203394995795,
    0.2263740234904819,
    0.28944672213660344,
    0.2527760598394606,
    0.21694561706648932,
    0.21288219889005025,
    0.2755973325835334,
    0.25665538708368935,
    0.21546509663263957,
    0.24625107712215846,
    0.225771078798506,
    0.3081383612420824,
    0.2115368472205268,
    0.2005321847067939,
    0.20851320889261032,
    0.21450965338283115,
    0.21247769792874655,
    0.2400239004029168,
    0.277548160817888,
    0.2023865050739712,
    0.2154333445760939,
    0.23718727827072145
  ],
  "best_train_losses": [
    0.695838553375668,
    0.4197308361530304,
    0.327195366885927,
    0.26204538063870536,
    0.2572497142685784,
    0.20235989946458074,
    0.19388065884510677,
    0.16493845764133666,
    0.17103901952505113,
    0.1470629207789898,
    0.13831972719894514,
    0.11389332148763869,
    0.12481597794426812,
    0.0803978503578239,
    0.10690911387403806,
    0.08510887380689383,
    0.09220266054487891,
    0.08678784835048847,
    0.11536316308710311,
    0.07489202953875065,
    0.06251867084453504,
    0.05425000928549303,
    0.08567311734788947,
    0.08193792713185151,
    0.08780032553606563,
    0.055583203211426735,
    0.0538340961560607,
    0.0442039236995495,
    0.05326833055458135,
    0.06075895271367497,
    0.05727669284161594,
    0.056900749417642754,
    0.04089742500541939,
    0.06225443585879273,
    0.0630064596525497,
    0.04096704434810413,
    0.05844033854082227,
    0.04057392202214234
  ],
  "best_valid_losses": [
    0.5186099966367086,
    0.30901195804278053,
    0.26655602521366545,
    0.2382788962788052,
    0.22578195730845133,
    0.22268994980388218,
    0.3353213058577644,
    0.24675870603985256,
    0.2005321847067939,
    0.214700362417433,
    0.2425583435429467,
    0.2924898518456353,
    0.25861234797371757,
    0.25550352334976195,
    0.28885644210709466,
    0.2662676003244188,
    0.29869822793536716,
    0.27881670792897545,
    0.265450202094184,
    0.28348831203248764,
    0.34498370952076385,
    0.38896873858239916,
    0.26128988663355507,
    0.270415014690823,
    0.2354308201207055,
    0.3175433854262034,
    0.2921592712402344,
    0.34327456421322294,
    0.27507236003875735,
    0.325267051325904,
    0.2649076594246758,
    0.35655831628375584,
    0.34745452139112687,
    0.32972547345691255,
    0.33072868585586546,
    0.3631890508863661,
    0.30211262967851427,
    0.4436227440834045
  ],
  "data_normalization_method": "standard",
  "normalization_parameters": {
    "mean": -2.3081128410022225e-11,
    "std": 0.9989994995179163
  }
}