{
  "best_test_loss": 0.4221003446060294,
  "best_f1_test": 0.8195302843016069,
  "best_acc_test": 0.8195302843016069,
  "best_valid_loss": 0.13897224895891822,
  "best_f1_valid": 0.9353507565337001,
  "model_save_name": "model",
  "is_univariate": true,
  "dataset_name": "FordB",
  "network_arch": "ResNet",
  "seed": 16,
  "best_train_loss": 0.11955788629603517,
  "batch_size": 64,
  "learning_rate": 0.0003462102062658012,
  "epochs": 500,
  "patience": 30,
  "min_loss_improvement": 0,
  "epoch_model_saved": 18,
  "optimizer": "Adam",
  "criterion": "NLLLoss",
  "optimization_losses": [
    0.14722383186282614,
    0.15879700360550678,
    0.173292736198748,
    0.14945796744941517,
    0.14756515818908092,
    0.14923859997415476,
    0.1454197421383005,
    0.15009728447115242,
    0.13897224895891822,
    0.16659256278894627
  ],
  "best_train_losses": [
    0.30561825583856733,
    0.2338747890894154,
    0.2105363316967202,
    0.20182309077317317,
    0.18878495576375123,
    0.18241482091737088,
    0.1768612195897791,
    0.17391973099526545,
    0.16990783776795848,
    0.16333876518427587,
    0.15520274906612655,
    0.15037236484651553,
    0.14642329207599736,
    0.14411184250119627,
    0.1415410683255904,
    0.14064722327820373,
    0.12644322792470372,
    0.11955788629603517,
    0.11882511646764807,
    0.12007962986109509,
    0.12659387564109806,
    0.11572470714272791,
    0.10553539933270405,
    0.10816887268050993,
    0.10225410991062653,
    0.09235934684106867,
    0.09229545975731689,
    0.08063485644798742,
    0.0847284476461076,
    0.06258470679350207,
    0.06078712985770165,
    0.05715550151121952,
    0.0564141241843816,
    0.06170672538499393,
    0.057959039664815755,
    0.04685664229720134,
    0.04717496414367812,
    0.05907705837689043,
    0.046430349309622546,
    0.04168018859399911,
    0.03557214221117718,
    0.02530899244210743,
    0.02217132873459113,
    0.02321986570324047,
    0.021560016863862823,
    0.022072072742004692,
    0.012975876452721543
  ],
  "best_valid_losses": [
    0.35301090996235895,
    0.21058726126258934,
    0.2054517273643814,
    0.18540796100519383,
    0.16924486416898044,
    0.20990685202396556,
    0.19860084750465382,
    0.223425096052057,
    0.20459646068544138,
    0.15400388033386767,
    0.16878127953373254,
    0.21764405155772193,
    0.27698239639011996,
    0.15852576664340218,
    0.2251121112372229,
    0.1617114630206251,
    0.19515951746431637,
    0.13897224895891822,
    0.15988036744204315,
    0.1915503999799941,
    0.24739088665340428,
    0.1610086083904093,
    0.21364935080647632,
    0.16176456907838377,
    0.2547701748275035,
    0.24185600653393233,
    0.2210929631121057,
    0.16372219146199862,
    0.15920780834830284,
    0.18694613349240943,
    0.16815740189821224,
    0.20009108795752387,
    0.17801872213490236,
    0.5676550212555771,
    0.3291741323028339,
    0.17628026687049472,
    0.1828857758678137,
    0.2277338473226214,
    0.22358899775692653,
    0.3172767185689331,
    0.2614918829158379,
    0.17550201968198959,
    0.20862089350635116,
    0.20350449662425002,
    0.22226140726014376,
    0.22756929246726684,
    0.2693141302429498
  ],
  "data_normalization_method": "standard",
  "normalization_parameters": {
    "mean": -8.025888710833714e-12,
    "std": 0.9989994995286607
  }
}