{
  "best_test_loss": 0.6231907449929764,
  "best_f1_test": 0.7367119901112484,
  "best_acc_test": 0.7367119901112484,
  "best_valid_loss": 0.2984416955233932,
  "best_f1_valid": 0.8885832187070152,
  "model_save_name": "model",
  "is_univariate": true,
  "dataset_name": "FordB",
  "network_arch": "MLP",
  "seed": 2,
  "best_train_loss": 0.15117210025759478,
  "batch_size": 64,
  "learning_rate": 0.0004441244575263594,
  "epochs": 500,
  "patience": 30,
  "min_loss_improvement": 0,
  "epoch_model_saved": 39,
  "optimizer": "Adam",
  "criterion": "NLLLoss",
  "optimization_losses": [
    0.3121473143361458,
    0.33858545827570447,
    0.30902997747658045,
    0.31226303372045333,
    0.30915949277405563,
    0.3166995901189119,
    0.2984416955233932,
    0.3084857303141892,
    0.33322324867179665,
    0.3049024524067258
  ],
  "best_train_losses": [
    0.6934793775150504,
    0.6844344316191325,
    0.6677540600545797,
    0.624686097754409,
    0.5673333312163162,
    0.5251980890024152,
    0.4809339770014709,
    0.4359747006197907,
    0.4148650332117015,
    0.3915842124446714,
    0.3665758077839218,
    0.3289944765656326,
    0.315418698744236,
    0.3269856270848475,
    0.2934595340506739,
    0.28784558668917115,
    0.25403881316909765,
    0.25028694558381376,
    0.2514877823761765,
    0.2502445445141077,
    0.22284028844131565,
    0.21990700652297623,
    0.21417558232150674,
    0.21347995572806716,
    0.20483720884690423,
    0.20764388164513048,
    0.18993204019379584,
    0.1862316937192229,
    0.19028040610940453,
    0.17865107158785673,
    0.18558087196851858,
    0.18028501764534263,
    0.1737356520881761,
    0.15807928156205023,
    0.17310888442163455,
    0.1633729603054435,
    0.16879141278964618,
    0.15724732629965063,
    0.15117210025759478,
    0.14789018549404248,
    0.14774342006305552,
    0.13555453807894433,
    0.15084826453310915,
    0.13789315169172406,
    0.12993097625047664,
    0.13752552060899742,
    0.1468613120936052,
    0.10834245371441402,
    0.11376769853015385,
    0.1385521803543156,
    0.12657857652461513,
    0.13290125997596133,
    0.13039930405138775,
    0.12559041907649585,
    0.118610699449703,
    0.11910771126596276,
    0.10479071783478355,
    0.12190231366244438,
    0.11973490248315108,
    0.10067592704722444,
    0.112437011451144,
    0.10908845706523859,
    0.12304987614920576,
    0.0996971594930679,
    0.11770126789275356,
    0.13207591412155958,
    0.10508284176683164,
    0.10247175725486944
  ],
  "best_valid_losses": [
    0.6910032411880965,
    0.6808235972422845,
    0.6615647542427462,
    0.612926208169457,
    0.548826288488249,
    0.5277289526416642,
    0.5042035677246083,
    0.4643241574544526,
    0.4332266028104491,
    0.42325644275017255,
    0.4220424307179746,
    0.40424863701017555,
    0.3889744703182656,
    0.40105451116699625,
    0.38669500337014334,
    0.3872142143885732,
    0.3713632877173089,
    0.36880886657201933,
    0.3533113765052457,
    0.3525182911011671,
    0.338224110179459,
    0.3347345703323737,
    0.34709705795677687,
    0.3281550463980789,
    0.3449644798917652,
    0.3260208047321771,
    0.3622652809590388,
    0.3374725085423114,
    0.33080741935287905,
    0.340975470031308,
    0.32716660521299346,
    0.32618881473023104,
    0.33831931923245795,
    0.3258938287196494,
    0.3143849955997244,
    0.3275654213874507,
    0.33808752468068465,
    0.3453159459150477,
    0.2984416955233932,
    0.3479430315993019,
    0.32298313575236964,
    0.32562401103678235,
    0.33658969496598434,
    0.32358755491048796,
    0.36313243437829995,
    0.33421206235516676,
    0.33360044991256776,
    0.3594325435907674,
    0.31788331067299747,
    0.3126915235589918,
    0.3435384131035418,
    0.32754305114731336,
    0.3265978590658311,
    0.32384670770725815,
    0.31056718880815387,
    0.33345873231654977,
    0.3455704462495434,
    0.3084647774573369,
    0.32517565155537614,
    0.32933446928920246,
    0.3186778665162838,
    0.3477743584893265,
    0.3197136015888749,
    0.3397199508863433,
    0.32454404648921187,
    0.30253351968617026,
    0.32072818582618745,
    0.3148684767286256
  ],
  "data_normalization_method": "standard",
  "normalization_parameters": {
    "mean": -8.025888710833714e-12,
    "std": 0.9989994995286607
  }
}