{
  "best_test_loss": 0.40909779869975965,
  "best_f1_test": 0.9103869653767822,
  "best_acc_test": 0.9103869653767821,
  "best_valid_loss": 0.3368970618603077,
  "best_f1_valid": 0.9281914893617021,
  "model_save_name": "model",
  "is_univariate": true,
  "dataset_name": "NonInvasiveFetalECGThorax2",
  "network_arch": "MLP",
  "seed": 6,
  "best_train_loss": 0.4013926093626927,
  "batch_size": 64,
  "learning_rate": 0.0003681601354595531,
  "epochs": 500,
  "patience": 30,
  "min_loss_improvement": 0,
  "epoch_model_saved": 357,
  "optimizer": "Adam",
  "criterion": "NLLLoss",
  "optimization_losses": [
    0.4542453257327384,
    1.3721040512653107,
    0.3974730524610966,
    0.3848016021099496,
    0.8598599395853408,
    0.3731920148463959,
    0.3368970618603077,
    0.34993694944584625,
    0.3495646702482345,
    0.5963900786765078
  ],
  "best_train_losses": [
    3.743690503958825,
    3.7271412586713457,
    3.7070786741863904,
    3.659423463543954,
    3.554861555112891,
    3.416515732012579,
    3.274765454457833,
    3.1377775449612066,
    3.025248333843175,
    2.886702346198591,
    2.799124507106532,
    2.6760660285105273,
    2.598854893290988,
    2.5180505525035417,
    2.430211888679885,
    2.3092274952336926,
    2.222774800999602,
    2.1756827345383645,
    2.0953623316946453,
    2.047793572500233,
    1.9718958822171284,
    1.9366807437495956,
    1.8691757021868471,
    1.868655337888593,
    1.8022736945122124,
    1.7191132687383024,
    1.6995583154412952,
    1.6630326542984994,
    1.6479788470754133,
    1.637933328548788,
    1.5898985912995864,
    1.6042901242357364,
    1.5442864303428023,
    1.518513117721193,
    1.5210327632981795,
    1.4910044553660207,
    1.4631697668295383,
    1.4257882538599107,
    1.4372801138997833,
    1.3599556775806827,
    1.3888698349682613,
    1.3429131738249884,
    1.3322455070425907,
    1.329382277129824,
    1.293344982476278,
    1.3359034583339033,
    1.2892155516591612,
    1.2669774275888295,
    1.2495466974195426,
    1.252791164043665,
    1.2465802716354375,
    1.1865115720289154,
    1.1459779144171167,
    1.1945785248857608,
    1.1602557545720233,
    1.1458514861799174,
    1.1244200942638636,
    1.1260052409208918,
    1.1573524588191502,
    1.106668865689072,
    1.1343018560449758,
    1.103013324092495,
    1.0796178055328964,
    1.0863866160976492,
    1.0987608068356276,
    1.0357288038822772,
    1.0538119719804213,
    1.0422815981249698,
    1.0031096825110435,
    1.0298229755018264,
    0.9737814188171087,
    1.0448389824896067,
    1.0279201054690341,
    0.9791331952169422,
    1.0030926504942705,
    0.955349595422738,
    0.9579078141267419,
    0.9711924519910833,
    0.9532414789947086,
    0.9756210283837684,
    0.9797357053548956,
    0.9704600102199439,
    0.9277002466286226,
    0.9441238408430479,
    0.9442664031318938,
    0.9345241302515701,
    0.9229772980583443,
    0.9210215096983035,
    0.9266771997101946,
    0.9235324339806321,
    0.9141810292185651,
    0.9273694767888297,
    0.8882007133935592,
    0.8932793651428008,
    0.8766263788297657,
    0.8800836977452688,
    0.8495788724591676,
    0.8419697440516672,
    0.8770229182273506,
    0.8595802384786679,
    0.8511592950187598,
    0.8010959996987796,
    0.8842695733651424,
    0.8545574266057742,
    0.8648906881676873,
    0.8729827121706472,
    0.8386115235756253,
    0.8101735239873364,
    0.8355730328858109,
    0.7591235192829006,
    0.825480961498038,
    0.830606852671837,
    0.7816773764867642,
    0.8271716426814516,
    0.8228850871931895,
    0.7853893069674746,
    0.7909090312869299,
    0.7824838676883231,
    0.8146412140956163,
    0.7781639530972034,
    0.7846126596188763,
    0.736252914221456,
    0.7684789903132077,
    0.7821075886131925,
    0.7576651555169911,
    0.7578162125777126,
    0.7535658588479793,
    0.7700428488760538,
    0.7278362256242453,
    0.7958919007176676,
    0.710212288444007,
    0.7430743570069738,
    0.7749896275268335,
    0.7135785824382967,
    0.7200676651589064,
    0.6924825321178745,
    0.6852459819150993,
    0.7255256407208955,
    0.6951878181830813,
    0.712370175378723,
    0.6984253514005697,
    0.6671811065368893,
    0.6944557368043268,
    0.7010036538959136,
    0.6963786801149203,
    0.6914160537284105,
    0.7012696869760354,
    0.7175760507290412,
    0.6949402319656153,
    0.6620302156545876,
    0.6985656520219563,
    0.6720123241379993,
    0.6854673714304339,
    0.701118520800697,
    0.672353922483038,
    0.6902697577664153,
    0.6657833374057617,
    0.6379623314861839,
    0.6398045762022532,
    0.6377882509481212,
    0.680905365432892,
    0.6637691123671542,
    0.6398639912682357,
    0.6288107986694813,
    0.6295294119326564,
    0.6475135847371142,
    0.656042612235645,
    0.6500548678682626,
    0.6212753814370885,
    0.6334670722819682,
    0.6552376242188275,
    0.6360610392591272,
    0.6774131798526392,
    0.604500060925916,
    0.6329367987848216,
    0.6192021686177981,
    0.6052052973234896,
    0.6109853007595721,
    0.6424190417319557,
    0.6413205970531606,
    0.5918455471560223,
    0.6130480669328887,
    0.612725988019962,
    0.585784038920178,
    0.5998557512389885,
    0.5726638828794971,
    0.5738489904080322,
    0.5701522900031137,
    0.5789639602139728,
    0.6102323935681971,
    0.5968273372107296,
    0.5779244633769788,
    0.5979964901298515,
    0.5723705925492443,
    0.5723555964939375,
    0.5857243688275758,
    0.5599504175189508,
    0.556985002333064,
    0.5394339055472164,
    0.5717907224167256,
    0.5406865982086158,
    0.5756479572722045,
    0.576534174461224,
    0.556645047618567,
    0.5467413195571846,
    0.5456195759337633,
    0.5460115445389013,
    0.5784043311360682,
    0.5703704150017934,
    0.5423834555516005,
    0.5371387667917318,
    0.5680583858900479,
    0.5506102296766561,
    0.534709329347081,
    0.5605152145457452,
    0.552601574929935,
    0.526987074360576,
    0.5629540506752964,
    0.5747419410370138,
    0.5933878562103588,
    0.5324210165171914,
    0.5421734808912096,
    0.5843937939644195,
    0.5628415140063513,
    0.5313901658198068,
    0.5082299644186391,
    0.5262153471806312,
    0.5345289335649615,
    0.5250315977625669,
    0.49415898341908054,
    0.4929332945309972,
    0.4893873796987433,
    0.5043937960143502,
    0.5081696439526572,
    0.4839343270908672,
    0.5146860134325142,
    0.5459005301549915,
    0.5358758105288403,
    0.5075471546561133,
    0.5036903103513778,
    0.5078357854571379,
    0.4926167074551653,
    0.48218001386521153,
    0.5005609752925785,
    0.5112713400277134,
    0.5321397506595914,
    0.4888800410468731,
    0.4825247409095751,
    0.5099736174394442,
    0.4874248207139031,
    0.47234541638502336,
    0.489953721231419,
    0.520813852464826,
    0.5077453741642763,
    0.4909808998240272,
    0.5089168134953719,
    0.4840048205994923,
    0.4554785101537711,
    0.49139465824115136,
    0.4848654017177,
    0.4713852227530007,
    0.5006978180906091,
    0.48357302335811514,
    0.4885771513320322,
    0.4455705195644416,
    0.4606487014221626,
    0.47628490887556124,
    0.47152508090519185,
    0.46175833646461983,
    0.4930008221326039,
    0.4334359969878314,
    0.510362518855743,
    0.46675770446522,
    0.48725056840932796,
    0.4720115387892103,
    0.4492893958292792,
    0.46739318809790753,
    0.46012448504284414,
    0.45706564449794845,
    0.46701516926246717,
    0.4790491517777185,
    0.4567449181245736,
    0.4317359340835941,
    0.3999355507835233,
    0.4533193565679954,
    0.49320192378503874,
    0.47385407646022376,
    0.4612057984964327,
    0.4481178213824542,
    0.4727587541558754,
    0.4372882275977607,
    0.45032273740811996,
    0.43659369216070826,
    0.45452114365843094,
    0.45953504242741217,
    0.4711411979444749,
    0.4677262960377497,
