{
  "best_test_loss": 0.02101109111361972,
  "best_f1_test": 0.994807723511277,
  "best_acc_test": 0.994807723511277,
  "best_valid_loss": 0.006865543949264866,
  "best_f1_valid": 1.0,
  "model_save_name": "model",
  "is_univariate": true,
  "dataset_name": "Wafer",
  "network_arch": "LSTM",
  "seed": 18,
  "best_train_loss": 0.016529739500002416,
  "batch_size": 64,
  "learning_rate": 0.00012296100312499583,
  "epochs": 500,
  "patience": 30,
  "min_loss_improvement": 0,
  "epoch_model_saved": 194,
  "optimizer": "Adam",
  "criterion": "NLLLoss",
  "optimization_losses": [
    0.3184160960847466,
    0.3217268372649577,
    0.012256900719668142,
    0.04620167884549395,
    0.030667608455564845,
    0.12906117018182478,
    0.31941096076917885,
    0.046288747748183964,
    0.006865543949264866,
    0.1454238689954008
  ],
  "best_train_losses": [
    0.6834492628138167,
    0.6416742831543275,
    0.5885583868899142,
    0.4683630371975122,
    0.3451033425435685,
    0.3309234744848165,
    0.3245159239697277,
    0.3208890562517601,
    0.32001630024503647,
    0.31927556680856195,
    0.3190175044656099,
    0.3187775508428277,
    0.31862662008083553,
    0.31851717340468166,
    0.3184241112088201,
    0.31835592704309257,
    0.3182975375338605,
    0.31824984881364016,
    0.31820983251085255,
    0.3181753476386082,
    0.31814569675533994,
    0.3181196971420656,
    0.31809668926368084,
    0.3180761556129408,
    0.3180575979159291,
    0.31804074208838,
    0.31802525985659214,
    0.31801093618075055,
    0.3179975966164343,
    0.3179850816950762,
    0.31797326559709727,
    0.3179620733685362,
    0.3179513511427662,
    0.3179410741592111,
    0.3179311354208112,
    0.317921520250483,
    0.3179121576903159,
    0.3179030029621339,
    0.3178940190557848,
    0.31788515503095804,
    0.31787639621057007,
    0.31786769486608957,
    0.31785900035597625,
    0.3178503172738211,
    0.3178415721221675,
    0.3178327589256124,
    0.31782381434488416,
    0.3178146701856962,
    0.3178052865622336,
    0.3177956204142487,
    0.3177855327389294,
    0.3177749868995863,
    0.31776381700409384,
    0.3177518971955268,
    0.3177390581459031,
    0.31772498782714803,
    0.317709449687996,
    0.31769199826215444,
    0.3176720648406442,
    0.31764901950395197,
    0.3176218514379702,
    0.3175892488550124,
    0.31754932117492035,
    0.3174992217530583,
    0.3174342028703307,
    0.3173453193858154,
    0.3172128865668051,
    0.3169875897112347,
    0.31654537467281324,
    0.31560950601160676,
    0.3143555266890012,
    0.3073857794130655,
    0.2787725944118691,
    0.22534905501027455,
    0.21462009417682065,
    0.21169093098108632,
    0.26098378895219404,
    0.25847075169994715,
    0.18294918974091237,
    0.20060385293082186,
    0.22721603389521292,
    0.15745594795037032,
    0.16954303848414792,
    0.15624612674378513,
    0.14984262090428432,
    0.15085170625295855,
    0.2840343523294406,
    0.3362960518153389,
    0.18655049416206235,
    0.14612759283760138,
    0.13747091983494006,
    0.17883895359989396,
    0.1625529816724304,
    0.13688715104769944,
    0.12836699662053197,
    0.12856668106894145,
    0.17280751694563337,
    0.16851335155187094,
    0.1226867150169865,
    0.12911203955498554,
    0.11562719209152356,
    0.11838769195671368,
    0.12330239103700881,
    0.12522460034765995,
    0.11590723850225147,
    0.1133532884873842,
    0.10665665761121831,
    0.10540926239843058,
    0.12603215018011873,
    0.12814603902791677,
    0.11706774440923132,
    0.10255540765467144,
    0.1186106226647408,
    0.10234899729266203,
    0.12477015765537892,
    0.09237672537938695,
    0.08652505101192565,
    0.07881191690314683,
    0.07647207961942916,
    0.06592692397441481,
    0.06938417876760165,
    0.05757387371775799,
    0.0478230609201399,
    0.049494974137771694,
    0.04866907561669374,
    0.04278997386943428,
    0.10318221705020371,
    0.057459103293660885,
    0.04669795486431821,
    0.09625511190720967,
    0.055638205129326435,
    0.07335621189503443,
    0.06183986963335434,
    0.03859233089669008,
    0.043368224442042504,
    0.09299544058973554,
    0.0328984994740041,
    0.043746345431396834,
    0.04462245748819489,
    0.04443203855800748,
    0.15287382197671368,
    0.08870421817764304,
    0.08832618924684095,
    0.046195190073105324,
    0.07180221446493365,
    0.03776219522669202,
    0.05195703782738749,
    0.023735341151480686,
    0.02886532022055229,
    0.03708126458495781,
    0.0394218342616818,
    0.05419243180092639,
    0.034043362392182634,
    0.04117555085588293,
    0.08097881024101175,
    0.03864972189274199,
    0.036224143077761756,
    0.041956771830362935,
    0.017125692185864114,
    0.023661028682476,
    0.020064903304148885,
    0.018506278113501713,
    0.026679793287554106,
    0.017187235091479125,
    0.02366107828882441,
    0.024542540064394325,
    0.018586984916092984,
    0.03537538866127344,
    0.041489667087597285,
    0.035390078507942666,
    0.041693757033736484,
    0.02874829284706734,
    0.04118433273992592,
    0.06111071365220206,
    0.033688478965433616,
    0.06973107295451607,
    0.03818544796796371,
    0.054832257190369126,
    0.05726185510574576,
    0.02610873248904271,
    0.057747270118323785,
    0.03344844332324308,
    0.03511237104967199,
    0.018580211829487468,
    0.025996828218338482,
    0.03451186044370396,
    0.01932594347348376,
    0.013009114286635901,
    0.01878199206763192,
    0.01702092217052715,
    0.01275061017583897,
    0.014959776917598526,
    0.013712922283880095,
    0.016529739500002416,
    0.016103120940856468,
    0.020374192433772528,
    0.02433480172042261,
    0.008975923293617958,
    0.01049667812258304,
    0.02715762487418931,
    0.020617164206926834,
    0.03059990155652987,
    0.04608628963106277,
    0.039098447601878104,
    0.031979228141145746,
    0.029989187386269708,
    0.03686915160761329,
    0.02945914251944587,
    0.02801688385013967,
    0.06294997360085822,
    0.3362194551411727,
    0.28337871682897847,
    0.25439596379684626,
    0.28443513374616924,
    0.15672095662874536,
    0.1780300278935516,
    0.07266721420718315,
    0.11697149596043996,
    0.14578640165932497,
    0.10561026982907065,
    0.10742887984354395,
    0.28262961071852905,
    0.10512080450628634
  ],