{
  "best_test_loss": 0.014559635699908272,
  "best_f1_test": 0.9957812753529125,
  "best_acc_test": 0.9957812753529125,
  "best_valid_loss": 0.004325792957641722,
  "best_f1_valid": 1.0,
  "model_save_name": "model",
  "is_univariate": true,
  "dataset_name": "Wafer",
  "network_arch": "ResNet",
  "seed": 2,
  "best_train_loss": 0.00010852492027822649,
  "batch_size": 64,
  "learning_rate": 7.813661017769873e-05,
  "epochs": 500,
  "patience": 30,
  "min_loss_improvement": 0,
  "epoch_model_saved": 220,
  "optimizer": "Adam",
  "criterion": "NLLLoss",
  "optimization_losses": [
    0.007909830358164357,
    0.005380266786504315,
    0.01319220771002977,
    0.008395599281248538,
    0.01014851690768102,
    0.004325792957641722,
    0.0072105168237522315,
    0.01822721194539599,
    0.013831062746275938,
    0.009641678002720875
  ],
  "best_train_losses": [
    0.6208328187913823,
    0.38683571082010004,
    0.3129863080225493,
    0.27304953482366146,
    0.2385606692174921,
    0.20067073042530165,
    0.159743459974614,
    0.12324027909446779,
    0.09282528670658742,
    0.06848860884033947,
    0.050624316777651175,
    0.03957588148109596,
    0.03186052164207574,
    0.027325903698055067,
    0.0242643968848731,
    0.021835574474101675,
    0.021079370803328085,
    0.019128892479702495,
    0.01821512555969613,
    0.013421309745420041,
    0.010720925221224328,
    0.009212257419911244,
    0.008318046996029173,
    0.007510546646209289,
    0.0068968542767478555,
    0.006390612469729325,
    0.005907000133529641,
    0.005481191838444923,
    0.0051285430945381336,
    0.0048009041757474565,
    0.004495353863941024,
    0.004221463263184205,
    0.003980990559945728,
    0.003758020616162167,
    0.003552124742768649,
    0.0033577056531619307,
    0.0031813972327335363,
    0.0030208194055326076,
    0.00287269421720079,
    0.0027288230606366446,
    0.0025935494253425894,
    0.002468238811692536,
    0.002352846397745206,
    0.0022453230497588342,
    0.0021434552567243053,
    0.002047545787759293,
    0.001959014051409443,
    0.0018766421887715509,
    0.0018019078035061632,
    0.0017301507969912058,
    0.0016638616868469836,
    0.001598590101467861,
    0.0015387116268482572,
    0.0014826337947512517,
    0.0014302100601692434,
    0.0013808709488163952,
    0.0013325920878188278,
    0.001285756560612031,
    0.0012408515119243571,
    0.0011993769245843093,
    0.0011613874560231366,
    0.0011264363147393056,
    0.0010928881009177008,
    0.0010591412813899886,
    0.0010242352646105644,
    0.0009904385046603948,
    0.0009588890339605006,
    0.0009307340729892964,
    0.0009040524067070083,
    0.0008801393245024732,
    0.0008578906483472066,
    0.0008356057492290205,
    0.0008116236289456618,
    0.0007871066817936761,
    0.0007626212586854166,
    0.0007405698930793314,
    0.0007204182249351515,
    0.0007022093339031912,
    0.0006861712078664237,
    0.0006716968582121464,
    0.0006591544781559448,
    0.0006438412720788,
    0.000626362834089578,
    0.0006057497997707536,
    0.0005886175803651095,
    0.0005737765730687775,
    0.0005595049497561721,
    0.0005471265138381332,
    0.0005382427459648042,
    0.0005324454738858872,
    0.000526991194606593,
    0.0005163145814683839,
    0.0004966933830795263,
    0.0004794986964959679,
    0.00046786833128525425,
    0.00045604023516101106,
    0.00044513227990513346,
    0.0004400779050541458,
    0.0004347549003892039,
    0.00042745349508591167,
    0.00041377897332609166,
    0.00040061529768096343,
    0.00039104510808858395,
    0.0003821434016061718,
    0.0003737046021966959,
    0.00036842653953544983,
    0.0003640271373440915,
    0.0003581046907845091,
    0.00034907221145528765,
    0.00033900169995590055,
    0.0003311811220706125,
    0.0003244576719385294,
    0.00031799880808445726,
    0.00031282124868162295,
    0.00030974637158856933,
    0.0003063625951191378,
    0.0003004512662227898,
    0.00029194497546813637,
    0.00028470922038274207,
    0.00027912260357927725,
    0.00027393046053147464,
    0.00026871345179823035,
    0.00026565633745126443,
    0.0002644284834611442,
    0.0002626785330117253,
    0.0002577236594158437,
    0.00024936144691856956,
    0.0002429796873538155,
    0.0002393013195783591,
    0.00023508563316497195,
    0.00023008668499083766,
    0.0002286527613291685,
    0.00022975226914110993,
    0.0002305710126653449,
    0.00022713417374939753,
    0.00021785399274034588,
    0.00021116036524497823,
    0.0002089777111891601,
    0.00020612965913881597,
    0.00020043010802129588,
    0.00020129717097945634,
    0.00020400600503916552,
    0.0002044599895633379,
    0.00019615569365220167,
    0.00018718384128538914,
    0.00018547581479433028,
    0.00018287088636940294,
    0.00017765735795098196,
    0.00017792025682683286,
    0.00017908823172816245,
    0.00017364650743285237,
    0.0001661420313560901,
    0.00016398142830248137,
    0.00016238289443340693,
    0.00015832477134394512,
    0.00015727791520603524,
    0.0001582158978165998,
    0.00015490229104710905,
    0.00014946417672090457,
    0.0001468172101105533,
    0.00014535547033527675,
    0.00014256268624014416,
    0.0001409631781221687,
    0.00014173288311445176,
    0.00014068944999547837,
    0.0001366115106257463,
    0.0001329954560842589,
    0.0001317226450279341,
    0.00012999888160703633,
    0.00012745756853895873,
    0.00012753617324379686,
    0.00012847977267481378,
    0.0001276268468840622,
    0.00012339538624927396,
    0.0001198582093613304,
    0.00011914757662890409,
    0.00011767867917135442,
    0.00011502526485901512,
    0.00011599075998063491,
    0.00011884443643739222,
    0.00012170706430968261,
    0.0001203550643018881,
    0.00011297671543682264,
    0.00010957060239752194,
    0.00011067939637375314,
    0.0001091603452115399,
    0.00010510534830382654,
    0.00010792382861946226,
    0.00010996785881490865,
    0.00010508027354857527,
    9.835592114304153e-05,
    9.791274737892906e-05,
    9.691152407774319e-05,
    9.40225105013472e-05,
    9.394750518903468e-05,
    9.425246334876305e-05,
    9.077699564442267e-05,
    8.89145315188289e-05,
    8.833411922573315e-05,
    8.673123953111801e-05,
    8.572243160030158e-05,
    8.63345782287106e-05,
    8.591671629936053e-05,
    8.327495684934183e-05,
    8.166996364404137e-05,
    8.110200656860376e-05,
    7.99904993713663e-05,
    7.856400743480492e-05,
    7.90960907750532e-05,
    7.989014562567751e-05,
    7.871819768678094e-05,
    7.596834073862047e-05,
    7.454468374491265e-05,
    7.442450637005405e-05,
    7.347390052009337e-05,
    7.195515790224813e-05,
    7.326634286962366e-05,
    7.615088751273496e-05,
    8.388685897639825e-05,
    0.00010852492027822649,
    0.00011912012300022264,
    0.0001309643202168951,
    0.0001683970981491683,
    0.23294063240177648,
    0.11580773664727098,
    0.03727679615863657,
    0.014598657880655319,
    0.006503181014429395,
    0.0044907999355089205,
    0.003367617024624613,
    0.0026592920487046355,
    0.0022896312411762494,
    0.002019089300892687,
    0.0018105421744562442,
    0.0016424032835579269,
    0.0015055153648460046,
    0.0013889077103190254,
    0.00128848043960148,
    0.0012008670520826353,
    0.0011238942613106286,
    0.0010556618617100636,
    0.0009949643964024919,
    0.0009400565110095648,
    0.0008903591828549136,
    0.000845241728577212,
    0.0008040180371170933,
    0.0007663291568557421,
    0.0007317401225127765,
    0.0006998457698901896
  ],