{
  "best_test_loss": 0.3394514630923586,
  "best_f1_test": 0.8832448824867324,
  "best_acc_test": 0.8832448824867324,
  "best_valid_loss": 0.2934252831670973,
  "best_f1_valid": 0.8958333333333334,
  "model_save_name": "model",
  "is_univariate": true,
  "dataset_name": "FordA",
  "network_arch": "MLP",
  "seed": 11,
  "best_train_loss": 0.09151177081382937,
  "batch_size": 64,
  "learning_rate": 0.0001281961120619938,
  "epochs": 500,
  "patience": 30,
  "min_loss_improvement": 0,
  "epoch_model_saved": 170,
  "optimizer": "Adam",
  "criterion": "NLLLoss",
  "optimization_losses": [
    0.35203845368491277,
    0.30553301440344915,
    0.3068270080619388,
    0.2934252831670973,
    0.3111571523878309,
    0.32512318823072645,
    0.30970872309472824,
    0.3945452332496643,
    0.3570039643181695,
    0.30155811574723984
  ],
  "best_train_losses": [
    0.6934091541502211,
    0.6884996944003635,
    0.6813859383265177,
    0.668374874856737,
    0.645573784245385,
    0.6172706617249383,
    0.5898978193600972,
    0.571294406387541,
    0.5522360861301422,
    0.5267721924516889,
    0.503892163435618,
    0.49800272385279337,
    0.48067416614956326,
    0.4639566911591424,
    0.4475929412576887,
    0.43229997356732686,
    0.41556392014026644,
    0.39284526904424033,
    0.38408145705858865,
    0.3876152561770545,
    0.35315413806173535,
    0.36341886586613126,
    0.34860560099283855,
    0.327034377389484,
    0.3226818727122413,
    0.33091114163398744,
    0.33316623700989617,
    0.31631859706507787,
    0.2841097705894046,
    0.29992475741439395,
    0.27668072448836434,
    0.2716126196914249,
    0.2727385507689582,
    0.26833347181479134,
    0.25639970070785945,
    0.2544103456868066,
    0.25197230610582566,
    0.24643932282924652,
    0.24799100425508286,
    0.2472004406981998,
    0.22443992462423112,
    0.2380899371372329,
    0.22372063762611813,
    0.22250239186816745,
    0.221999777522352,
    0.22087670034832424,
    0.21273353911108442,
    0.22032120211256875,
    0.2069445722632938,
    0.21429055515262815,
    0.22224548177586662,
    0.20636811008056005,
    0.18574770407544242,
    0.1951291658812099,
    0.17437001831001706,
    0.1888919875025749,
    0.1863222237262461,
    0.19169187396764756,
    0.19537810534238814,
    0.18374478469292324,
    0.17718119513657357,
    0.17571173426177766,
    0.17711416797505486,
    0.16757579031917785,
    0.17306142598390578,
    0.16243528806500965,
    0.15310567451847923,
    0.16749343193239635,
    0.16850047955910366,
    0.15646249163481923,
    0.16356408554646704,
    0.17304732385608884,
    0.15681069360838995,
    0.158096634513802,
    0.15232783539427652,
    0.14144568542639416,
    0.14167610324091381,
    0.13371258965796895,
    0.1438220423956712,
    0.15058972802427079,
    0.1451197115911378,
    0.13913533555136787,
    0.1424144245684147,
    0.13955970423089134,
    0.1353070995046033,
    0.13214694129096138,
    0.13087010545035202,
    0.13049635113113456,
    0.12907371090518105,
    0.15357460975646972,
    0.1261291122270955,
    0.1362990132636494,
    0.1330369288722674,
    0.1197812737690078,
    0.12429662951164776,
    0.13640889301896095,
    0.12304872630370987,
    0.14015513410170874,
    0.11872861095600658,
    0.12427559395631155,
    0.11279947877758079,
    0.13294208927286996,
    0.12383659448888566,
    0.12319032442238596,
    0.1118980939189593,
    0.11097817793488503,
    0.11938359960913658,
    0.11713486893309487,
    0.12064766097399923,
    0.10691192659238974,
    0.12101346854534414,
    0.1086799870348639,
    0.10678958470622699,
    0.10361306013332473,
    0.11641611187822289,
    0.10777456412712733,
    0.10278399975763428,
    0.11523990366193983,
    0.11224551585813364,
    0.10286897917588551,
    0.09963636365201738,
    0.09436110771364636,
    0.10142476500736343,
    0.1069100687901179,
    0.10291649148695999,
    0.09972764700651168,
    0.1030502234482103,
    0.10834386580520206,
    0.12629305356078677,
    0.09768677983019088,
    0.09004782160951032,
    0.09125599525868892,
    0.09782072554032008,
    0.10132416374981404,
    0.08912672052780787,
    0.10463123379482163,
    0.09244726304378774,
    0.09178901952173975,
    0.09975694119930267,
    0.09297218198577563,
    0.10225142215689023,
    0.10091612061692609,
    0.0886159349232912,
    0.09530879592316019,
    0.09640684810777506,
    0.08811750527885225,
    0.10433854423463344,
    0.07906041977306207,
    0.08287193129460017,
    0.08205601138373216,
    0.08037111755046579,
    0.09041361038883527,
    0.08726461035095984,
    0.077584511683219,
    0.07666850278360976,
    0.08877230520463653,
    0.08886912024269501,
    0.08557680191265213,
    0.08653020440704293,
    0.08889139944480526,
    0.08012006415261162,
    0.08841805782996946,
    0.08220310790671242,
    0.07553313668403361,
    0.09446136206388474,
    0.0824100389248795,
    0.06981798389719593,
    0.06294264180792702,
    0.07696477766666147,
    0.09151177081382937,
    0.09368349425494671,
    0.08132901870542103,
    0.07536184640808238,
    0.07781132231983874,
    0.07517634361154503,
    0.0755748741949598,
    0.0866505110843314,
    0.06617869900332557,
    0.08597998879849911,
    0.0798039249661896,
    0.07993336067431503,
    0.07038038495100207,
    0.06989134769472811,
    0.06231873868447211,
    0.09628982527388466,
    0.06956324415902297,
    0.0825854145611326,
    0.07691838579873243,
    0.07839051679604583,
    0.07384805254017314,
    0.06878832042631176,
    0.07305979155417945,
    0.06835771563152472,
    0.0682068215476142,
    0.08248567738466793,
    0.06730736767252286,
    0.06740442990428872,
    0.07331302807562881,
    0.0739903323352337
  ],