{
  "best_test_loss": 0.1814423827587223,
  "best_f1_test": 0.9516293279022403,
  "best_acc_test": 0.9516293279022403,
  "best_valid_loss": 0.19435263123918087,
  "best_f1_valid": 0.9414893617021277,
  "model_save_name": "model",
  "is_univariate": true,
  "dataset_name": "NonInvasiveFetalECGThorax2",
  "network_arch": "Inception",
  "seed": 26,
  "best_train_loss": 0.008194503223949563,
  "batch_size": 64,
  "learning_rate": 0.0008332183850302627,
  "epochs": 500,
  "patience": 30,
  "min_loss_improvement": 0,
  "epoch_model_saved": 104,
  "optimizer": "Adam",
  "criterion": "NLLLoss",
  "optimization_losses": [
    0.2533973639315747,
    0.4361911371667334,
    0.38122825863513543,
    0.2139098422324404,
    0.790486621095779,
    0.718507319054705,
    0.19435263123918087,
    0.2073932816373541,
    0.21697380790050994,
    0.31107944503743595
  ],
  "best_train_losses": [
    3.5903915591585074,
    3.0933339183630446,
    2.6342797652986465,
    2.215524284251542,
    1.9044577463864443,
    1.650694909434208,
    1.4379648089995287,
    1.2639622270265098,
    1.1228985511242966,
    1.015108791732989,
    0.9289830987585822,
    0.8925626946433866,
    0.7981616567534958,
    0.710256626466924,
    0.6642665083108448,
    0.6372175389457068,
    0.5636052917361846,
    0.5217939095122665,
    0.49628452074963364,
    0.4714689760541547,
    0.44803834519625885,
    0.4306338154046534,
    0.4146628654074351,
    0.40346568239589686,
    0.3809002046528955,
    0.3637481456594993,
    0.36855529016243765,
    0.3355924022800891,
    0.3306071427261335,
    0.320328684001428,
    0.3161678702393134,
    0.298049454114551,
    0.2757732241623266,
    0.25645472594940655,
    0.2587831516240318,
    0.24682364700779644,
    0.2020996232698354,
    0.1879231483581949,
    0.18808864361265556,
    0.2106731151343858,
    0.19915350276298785,
    0.19679380630261448,
    0.17078629842136664,
    0.1568963119991841,
    0.14165483918289692,
    0.14442224953472824,
    0.1477988058084639,
    0.1464856307631593,
    0.1382539929011843,
    0.12133095460307071,
    0.1166146600662154,
    0.11199791859822297,
    0.10867403321444612,
    0.11478659225783545,
    0.10562122180974157,
    0.10314374050558744,
    0.10843218277514148,
    0.09502498489540812,
    0.10593944958143475,
    0.10309866153866115,
    0.09523211058964842,
    0.10269835035664174,
    0.10370286542317521,
    0.10476835251891185,
    0.093530972850151,
    0.10822754500804237,
    0.11608548587788936,
    0.08210444606929619,
    0.07483225836839398,
    0.09039653472743735,
    0.08425798587754986,
    0.10636644399687595,
    0.10029719586831662,
    0.06335830713870319,
    0.06541951243174658,
    0.06304224450023385,
    0.04303773507398625,
    0.04585491713838035,
    0.03691066592442198,
    0.0330125402998852,
    0.034094912517038306,
    0.03057978341803583,
    0.047447067385019755,
    0.033801143784115244,
    0.021848885566637558,
    0.019379576481780587,
    0.017905607987267248,
    0.03508211045430414,
    0.020324209934389787,
    0.014728854773094902,
    0.011926721757358347,
    0.011260498487878164,
    0.01014001618863626,
    0.009754154263165709,
    0.008451049722003334,
    0.008017708186795824,
    0.008121877714163001,
    0.007672916063158599,
    0.006969406270308817,
    0.006324584315415113,
    0.006679147504416025,
    0.011767229359159775,
    0.01756565549292419,
    0.008194503223949563,
    0.0057138422788274605,
    0.0051399673603917525,
    0.004830655824862295,
    0.004809030049018437,
    0.004767860978703032,
    0.0046922714422958905,
    0.004625925690672627,
    0.004536084973109979,
    0.004416764368504699,
    0.0043450691778139485,
    0.004247892832626325,
    0.0041327661655821005,
    0.0038666580348011848,
    0.0035540615301710133,
    0.003419805208042078,
    0.00314670723046648,
    0.002901580888303147,
    0.0027539691805495282,
    0.002644615730932421,
    0.0025737461457598382,
    0.0025073548647014192,
    0.0024544069927495997,
    0.0024050631852773393,
    0.002361483015920129,
    0.00232079255963052,
    0.0022829285451719567,
    0.002247083360719994,
    0.0022125307689237626,
    0.002180577130943736
  ],
  "best_valid_losses": [
    3.672522981116112,
    3.0940473282590824,
    2.922507884654593,
    2.2353450998346855,
    2.0899722981960216,
    2.835420644029658,
    1.9496212538252486,
    2.0376006415549743,
    1.609387547411817,
    1.7255623797152906,
    2.114407098039668,
    1.5610773639476045,
    1.1170924369325028,
    1.4994588963528896,
    1.0171099051516106,
    0.883405013287321,
    0.9734538742836486,
    0.7047116870575763,
    0.870171604004312,
    1.3652982103063704,
    1.5901930027819695,
    0.8774115405184157,
    0.8740801278581011,
    0.8471703110857213,
    1.149028443275614,
    0.9909948465671945,
    0.8335001811068109,
    0.9164149139789824,
    1.0484000862912928,
    1.5189830724229203,
    0.7465743447871919,
    0.6494248839134865,
    0.8469047102522342,
    0.5057161399658691,
    0.7156622955139648,
    0.6683666997767509,
    0.45061937101343846,
    0.7675840182507292,
    1.487653618163251,
    0.5630067130352588,
    0.912588507571119,
    0.5091258312793489,
    0.6237271009607518,
    0.5950845873102228,
    0.5235107883493951,
    0.42713304656617185,
    0.6147466834555281,
    0.43321704420637575,
    0.6306132902490332,
    0.44037882444706367,
    0.492541159721131,
    0.644567441433034,
    0.6453729297252412,
    0.8461068272590637,
    0.5082394189022957,
    1.970181551385433,
    0.7768460309251826,
    0.666887640953064,
    0.3605620544007484,
    0.48022308121336266,
    0.9842554762008342,
    1.4558638511820043,
    1.4168402235558692,
    0.9167656885816696,
    0.3939287193278049,
    0.845753180219772,
    0.7503420976882286,
    0.5549823654458877,
    0.8326689803853948,
    0.8301127388122234,
    0.4376129495336654,
    1.9636938673384645,
    0.6220947440634382,
    0.572142372740076,
    0.6022418521820231,
    0.876567044156663,
    0.4054529603491438,
    0.4761617881186465,
    0.4001087292711786,
    0.4408898632577125,
    0.5251435789656131,
    0.9489356735919384,
    0.629272812224449,
    0.5258231974662618,
    0.21937295921305391,
    0.3986621505402504,
    0.29110014311810756,
    0.3857325594475929,
    0.2794946222863299,
    0.27950392948820235,
    0.24269591937673854,
    0.2766765356063843,
    0.2801081677700611,
    0.2726982375408741,
    0.2816487861440537,
    0.25801670297663265,
    0.28316747571559664,
    0.25854352053175583,
    0.23053896680791328,
    0.2551764687325092,
    0.2272292362882736,
    0.6665844815842649,
    0.23930670289283104,
    0.19435263123918087,
    0.2342750499857233,
    0.21370582060610993,
    0.21688753429879534,
    0.22495208648925133,
    0.22976703910117455,
    0.2355301557703221,
    0.23279504636500745,
    0.23292687471876752,
    0.22886382455521442,
    0.23263376760990062,
    0.23086696355900865,
    0.2323233757881408,
    0.23861669035668068,
    0.256959412326204,
    0.22886690497398376,
    0.23466951162257094,
    0.2297905575721822,
    0.23443587029233892,
    0.23150701218463005,
    0.2351565570273298,
    0.23651211375885822,
    0.23901084319074103,
    0.24024044389420368,
    0.24104653711014606,
    0.24193225135194493,
    0.24273281274957859,
    0.24346254353827618,
    0.24412599079152372,
    0.245780404577864
  ],
  "data_normalization_method": "standard",
  "normalization_parameters": {
    "mean": 0.00013477591642590685,
    "std": 0.9993331018849603
  }
}