{
  "best_test_loss": 0.32234540857357724,
  "best_f1_test": 0.8832448824867324,
  "best_acc_test": 0.8832448824867324,
  "best_valid_loss": 0.32620147201750016,
  "best_f1_valid": 0.8736111111111111,
  "model_save_name": "model",
  "is_univariate": true,
  "dataset_name": "FordA",
  "network_arch": "MLP",
  "seed": 22,
  "best_train_loss": 0.129469131016069,
  "batch_size": 64,
  "learning_rate": 5.817846498717781e-05,
  "epochs": 500,
  "patience": 30,
  "min_loss_improvement": 0,
  "epoch_model_saved": 137,
  "optimizer": "Adam",
  "criterion": "NLLLoss",
  "optimization_losses": [
    0.34936941001150346,
    0.33776437706417506,
    0.3629555238617791,
    0.34256504509184094,
    0.3370230237642924,
    0.33012257946862117,
    0.3495305207040575,
    0.33531465927759807,
    0.32620147201750016,
    0.3375936402214898
  ],
  "best_train_losses": [
    0.6990695463286506,
    0.6917341351509094,
    0.6901341411802504,
    0.6891963958740235,
    0.6833045111762153,
    0.6782924850781759,
    0.6747913546032376,
    0.6689558519257439,
    0.6569976581467523,
    0.6461646795272827,
    0.6391932805379231,
    0.6209674848450555,
    0.603936431143019,
    0.5897737463315328,
    0.5761356976297166,
    0.5634073581960466,
    0.5513352990150452,
    0.5429230597284105,
    0.5276603188779619,
    0.5134778592321608,
    0.5038304381900364,
    0.5010386751757727,
    0.4902951114707523,
    0.4756825202041202,
    0.46371210283703274,
    0.4620642258061303,
    0.45629173186090255,
    0.4536231776078542,
    0.4301139752070109,
    0.420234383477105,
    0.42467213140593635,
    0.4209631151623196,
    0.39916035996543037,
    0.40005211101637944,
    0.3828310999605391,
    0.3837410615550147,
    0.3730060514476564,
    0.36715452472368876,
    0.3638086706399918,
    0.3498154348797268,
    0.3420449051592085,
    0.32163904209931693,
    0.32513353129227957,
    0.33117288880878026,
    0.3109789888064067,
    0.31867454316880967,
    0.2997980518473519,
    0.2981816136174732,
    0.29717650810877483,
    0.2893557627995809,
    0.29343451658884684,
    0.2764217946264479,
    0.29810638295279607,
    0.2708139896392822,
    0.2918229758739471,
    0.28285628159840903,
    0.2750922342141469,
    0.2703563070959515,
    0.2556127541595035,
    0.2614658618966738,
    0.2519328670369254,
    0.2551192114750544,
    0.25676963809463715,
    0.252635399500529,
    0.24741590172052383,
    0.2420847535133362,
    0.22848481188217798,
    0.23019004960854847,
    0.24040338264571295,
    0.23392660915851593,
    0.2441978951295217,
    0.22114697148402532,
    0.21913790305455524,
    0.20988276484939788,
    0.22110996974839103,
    0.21605491323603523,
    0.2195982481042544,
    0.21738390508625244,
    0.21908489416042964,
    0.21441915697521632,
    0.19631748348474504,
    0.19862131244606443,
    0.1900858682062891,
    0.19302052276002035,
    0.19974718574020597,
    0.19271912251909573,
    0.18662210620111888,
    0.18376628624068367,
    0.18865175611442989,
    0.18756882051626841,
    0.1842763106028239,
    0.17427324056625365,
    0.1781652483675215,
    0.1834960306684176,
    0.18715365942981507,
    0.18027357061704,
    0.16300235324435763,
    0.16637989977995554,
    0.1677146588762601,
    0.16193697022067177,
    0.163426577548186,
    0.1558679931693607,
    0.17555114991135068,
    0.15453062852223715,
    0.1653505778974957,
    0.1608317643404007,
    0.15157952043745254,
    0.15889634523126814,
    0.16286900035209126,
    0.1612662478453583,
    0.1589895733528667,
    0.16418151292535993,
    0.16134887230065134,
    0.14947826895448896,
    0.13414954352709982,
    0.15211554500791763,
    0.13796518486407067,
    0.14943490078051885,
    0.14676883353127373,
    0.14989285725686285,
    0.1469767153263092,
    0.14026251542899343,
    0.14125092410378987,
    0.14552991679973074,
    0.14644380211830138,
    0.12586351318491829,
    0.14229050419396824,
    0.13819103298915758,
    0.13170139036244816,
    0.14166947487327788,
    0.12921873480081558,
    0.1396563631792863,
    0.1336566351354122,
    0.12084954720404413,
    0.12822065610024663,
    0.13231489049891632,
    0.129469131016069,
    0.14093424760633044,
    0.12285898096031612,
    0.13404583835767375,
    0.12043794037567244,
    0.12098507773545053,
    0.129540356910891,
    0.11901161770025889,
    0.12839478602011997,
    0.11938202621208296,
    0.10583449047472741,
    0.12314721643924713,
    0.11965896826651361,
    0.12936920722325643,
    0.1111424945294857,
    0.10713306417067846,
    0.11490453229182296,
    0.09829590229524507,
    0.11386313686768214,
    0.11435481827292178,
    0.12336069544156393,
    0.10776294138696459,
    0.11173688852124744,
    0.1234106690933307,
    0.11106466646823618,
    0.10538517029749023,
    0.12146647680136892,
    0.11300678294565943,
    0.10810678535037571,
    0.1121095806774166
  ],