{
  "best_test_loss": 0.5649459447437746,
  "best_f1_test": 0.7445034116755118,
  "best_acc_test": 0.7445034116755117,
  "best_valid_loss": 0.5794548061158922,
  "best_f1_valid": 0.7250000000000001,
  "model_save_name": "model",
  "is_univariate": true,
  "dataset_name": "FordA",
  "network_arch": "LSTM",
  "seed": 9,
  "best_train_loss": 0.6491067767143249,
  "batch_size": 64,
  "learning_rate": 0.0005135331666617805,
  "epochs": 500,
  "patience": 30,
  "min_loss_improvement": 0,
  "epoch_model_saved": 38,
  "optimizer": "Adam",
  "criterion": "NLLLoss",
  "optimization_losses": [
    0.6719709555308024,
    0.6044260660807291,
    0.5794548061158922,
    0.604851754506429,
    0.6888404157426622,
    0.6327149775293138,
    0.6375875499513414,
    0.6566263278325398,
    0.6793572412596809,
    0.6134913444519043
  ],
  "best_train_losses": [
    0.6940374480353462,
    0.6939851138326857,
    0.6934575319290162,
    0.6933560477362739,
    0.693281164434221,
    0.6932161688804627,
    0.6931564264827305,
    0.6931000391642252,
    0.6930472307735019,
    0.6929993854628669,
    0.6929527627097236,
    0.6929021543926663,
    0.6928333202997844,
    0.6925550659497579,
    0.6933631208207872,
    0.6929363661342197,
    0.6927975906266106,
    0.6926712036132813,
    0.6925496180852254,
    0.6924178123474121,
    0.6922571221987407,
    0.6920029666688707,
    0.6911915567186143,
    0.687809775935279,
    0.6858806649843852,
    0.6821634848912557,
    0.6773634910583496,
    0.7182357841067843,
    0.6913319534725613,
    0.6626385860972934,
    0.5815033528539869,
    0.6577823109096951,
    0.6937577353583442,
    0.6924699028333028,
    0.6900695628590054,
    0.6646411670578851,
    0.6696766720877754,
    0.6491067767143249,
    0.5742831163936191,
    0.8914858592881096,
    0.7125568681293064,
    0.698162485493554,
    0.6963064829508464,
    0.6996668100357055,
    0.7021895580821567,
    0.6997951242658828,
    0.6664430816968282,
    0.7068862252765231,
    0.6941736910078261,
    0.693612523873647,
    0.6917127158906725,
    0.6879923317167495,
    0.6816941870583428,
    0.6818762977917989,
    0.6746815363566081,
    0.6729205171267192,
    0.6723154015011258,
    0.7331895192464193,
    0.6922413614061144,
    0.6812623778978983,
    0.6860275838110182,
    0.693157778845893,
    0.6947501394483778,
    0.6948595881462097,
    0.6939587897724575,
    0.6915271626578436,
    0.6891255021095276
  ],
  "best_valid_losses": [
    0.6934487263361613,
    0.6927988092104594,
    0.6927589390012953,
    0.6927027940750122,
    0.692646328608195,
    0.6925851345062256,
    0.6925121982892354,
    0.6924228310585022,
    0.6923155983289083,
    0.692203508483039,
    0.6920999950832791,
    0.6920090821054247,
    0.6919266025225321,
    0.692291181617313,
    0.6922102650006612,
    0.6921968407101101,
    0.6921137809753418,
    0.6920031017727322,
    0.691863907708062,
    0.6917078336079915,
    0.691580225361718,
    0.6915918323728774,
    0.6925565070576138,
    0.6903954810566373,
    0.6853748559951782,
    0.6816118862893846,
    0.6809110124905904,
    0.7341207133399116,
    0.6859232081307305,
    0.6251436869303385,
    0.8558607392840916,
    0.6928930931621128,
    0.6927560700310601,
    0.694642432530721,
    0.6851884577009413,
    0.6935568081008063,
    0.6776297516292996,
    0.5794548061158922,
    0.6352747122446696,
    0.7561720583173964,
    0.6990423599878947,
    0.6915527012613084,
    0.6994338870048523,
    0.7000765297147963,
    0.7028680072890388,
    0.6940558075904846,
    0.653433010313246,
    0.6949561291270786,
    0.6946124898062812,
    0.6933852632840475,
    0.692637848854065,
    0.6872862590683831,
    0.6882965789900886,
    0.693299741215176,
    0.6776164611180623,
    0.7031149956915114,
    0.646610845459832,
    0.7333868212170072,
    0.6956198241975572,
    0.6760444111294217,
    0.6761324220233493,
    0.6971736033757527,
    0.6961448974079556,
    0.6944389422734578,
    0.6866716411378648,
    0.693743167983161,
    0.6907395389344957
  ],
  "data_normalization_method": "standard",
  "normalization_parameters": {
    "mean": -2.3081128410022225e-11,
    "std": 0.9989994995179163
  }
}