{
  "best_test_loss": 0.11777875907973324,
  "best_f1_test": 0.959059893858984,
  "best_acc_test": 0.959059893858984,
  "best_valid_loss": 0.12454535961151122,
  "best_f1_valid": 0.9486111111111111,
  "model_save_name": "model",
  "is_univariate": true,
  "dataset_name": "FordA",
  "network_arch": "Inception",
  "seed": 5,
  "best_train_loss": 0.11140234710441696,
  "batch_size": 64,
  "learning_rate": 0.0006736647501987877,
  "epochs": 500,
  "patience": 30,
  "min_loss_improvement": 0,
  "epoch_model_saved": 12,
  "optimizer": "Adam",
  "criterion": "NLLLoss",
  "optimization_losses": [
    0.1450554370880127,
    0.12454535961151122,
    0.12788025869263542,
    0.1411749667591519,
    0.12624635878536436,
    0.12954638335439894,
    0.14779004785749647,
    0.1322198271751404,
    0.15468948549694486,
    0.14692128234439425
  ],
  "best_train_losses": [
    0.2637711642516984,
    0.18229959242873722,
    0.163133477502399,
    0.1592874566713969,
    0.14775364042984115,
    0.14325143661763934,
    0.1380159908698665,
    0.13733486086130142,
    0.1337957788672712,
    0.1266354128718376,
    0.12063412889838218,
    0.11140234710441696,
    0.10474691573116514,
    0.10007648861242666,
    0.09223250051339467,
    0.08642151065998607,
    0.08352543219096131,
    0.07933895977007019,
    0.07960750746230284,
    0.07313129134062264,
    0.06559890533487002,
    0.06336517888638708,
    0.0633975949138403,
    0.052942575855801505,
    0.05154899005881614,
    0.06463682535621855,
    0.05823069016138713,
    0.050947819091379645,
    0.052333868833051786,
    0.04382902380699913,
    0.04538309506865011,
    0.049393810497389896,
    0.04662319804645247,
    0.042969351924128,
    0.04077411779306001,
    0.03687114807673626,
    0.03623749661362834,
    0.022029298812978798,
    0.02515512907670604,
    0.025168238603509963,
    0.028734801021508046
  ],
  "best_valid_losses": [
    1.1894562800725301,
    0.25923991401990254,
    0.33851926724116005,
    0.4252548830376731,
    0.1604956113629871,
    0.1856519932548205,
    0.21474459866682688,
    0.16802165458599727,
    0.21438854253954356,
    0.25391874462366104,
    0.21367676589224074,
    0.12454535961151122,
    0.23523344496885937,
    0.14056777358055114,
    0.30518676506148446,
    0.2971854825814565,
    0.30492527749803333,
    0.23923596011267767,
    0.1806892027457555,
    0.18780049019389683,
    0.15171020229657492,
    0.1792326053811444,
    0.39870741764704387,
    0.21007176571422154,
    0.1754362424214681,
    0.2316819879743788,
    0.1378961707982752,
    0.17200758506854374,
    0.22824744284152984,
    0.19159248856206734,
    0.29159773588180543,
    0.3697173595428467,
    0.248025206848979,
    0.416006483303176,
    1.2216883738835653,
    0.20399699641598595,
    0.26457928617795307,
    0.6812420619858636,
    0.6106686923238966,
    0.45961733526653714,
    0.1861970701151424
  ],
  "data_normalization_method": "standard",
  "normalization_parameters": {
    "mean": -2.3081128410022225e-11,
    "std": 0.9989994995179163
  }
}