{
  "best_test_loss": 0.48715298004881263,
  "best_f1_test": 0.8009888751545118,
  "best_acc_test": 0.8009888751545118,
  "best_valid_loss": 0.1926562162590158,
  "best_f1_valid": 0.9325997248968363,
  "model_save_name": "model",
  "is_univariate": true,
  "dataset_name": "FordB",
  "network_arch": "LSTM",
  "seed": 27,
  "best_train_loss": 0.19744264689034577,
  "batch_size": 64,
  "learning_rate": 0.0002468274296761779,
  "epochs": 500,
  "patience": 30,
  "min_loss_improvement": 0,
  "epoch_model_saved": 184,
  "optimizer": "Adam",
  "criterion": "NLLLoss",
  "optimization_losses": [
    0.6927993567314568,
    0.6822992883817366,
    0.6927988996531973,
    0.6702741046719243,
    0.6927990778932217,
    0.6516140482940569,
    0.6903755778787553,
    0.630686645166746,
    0.1926562162590158,
    0.6927993854269529
  ],
  "best_train_losses": [
    0.6932728315154001,
    0.6926507890798367,
    0.6926193324211047,
    0.6925927876114354,
    0.6925580907392699,
    0.6925239703186277,
    0.6924925937613234,
    0.6924638791622125,
    0.6924372543331025,
    0.6924121935725048,
    0.6923882489847186,
    0.6923649499636076,
    0.6923417928622219,
    0.6923178692631413,
    0.6922919073819787,
    0.6922613079806962,
    0.6922225888198474,
    0.6921762762568184,
    0.6921243830756931,
    0.6985015344422982,
    0.692461113736259,
    0.6921556071369324,
    0.692045831532721,
    0.6919957733055913,
    0.6919566584748448,
    0.6919087135480227,
    0.6918454225158429,
    0.6917623616806251,
    0.6916530177386624,
    0.6915065354297381,
    0.6912897043903723,
    0.690813462704707,
    0.6884956223764642,
    0.7359584156715886,
    0.6993640655500525,
    0.6951751571245993,
    0.6946960057156286,
    0.6943696297838402,
    0.6941559469683463,
    0.6939816956179015,
    0.6938317021280732,
    0.6936964673058039,
    0.6935719468078718,
    0.693454804905835,
    0.6933399137145387,
    0.6932007613011535,
    0.6928281180632327,
    0.6916943947583478,
    0.6891476168429179,
    0.6839204884788849,
    0.6768339702646867,
    0.7897076552638981,
    0.7006773674012542,
    0.6964929361290912,
    0.6953895828254941,
    0.6947927321659649,
    0.6943555944887447,
    0.694113040970641,
    0.6936518722092105,
    0.701078066881618,
    0.6921121343621853,
    0.6897494179674487,
    0.6903519504171945,
    0.6906302522104413,
    0.68750685879748,
    0.6825499692022227,
    0.6630752362936039,
    0.6980341147359824,
    0.6923857655944982,
    0.6914326866686427,
    0.6894135042266636,
    0.6885239654098941,
    0.6839805829967724,
    0.6679837566786324,
    0.698436617687283,
    0.6802717567801967,
    0.6846629634520046,
    0.6867742232640147,
    0.6776234118121854,
    0.6592539094665192,
    0.6500069293228108,
    0.5911304460431064,
    0.6693594509830502,
    0.5549414649790222,
    0.517885224445322,
    0.4896118128890021,
    0.44409907589752373,
    0.4578527681929209,
    0.448395300313236,
    0.826604245453458,
    0.4499157064964552,
    0.4431621068691453,
    0.4450041323777242,
    0.6380256152874502,
    0.4783820555823377,
    0.399059063917669,
    0.3915378020300006,
    0.36074178734540613,
    0.3427656282257017,
    0.33298170187368353,
    0.317883458680267,
    0.32489383550670814,
    0.3095954703948521,
    0.3836820715067311,
    0.576036763281409,
    0.3374754957127112,
    0.31171925583190735,
    0.312082900182745,
    0.3091148045913225,
    0.28733551655953654,
    0.26807447131390094,
    0.28189160780368844,
    0.3597956121562272,
    0.2655336009812486,
    0.28622542610686613,
    0.25151665520020333,
    0.25631813949904053,
    0.24556663549380914,
    0.2800896662547467,
    0.2670527293232809,
    0.2932447207966074,
    0.2876095502256855,
    0.2835538865078594,
    0.2930181320997511,
    0.5994951597926049,
    0.665155369076145,
    0.3403265033906231,
    0.24224077578136977,
    0.2612015070211773,
    0.2584249402769166,
    0.257859200095704,
    0.26145007948620447,
    0.23868837921868657,
    0.21507363510222022,
    0.21992195152678876,
    0.21117879428287156,
    0.2579172158349905,
    0.2254409065170334,
    0.21610201792240635,
    0.21740548502259274,
    0.21447426076860587,
    0.21760811329789798,
    0.21718008556445495,
    0.20283118054076024,
    0.20184002384194974,
    0.2042192156276726,
    1.1355279830003866,
    0.24416758577138226,
    0.232021517231753,
    0.21457344292569522,
    0.20777238765026876,
    0.22877839831776273,
    0.20435408189216375,
    0.2123741076790319,
    0.2057446964710254,
    0.20015228757996015,
    0.213466933271252,
    0.20591333027841957,
    0.19699126578857187,
    0.18027520659629465,
    0.1927889161416556,
    0.19179295094624838,
    0.19366165375570155,
    0.2550548767207249,
    0.21394717193207355,
    0.2062942259720792,
    0.1937259298325241,
    0.18142119922676472,
    0.21583576424577705,
    0.19789714064894878,
    0.1926112505190966,
    0.1919855169408751,
    0.20147141341781025,
    0.19952674324853548,
    0.2917032870970041,
    0.20818566760506885,
    0.1760226943449436,
    0.27614756014602876,
    0.1796677337736506,
    0.1714178792814605,
    0.17452204134187146,
    0.19400206456240138,
    0.1784620547597969,
    0.19744264689034577,
    0.16741704828063592,
    0.18238822622878023,
    0.21024479037547866,
    0.1837250166348447,
    0.17679035798883505,
    0.21535541574269573,
    0.16155959890215071,
    0.16660259451404563,
    0.17666737243348662,
    0.16981408693808472,
    0.16276915268421666,
    0.1779163908443966,
    0.1789532157053154,
    0.1617151835915393,
    0.16158761948019143,
    0.17647594848373568,
    0.1645300256951803,
    0.16019529349169345,
    0.16990874299812841,
    0.15599500994868012,
    0.16993748236760148,
    0.15645710242581662,
    0.16180261237318774,
    0.1635405786509691,
    0.15591456160010794,
    0.16302981976793754,
    0.16930639053063345,
    0.15455646520836644,
    0.1715690939593676
  ],