{
  "best_test_loss": 0.1479360741200855,
  "best_f1_test": 0.9531568228105907,
  "best_acc_test": 0.9531568228105907,
  "best_valid_loss": 0.13169809763735912,
  "best_f1_valid": 0.9441489361702128,
  "model_save_name": "model",
  "is_univariate": true,
  "dataset_name": "NonInvasiveFetalECGThorax1",
  "network_arch": "Inception",
  "seed": 0,
  "best_train_loss": 0.005130457097745631,
  "batch_size": 64,
  "learning_rate": 0.00032431678986035025,
  "epochs": 500,
  "patience": 30,
  "min_loss_improvement": 0,
  "epoch_model_saved": 183,
  "optimizer": "Adam",
  "criterion": "NLLLoss",
  "optimization_losses": [
    0.38893111842743894,
    0.6746588450797061,
    0.34245230352624934,
    0.558416503541013,
    0.16506413100881778,
    0.24590821532492943,
    0.42973335119003947,
    0.3160325377545458,
    0.13169809763735912,
    0.49740136176981825
  ],
  "best_train_losses": [
    3.623440341386507,
    3.2979757665163687,
    3.031424556411829,
    2.776525447340139,
    2.5203295935230696,
    2.296545403152809,
    2.0931096450593887,
    1.9236367521198887,
    1.7801693018606994,
    1.6572080720752709,
    1.5339543472606367,
    1.4536609527349305,
    1.3745215578307086,
    1.2883055706050976,
    1.21601121315048,
    1.1397115745262956,
    1.0938966193839186,
    1.0360768392566888,
    0.9862712153815419,
    0.9302555681196468,
    0.8832141172693216,
    0.8377453289397233,
    0.7868310151096808,
    0.7447656388862487,
    0.7101695533378478,
    0.6818684786872301,
    0.6487771296953535,
    0.6236545710771417,
    0.6156408933167381,
    0.5985214568658856,
    0.5777780980772312,
    0.5498684612865273,
    0.5206106594558845,
    0.5026847305259315,
    0.49673771952460205,
    0.46878812397690783,
    0.4606613175850558,
    0.4501434615692117,
    0.4354551738404256,
    0.43810370530951465,
    0.42163963221113027,
    0.4050419393007971,
    0.37581648963987196,
    0.3725397557083017,
    0.3587963054361095,
    0.3390710521607188,
    0.317294313802069,
    0.30640095351911817,
    0.2914537457161526,
    0.2767167300488525,
    0.277457178769946,
    0.2834118814930812,
    0.2804349305256102,
    0.26886929798863424,
    0.2588156079290957,
    0.26054438907791844,
    0.2612068509330904,
    0.2404527740627632,
    0.23012324633601677,
    0.21554593875407335,
    0.21710007306311388,
    0.2139420071309164,
    0.2052473183655856,
    0.19684958080443712,
    0.18735982613796426,
    0.18672808947189543,
    0.18717083239630755,
    0.18662720844306666,
    0.19180269073891287,
    0.18853700392927322,
    0.1731922252081434,
    0.17154747863429076,
    0.1585780733270873,
    0.15310922326835544,
    0.13976431551611265,
    0.13155943383047133,
    0.12880268811823528,
    0.12487941187134279,
    0.12400504244584394,
    0.125703110830179,
    0.1185859477779686,
    0.11052976626161949,
    0.1102629731175603,
    0.11761965580384076,
    0.12345158404298258,
    0.12517435493723908,
    0.11818121499575031,
    0.12741807584329465,
    0.1460833572380072,
    0.14121699590793563,
    0.13632197731232776,
    0.11486550689120571,
    0.1052245816748618,
    0.09534580419684327,
    0.09037526056055276,
    0.09190704491321922,
    0.08192390383719267,
    0.08505140781502069,
    0.07304481173212982,
    0.07591529770146267,
    0.07055371510059961,
    0.06911518231023807,
    0.06347491793486323,
    0.059525114288442336,
    0.05312990599972257,
    0.050365049409001376,
    0.04932722711224876,
    0.05317467828205959,
    0.05545250088164946,
    0.05796666742051812,
    0.053718482547990054,
    0.055452752091351816,
    0.05929488275731565,
    0.06876504868111892,
    0.05968794055565804,
    0.067903713516247,
    0.06115162340519676,
    0.045281991888772244,
    0.05098919780664434,
    0.04745498561455449,
    0.0476477065098093,
    0.05004157803596658,
    0.0504197751094004,
    0.03994113162947911,
    0.03758406719141813,
    0.03608259792849997,
    0.035586222050055724,
    0.03838531420522292,
    0.042278845931939354,
    0.05613462645390339,
    0.052456671167858786,
    0.03877117995431913,
    0.02862444323914954,
    0.03255751681692757,
    0.036167350269786,
    0.039646770031527154,
    0.02795927107362934,
    0.02364444622124636,
    0.02218637938100062,
    0.02797402963709827,
    0.021910656621851137,
    0.022352193994022176,
    0.01968072398447249,
    0.017714722357554204,
    0.017947853845233282,
    0.017116988787868662,
    0.015204271628211814,
    0.01446222860427627,
    0.013747833482986572,
    0.013645950336668978,
    0.013327420238557305,
    0.012727732817267374,
    0.012266374907494952,
    0.011718864897259486,
    0.011042068623731506,
    0.010262962576336975,
    0.00968815863999006,
    0.009234491407803181,
    0.008941340066809324,
    0.008696838866334175,
    0.008479796558944475,
    0.008273085122123014,
    0.008058963653069311,
    0.007827279277542476,
    0.007600101873832307,
    0.007381089922768481,
    0.007191897575754623,
    0.00701251365908684,
    0.006853752771820493,
    0.006701651650879503,
    0.006557632596654136,
    0.006419860192090901,
    0.006286301456054101,
    0.00615954977356798,
    0.0060319240690612785,
    0.005909125379516428,
    0.005790738372206792,
    0.005670784687419184,
    0.0055543575530776195,
    0.005439378772924431,
    0.00533220218674516,
    0.005225412102543126,
    0.005130457097745631,
    0.005042681368251115,
    0.0049551550774407675,
    0.004872555390114223,
    0.004789660628970113,
    0.004710347995912042,
    0.004629774864217186,
    0.00454808480727394,
    0.0044705782056860075,
    0.004393478457649707,
    0.004316182512163629,
    0.0042420337861829235,
    0.004169030159758305,
    0.004099182962493621,
    0.004031951353101169,
    0.003969279372392488,
    0.003907422674934361,
    0.0038469174419656052,
    0.0037846554558133827,
    0.0037234299854641793,
    0.003663682912146504,
    0.0036039596057162527,
    0.0035463678140064945,
    0.003489566655523253,
    0.003431409313844141,
    0.0033736207497254466,
    0.0033151125653993105,
    0.003256727629475353,
    0.0031997727704524354,
    0.00314205208988317
  ],