{
  "best_test_loss": 0.3215570200384341,
  "best_f1_test": 0.8832448824867324,
  "best_acc_test": 0.8832448824867324,
  "best_valid_loss": 0.2699087624748548,
  "best_f1_valid": 0.9041666666666667,
  "model_save_name": "model",
  "is_univariate": true,
  "dataset_name": "FordA",
  "network_arch": "MLP",
  "seed": 15,
  "best_train_loss": 0.09128222597969902,
  "batch_size": 64,
  "learning_rate": 0.00018991074554124192,
  "epochs": 500,
  "patience": 30,
  "min_loss_improvement": 0,
  "epoch_model_saved": 137,
  "optimizer": "Adam",
  "criterion": "NLLLoss",
  "optimization_losses": [
    0.2699087624748548,
    0.27257451630300944,
    0.27251425484816233,
    0.2735848817560408,
    0.27725236746999954,
    0.2955230532421006,
    0.28526573015583884,
    0.2904679973920186,
    0.27142124573389687,
    0.285365770260493
  ],
  "best_train_losses": [
    0.6933495627509223,
    0.6856824927859836,
    0.6684784399138557,
    0.6433204743597243,
    0.6010132630666097,
    0.5633740378750696,
    0.5521656923823887,
    0.5219513131512536,
    0.49939214256074693,
    0.47869183288680184,
    0.4697742952240838,
    0.4361607041623857,
    0.4303094598982069,
    0.4055574655532837,
    0.4006967220041487,
    0.3844503998756409,
    0.3629805472162035,
    0.3598829819096459,
    0.33991100622548,
    0.34932226604885525,
    0.3120679650041792,
    0.31564331816302404,
    0.3106599205070072,
    0.3043248408370548,
    0.2891424361202452,
    0.29297968977027466,
    0.2790538407034344,
    0.28399070302645363,
    0.25821818013985953,
    0.26357226206196677,
    0.25636819269922045,
    0.25157082776228584,
    0.2366926239596473,
    0.23020165744755003,
    0.22836765597263972,
    0.239300826854176,
    0.23021706756618288,
    0.21371124585469564,
    0.22367018626795876,
    0.2129046710001098,
    0.21347519523567624,
    0.20252517378992504,
    0.22209888133737776,
    0.18021007031202316,
    0.18895112623771032,
    0.2055510823925336,
    0.19742458446158304,
    0.19455519235796398,
    0.1798622128036287,
    0.17580215218994352,
    0.18855643272399902,
    0.16586559812227886,
    0.17580574742621846,
    0.17420134792725245,
    0.18130705058574675,
    0.16722229454252455,
    0.1695602702597777,
    0.15992844220664765,
    0.18016256954934862,
    0.16262771826651362,
    0.1679380203286807,
    0.1644409966137674,
    0.15499711905916533,
    0.14705882022778194,
    0.15760822892189025,
    0.1362903162009186,
    0.14653614486257235,
    0.1651886766983403,
    0.15892829530768923,
    0.1405131992366579,
    0.1546336109439532,
    0.15654628947377205,
    0.14739550600449244,
    0.14394274229804674,
    0.14730427679088381,
    0.12837336129612392,
    0.14674027346902424,
    0.13359714382224613,
    0.13564029360810917,
    0.12836989089846612,
    0.1464052321182357,
    0.14077226312624083,
    0.1260044274230798,
    0.12727350054515732,
    0.12905613564782673,
    0.11943745414415995,
    0.12502844292256568,
    0.14658202719357277,
    0.1301376620100604,
    0.12371848829918437,
    0.12365420568320486,
    0.13729427059491475,
    0.12506636356314024,
    0.11153542010320558,
    0.1133057323180967,
    0.11728845503595141,
    0.12614766582846643,
    0.11599831047157447,
    0.1301569850080543,
    0.1150560435735517,
    0.12056311029526923,
    0.10829897684355577,
    0.11409475372897254,
    0.11235666010114882,
    0.11552723745505016,
    0.10734623562958505,
    0.1061061353319221,
    0.09592104115419918,
    0.11594092456830872,
    0.10488273178537687,
    0.11206760940452416,
    0.08981378817309936,
    0.10514823289381134,
    0.10369635269873673,
    0.11198011034478744,
    0.10837233492897616,
    0.09478045925498009,
    0.0930093587272697,
    0.09514000734521283,
    0.1027872335165739,
    0.1038173875461022,
    0.09561079748802714,
    0.09509241117371453,
    0.08885948409636815,
    0.11084823633233706,
    0.09854800320333905,
    0.09669781840509839,
    0.09468102020521958,
    0.08559797869788276,
    0.08868197794589731,
    0.09075008680423101,
    0.0811270081748565,
    0.09046934987935755,
    0.10429789601928657,
    0.10446773163146443,
    0.08370835702452395,
    0.09128222597969902,
    0.0870463135962685,
    0.0909422924535142,
    0.09989547758466667,
    0.08590466048982408,
    0.08929474498662683,
    0.08490277652939161,
    0.07629051667948564,
    0.07941513523045514,
    0.08411966185602877,
    0.07759842632545365,
    0.09411264109528727,
    0.08439868928657637,
    0.07513266565899054,
    0.07239165260559982,
    0.08990255221724511,
    0.0854827232244942,
    0.08736993312421772,
    0.0830941634459628,
    0.08310361202392313,
    0.07765984040581518,
    0.07730801548394892,
    0.08105236238075628,
    0.08584229751593536,
    0.09177177825735675,
    0.07515492611047295,
    0.08584589293847482,
    0.07648302593992816,
    0.07318056461711725,
    0.0758402435729901
  ],