{
  "best_test_loss": 0.40652536808044565,
  "best_f1_test": 0.8244746600741655,
  "best_acc_test": 0.8244746600741656,
  "best_valid_loss": 0.13946634283010045,
  "best_f1_valid": 0.953232462173315,
  "model_save_name": "model",
  "is_univariate": true,
  "dataset_name": "FordB",
  "network_arch": "ResNet",
  "seed": 6,
  "best_train_loss": 0.13282551059942627,
  "batch_size": 64,
  "learning_rate": 0.00028952849547553224,
  "epochs": 500,
  "patience": 30,
  "min_loss_improvement": 0,
  "epoch_model_saved": 13,
  "optimizer": "Adam",
  "criterion": "NLLLoss",
  "optimization_losses": [
    0.1730381992160044,
    0.13946634283010045,
    0.17150608158095174,
    0.15678800369883175,
    0.1729813506711464,
    0.1580158024411418,
    0.15428384013238275,
    0.1491700078692528,
    0.15897381566003724,
    0.15257691937348866
  ],
  "best_train_losses": [
    0.31957571612263647,
    0.21791604587595598,
    0.20316195131332052,
    0.1946344928613555,
    0.18646013601446085,
    0.17790220565120324,
    0.16990689084733204,
    0.16252328367311983,
    0.15583803559021903,
    0.14953553481885787,
    0.14362588050317895,
    0.14240882203413335,
    0.13282551059942627,
    0.12473918800402377,
    0.12090673533356665,
    0.11792183085312706,
    0.12081066786505006,
    0.11721254590555431,
    0.10565627403711027,
    0.09256697746641944,
    0.08401306530017473,
    0.08181691826916872,
    0.07892186981222324,
    0.07933418499882317,
    0.08471603968284482,
    0.0776322175796045,
    0.06503198001959055,
    0.055577936304279665,
    0.05832293682937937,
    0.04749570182169771,
    0.052063238906944385,
    0.05257169803171489,
    0.0522289671121675,
    0.05241097323340268,
    0.044556410222261776,
    0.0505077297872309,
    0.05306319895737191,
    0.049667520399885624,
    0.0386640214639238,
    0.03732120821142295,
    0.03594618986656651,
    0.036582289323174845
  ],
  "best_valid_losses": [
    0.34517612754068805,
    0.21017819360165024,
    0.21316031564380641,
    0.21233539145947158,
    0.19343899922161023,
    0.3012113896655905,
    0.21261536927465888,
    0.2254708212540271,
    0.1535732776664474,
    0.1852533207716935,
    0.15153747727323266,
    0.15639942499105672,
    0.13946634283010045,
    0.1427505709938039,
    0.20606322508648633,
    0.15469720201282422,
    0.1588460345748694,
    0.20193447611272908,
    0.170334226839972,
    0.17361695479289047,
    0.14535392024535096,
    0.15315079777162047,
    0.20788329620390844,
    0.3144887883364744,
    0.4186720804630316,
    0.24593286884454127,
    0.2330923736136422,
    0.36643277391524887,
    0.4282619270612646,
    0.6923531672649568,
    0.6139755302315073,
    0.22285408741875232,
    0.220964974087075,
    0.32888609097125276,
    0.2250392799979227,
    0.43481120163833586,
    1.6084414623790464,
    0.19403923910618484,
    0.2647444855888083,
    0.26019479988201777,
    0.26736250019630997,
    0.4740215373088438
  ],
  "data_normalization_method": "standard",
  "normalization_parameters": {
    "mean": -8.025888710833714e-12,
    "std": 0.9989994995286607
  }
}