{
  "best_test_loss": 0.5235580511676661,
  "best_f1_test": 0.7713226205191593,
  "best_acc_test": 0.7713226205191595,
  "best_valid_loss": 0.2527167787455135,
  "best_f1_valid": 0.8858321870701513,
  "model_save_name": "model",
  "is_univariate": true,
  "dataset_name": "FordB",
  "network_arch": "ViT",
  "seed": 13,
  "best_train_loss": 0.2145438928469667,
  "batch_size": 64,
  "learning_rate": 0.0006046056118328004,
  "epochs": 500,
  "patience": 30,
  "min_loss_improvement": 0,
  "epoch_model_saved": 7,
  "optimizer": "Adam",
  "criterion": "NLLLoss",
  "optimization_losses": [
    0.27434664083314236,
    0.31568960285908254,
    0.25797340864164464,
    0.3293342926069336,
    0.3268222746117735,
    0.2591593541830081,
    0.31200916821231867,
    0.32870022069145266,
    0.29811323972155007,
    0.32433152776800783,
    0.3292340247224417,
    0.2863327618150304,
    0.2882488461357363,
    0.30080492157063754,
    0.3240863321735902,
    0.32408824735199404,
    0.3006576679677714,
    0.31196876585565536,
    0.3252735924605982,
    0.2593064266763002,
    0.2739324986606713,
    0.2561074981909179,
    0.25319022214888215,
    0.26342741757672294,
    0.2615620492659048,
    0.27455898557765285,
    0.27360300164275186,
    0.2665133806665465,
    0.2527167787455135,
    0.26027058731083036
  ],
  "best_train_losses": [
    0.5828209367300162,
    0.35211221209664456,
    0.31318999062378106,
    0.2604564513186149,
    0.23604256320524414,
    0.23599589799506465,
    0.2145438928469667,
    0.1880850047692964,
    0.1797243316940953,
    0.16108034341051622,
    0.1446759699955275,
    0.12431672947196881,
    0.09997358309435549,
    0.16036809220438647,
    0.09626653054639431,
    0.08534301501254268,
    0.09080915828907998,
    0.0735198466781081,
    0.061332784992792586,
    0.0750968144665968,
    0.06504840796308635,
    0.05859584733075174,
    0.0786945787674787,
    0.06182506792196053,
    0.06436443388105935,
    0.05580554044250773,
    0.04461365322770738,
    0.049444324622619926,
    0.031345462335428634,
    0.039698549316993605,
    0.03585122314575122,
    0.055810216081519565,
    0.029554320478083585,
    0.03827051221530121,
    0.058130596148201166,
    0.0260198164793395
  ],
  "best_valid_losses": [
    0.37024672921782836,
    0.2971444912920956,
    0.28924401996060284,
    0.2964148389014122,
    0.3168190275786503,
    0.417525506741079,
    0.2527167787455135,
    0.26618760447062684,
    0.2695037045373877,
    0.25368595049502596,
    0.3230745889953603,
    0.34203236676147913,
    0.40124980303903396,
    0.2789812290315943,
    0.32437866397376236,
    0.3897973592540421,
    0.3765687559624978,
    0.3602891283307066,
    0.4091812642355241,
    0.36177704029266905,
    0.41124195368778593,
    0.5672465238151393,
    0.34457695219752876,
    0.40060398818866094,
    0.4981622810704836,
    0.40831412524599814,
    0.4875260921915099,
    0.39182190558113456,
    0.5059826815144723,
    0.43101973112216513,
    0.42753723064921745,
    0.4078942746784861,
    0.44255468933913533,
    0.44939554721485964,
    0.3420651162342979,
    0.6391396301156717
  ],
  "data_normalization_method": "standard",
  "normalization_parameters": {
    "mean": -8.025888710833714e-12,
    "std": 0.9989994995286607
  }
}