{
  "best_test_loss": 0.4361395489594845,
  "best_f1_test": 0.823238566131026,
  "best_acc_test": 0.823238566131026,
  "best_valid_loss": 0.13979060391407394,
  "best_f1_valid": 0.9491059147180193,
  "model_save_name": "model",
  "is_univariate": true,
  "dataset_name": "FordB",
  "network_arch": "ResNet",
  "seed": 18,
  "best_train_loss": 0.09891366558418477,
  "batch_size": 64,
  "learning_rate": 0.0009371473297549144,
  "epochs": 500,
  "patience": 30,
  "min_loss_improvement": 0,
  "epoch_model_saved": 31,
  "optimizer": "Adam",
  "criterion": "NLLLoss",
  "optimization_losses": [
    0.13979060391407394,
    0.1419745084549079,
    0.1416086837587855,
    0.16919923211964158,
    0.16226787837491238,
    0.16629630071014945,
    0.14989535840538215,
    0.14376773998817682,
    0.16998832073303496,
    0.15879500434929927
  ],
  "best_train_losses": [
    0.28563839422623427,
    0.23273335710844278,
    0.2059812070251003,
    0.2008742921700012,
    0.19439661248678025,
    0.19366055054710524,
    0.1817120253793803,
    0.18013761111597903,
    0.17339888899657552,
    0.1712479453016344,
    0.1627494074414488,
    0.16062420756239676,
    0.1566304112931885,
    0.15080270228556458,
    0.14637853844703638,
    0.13703090938364132,
    0.1363055501671244,
    0.14351214565838877,
    0.1355522358392915,
    0.1262656981650704,
    0.12172579979511206,
    0.11861599292068074,
    0.1179158855357721,
    0.11434249147424344,
    0.12024414381511929,
    0.10986437680304788,
    0.09862017679698201,
    0.09890030083621877,
    0.09941245186074728,
    0.09916141426300903,
    0.09891366558418477,
    0.09287186582896864,
    0.08829696782886408,
    0.0745671580774912,
    0.07574670523036132,
    0.06417126483713088,
    0.06796821271116747,
    0.060689287342161884,
    0.06157285704224933,
    0.057276446992298266,
    0.0557569441432966,
    0.05783214927375563,
    0.05566172015070505,
    0.04695076927634922,
    0.047912695023655236,
    0.0467474355683899,
    0.05306141098200291,
    0.06440303385503682,
    0.05328830172073357,
    0.04254661752820589,
    0.048971680424687296,
    0.039511361058181385,
    0.033558052048558544,
    0.03646497734203586,
    0.03538085519242647,
    0.038970106134019494,
    0.0365881000810714,
    0.03585881438808313,
    0.03763680863597698,
    0.039525220982802124
  ],
  "best_valid_losses": [
    0.21042717845682593,
    0.23583821578276698,
    0.3216987475035443,
    0.19805195294269343,
    0.1642230316853097,
    0.1732789856244642,
    0.2031505593858362,
    0.16173723098172446,
    0.1585749868288165,
    0.17202845123561902,
    0.2072037168800257,
    0.16705319435019278,
    0.15094979692563065,
    0.15165794042273434,
    0.18767982531733493,
    0.1655528257809774,
    0.4066985185979321,
    0.2354357951772918,
    0.14873467693220635,
    0.15809781013115565,
    0.16104651317307841,
    0.15202050155958743,
    0.15542698136058108,
    0.19204996723010417,
    0.1525960838860298,
    0.21884712281712476,
    0.2798502318140893,
    0.3513535929759234,
    0.213976228397027,
    0.3604601956545241,
    0.13979060391407394,
    0.21631984447514666,
    0.16903715077505807,
    0.17508574799625548,
    0.33825715757301783,
    0.3367603184678368,
    0.26037508224686695,
    0.2790326289576382,
    0.18448317555154697,
    0.27693343398249626,
    0.24940996987045713,
    0.48684894513887095,
    0.2373838616942441,
    0.21562822944032442,
    0.40498687548273365,
    0.29818187948147235,
    0.2643438070151632,
    0.2954288250068523,
    0.38808662679041267,
    0.35412615357271743,
    0.34200791934661395,
    0.3295233142261164,
    0.3143363895491688,
    0.4049552123599072,
    0.2559828313869492,
    0.2612836995306828,
    0.5265537861534785,
    0.22840148425741733,
    0.3127893949493745,
    0.19066077261712233
  ],
  "data_normalization_method": "standard",
  "normalization_parameters": {
    "mean": -8.025888710833714e-12,
    "std": 0.9989994995286607
  }
}