{
  "best_test_loss": 0.2221707006446153,
  "best_f1_test": 0.9257012888551933,
  "best_acc_test": 0.9257012888551933,
  "best_valid_loss": 0.1839739837580257,
  "best_f1_valid": 0.9319444444444445,
  "model_save_name": "model",
  "is_univariate": true,
  "dataset_name": "FordA",
  "network_arch": "ViT",
  "seed": 26,
  "best_train_loss": 0.1462663633128007,
  "batch_size": 64,
  "learning_rate": 0.0007226776849833424,
  "epochs": 500,
  "patience": 30,
  "min_loss_improvement": 0,
  "epoch_model_saved": 10,
  "optimizer": "Adam",
  "criterion": "NLLLoss",
  "optimization_losses": [
    0.3028506020704905,
    0.259684230801132,
    0.20625973608758713,
    0.2964401109351052,
    0.23431912577814526,
    0.2781620408097903,
    0.3056050482723448,
    0.2993156645033095,
    0.22158759186665217,
    0.22978062844938701,
    0.30513864225811427,
    0.234939170959923,
    0.30308279229534996,
    0.3020819279882643,
    0.22751883409089513,
    0.27713817676736247,
    0.2664477070172628,
    0.3050055094891124,
    0.30459606183899773,
    0.2745218790239758,
    0.1988389991223812,
    0.19292552115188705,
    0.20316545681820974,
    0.19101794279283948,
    0.1973083840476142,
    0.19534524463944966,
    0.19535343448321024,
    0.23452185384101337,
    0.1839739837580257,
    0.1893170028924942
  ],
  "best_train_losses": [
    0.7045377254486084,
    0.4132964875962999,
    0.3378487245904075,
    0.2947646035088433,
    0.22944651941458385,
    0.2158784493803978,
    0.21387671182552973,
    0.18913014001316494,
    0.16293070597781076,
    0.1462663633128007,
    0.13906819290584987,
    0.11879531550738547,
    0.12068498709963428,
    0.1118392137810588,
    0.1171399867369069,
    0.08105852661861314,
    0.09344757116503186,
    0.08837890248331759,
    0.07589568669597307,
    0.0669998917935623,
    0.10153571707713935,
    0.0684813284004728,
    0.07513882623364528,
    0.05334249280600084,
    0.06053523032201661,
    0.05926654137050112,
    0.054834855099519096,
    0.038106379487241306,
    0.05991038115074237,
    0.04472070576416121,
    0.0527318576661249,
    0.044947112918210526,
    0.05102229902727736,
    0.043977073171279496,
    0.034892022909803526,
    0.047140372942926154,
    0.046398047575106224,
    0.055927773099392654,
    0.026025319001119998
  ],
  "best_valid_losses": [
    0.5116680933369531,
    0.3143168052037557,
    0.23941634827189975,
    0.2893125752607981,
    0.2799741519822015,
    0.18863446133004294,
    0.23379291594028473,
    0.20595815943347084,
    0.25132818818092345,
    0.1839739837580257,
    0.22182041025824017,
    0.24846617794699138,
    0.23681602734658452,
    0.35690203772650825,
    0.21338931189643012,
    0.2766495188077291,
    0.28473745509982107,
    0.22123793562253316,
    0.332773134443495,
    0.2925033045311769,
    0.3258933293322722,
    0.32938375461122227,
    0.2533296123560932,
    0.3375784686042203,
    0.3723793137818575,
    0.2764700019525157,
    0.3086971546212832,
    0.39536939481687217,
    0.2639749799234172,
    0.2966414421486358,
    0.30861750835966734,
    0.3275774004558722,
    0.2670760022269355,
    0.33953674054808086,
    0.3500822260303216,
    0.35812631580564713,
    0.28511015702452924,
    0.279006591397855,
    0.3906703413360649
  ],
  "data_normalization_method": "standard",
  "normalization_parameters": {
    "mean": -2.3081128410022225e-11,
    "std": 0.9989994995179163
  }
}