{
  "best_test_loss": 0.055695596442358435,
  "best_f1_test": 0.993996430309914,
  "best_acc_test": 0.993996430309914,
  "best_valid_loss": 2.1825101490023046e-05,
  "best_f1_valid": 1.0,
  "model_save_name": "model",
  "is_univariate": true,
  "dataset_name": "Wafer",
  "network_arch": "ViT",
  "seed": 5,
  "best_train_loss": 4.45565534770176e-05,
  "batch_size": 64,
  "learning_rate": 0.00023048820874075837,
  "epochs": 500,
  "patience": 30,
  "min_loss_improvement": 0,
  "epoch_model_saved": 184,
  "optimizer": "Adam",
  "criterion": "NLLLoss",
  "optimization_losses": [
    4.413556323481715e-05,
    6.51891195640693e-05,
    2.1825101490023046e-05,
    7.718601405958816e-05,
    7.452391999060131e-05,
    5.496937818639907e-05,
    0.00011963780779844446,
    0.0021140377861980477,
    7.640134713459593e-05,
    4.938034882924788e-05
  ],
  "best_train_losses": [
    0.4925573179148194,
    0.31511091080524567,
    0.2601797579972069,
    0.18919609408629567,
    0.15469692518612496,
    0.12475666254385372,
    0.07713105921682559,
    0.042249625553388646,
    0.018978995539453394,
    0.016929146406569874,
    0.01660066217599544,
    0.009638244491000484,
    0.009606184101754562,
    0.008093551280943299,
    0.006239116894148925,
    0.0048248478932712315,
    0.012403795336907669,
    0.014824666121080611,
    0.015406654101976176,
    0.012752438649735916,
    0.020391929749968955,
    0.009617730069504046,
    0.0058857875859789684,
    0.005603095803661902,
    0.0039843095552274275,
    0.0022930695144587985,
    0.0009361553494730979,
    0.0007201237629551702,
    0.0013807168866322144,
    0.000941744740695849,
    0.000709255994034973,
    0.00056425139710907,
    0.0008444116836125474,
    0.0017557914981812257,
    0.005435234280364392,
    0.019203539821319282,
    0.008725778716307059,
    0.0007301357093052402,
    0.0023884398454682375,
    0.009078341487352795,
    0.0009271223995225378,
    0.008243611656633535,
    0.0034999914915489973,
    0.00582418858422606,
    0.0013538753147876558,
    0.0005355848063350676,
    0.00045983672371358237,
    0.00043675331140630283,
    0.0005357886240339107,
    0.0003657608186064013,
    0.000347881044047,
    0.00029687763810015396,
    0.000303240220355953,
    0.0005568693805413606,
    0.00029567807981683723,
    0.0002817607026390806,
    0.00038405650367967335,
    0.00023429000278687417,
    0.0002730166397531888,
    0.00021253611246488036,
    0.00022437527581301277,
    0.0001978658906763004,
    0.00018987307956828538,
    0.0002350588464808363,
    0.00018425852356170465,
    0.0001725767886313962,
    0.00018673782172831088,
    0.000165468550009716,
    0.00024112192428096625,
    0.00015678385014845326,
    0.00015966253864863668,
    0.00014737477607909533,
    0.00017685408508206688,
    0.0006316349593141142,
    0.0005501524464943257,
    0.00014040337779639724,
    0.0001853444811699557,
    0.00022051306245941902,
    0.00013754236267020058,
    0.001076222279768164,
    0.0001362817361440281,
    0.00016670895657673674,
    0.0001276421173867235,
    0.00013643607116750159,
    0.0005027452547378596,
    0.008392914691444674,
    0.0005600037030104833,
    0.001254441307728963,
    0.00020193832945854714,
    0.0002425653198170814,
    0.00017268170203189634,
    0.00016578148183486375,
    0.0001572987864819241,
    0.00014753917439019117,
    0.00013964257886800167,
    0.0001259319382881043,
    0.0001468009742214356,
    0.0001728936912511466,
    0.00013630961318238333,
    0.00012281557576357969,
    0.0001298221451318461,
    0.00011480367659106221,
    0.00013767661180179145,
    0.00019558814576276133,
    0.00011763539790954292,
    0.00011703745646689339,
    0.00010356078112415064,
    0.00010434213116806453,
    0.00010091413864950512,
    0.00011832735546526702,
    0.007584919979328839,
    0.0006160772362018452,
    0.00012235480784041747,
    0.00012176298890639223,
    0.000120692944747453,
    0.00010443116563902164,
    0.00013417609740660775,
    0.00010107410659536225,
    0.00010199778864859255,
    9.354561639373147e-05,
    9.803046989310089e-05,
    0.00011802367129106948,
    9.085344828876496e-05,
    8.704741391686508e-05,
    0.00020271324843123328,
    8.633006480084802e-05,
    8.705059272621672e-05,
    8.759849177358934e-05,
    7.976196952984624e-05,
    7.876973535517175e-05,
    0.00010049226617220004,
    7.770945923315375e-05,
    7.505969641211427e-05,
    0.00010355383927705126,
    7.374666406268857e-05,
    8.209277716343335e-05,
    7.252675992244724e-05,
    7.198485394824241e-05,
    6.93333510427332e-05,
    6.9108938609097e-05,
    6.659347605194201e-05,
    7.554756290087346e-05,
    6.750769066194861e-05,
    6.606819969828049e-05,
    6.409817843748733e-05,
    6.371598841300361e-05,
    6.0291155939484086e-05,
    6.174131384907748e-05,
    6.15649148214954e-05,
    6.057866652609073e-05,
    6.098034241301519e-05,
    5.972276109393002e-05,
    5.692121835055243e-05,
    5.802428501754133e-05,
    5.856150260354441e-05,
    7.033196599517406e-05,
    8.014992689045688e-05,
    5.6365273799076164e-05,
    7.078272204565755e-05,
    5.334890682065281e-05,
    5.489414253136152e-05,
    6.714647584648763e-05,
    5.3092208856884227e-05,
    5.395761040756526e-05,
    5.0141541642165466e-05,
    5.106125392198019e-05,
    4.9829787783614154e-05,
    5.2697171077740855e-05,
    4.991037872458579e-05,
    4.854672663538182e-05,
    4.8916936668005416e-05,
    4.931716595231941e-05,
    4.630452838541361e-05,
    4.706617130665692e-05,
    8.631482419526067e-05,
    4.581474675155037e-05,
    4.637699953092491e-05,
    4.6091591194592985e-05,
    4.725250831674166e-05,
    4.6956998334449474e-05,
    4.9942947159997444e-05,
    4.6002760331918436e-05,
    4.647976154564205e-05,
    4.45565534770176e-05,
    0.0002633629939422586,
    0.050680911297089175,
    0.0067795957841287205,
    0.055283266580068414,
    0.016941071360387763,
    0.013730910346717258,
    0.011992380495666337,
    0.02135023615208634,
    0.008499678987881313,
    0.0005584387132025004,
    0.005795185545221307,
    0.004234086753208807,
    0.001493220789244814,
    0.0004429027403443398,
    0.0005280473831175058,
    0.0004894851572635959,
    0.0003149266278734174,
    0.00024423259536544313,
    0.00019056667140620833,
    0.00017396648227555774,
    0.00016248492666410473,
    0.0006909959688858551,
    0.003307532654500556,
    0.0005708882071802575,
    0.00026771298078364953,
    0.00019280544636370776,
    0.0002241084073643366,
    0.0001417344997629388,
    0.003657324372019466
  ],