{
  "best_test_loss": 0.4283724131041905,
  "best_f1_test": 0.8009888751545118,
  "best_acc_test": 0.8009888751545118,
  "best_valid_loss": 0.2051105370957717,
  "best_f1_valid": 0.9202200825309491,
  "model_save_name": "model",
  "is_univariate": true,
  "dataset_name": "FordB",
  "network_arch": "LSTM",
  "seed": 11,
  "best_train_loss": 0.18474362018880686,
  "batch_size": 64,
  "learning_rate": 0.00032198564999336377,
  "epochs": 500,
  "patience": 30,
  "min_loss_improvement": 0,
  "epoch_model_saved": 119,
  "optimizer": "Adam",
  "criterion": "NLLLoss",
  "optimization_losses": [
    0.691322965011964,
    0.6928351418188219,
    0.6682012134437876,
    0.6928596946691384,
    0.6928493109989035,
    0.6915978160488229,
    0.6916971478042445,
    0.2051105370957717,
    0.6898735138540255,
    0.6928655689651405
  ],
  "best_train_losses": [
    0.693648078746612,
    0.6925450212525862,
    0.6925266738442968,
    0.6924796734092324,
    0.6924426609745052,
    0.6924137782197871,
    0.6923899429208474,
    0.6923695642813692,
    0.6923516932183151,
    0.6923356416136888,
    0.6923209364017398,
    0.6923071731399473,
    0.692294064627389,
    0.692281262582729,
    0.6922684640635158,
    0.6922552503614675,
    0.6922411622666591,
    0.6922259885802393,
    0.6922104323418629,
    0.6921949163591682,
    0.6921729188837736,
    0.6921216843052777,
    0.6910930786696884,
    0.6917562342083602,
    0.6910794742989573,
    0.6910281826574176,
    0.6898833411595844,
    0.7557176482726652,
    0.6760127185299439,
    0.6509083770574206,
    0.6035984470067031,
    0.5431284523239818,
    0.5165909453304138,
    0.48543447145405627,
    0.688511652418475,
    0.5541145162864434,
    0.5304383642489842,
    0.5091009398274113,
    0.48998350593705947,
    0.6054580124733044,
    0.5390024308161362,
    0.5037213552440869,
    0.45574088659050377,
    0.5203897104466634,
    0.4878910661071662,
    0.4159642152969906,
    0.3950450247796726,
    0.3768435826491785,
    0.6684294186399269,
    0.4743177595213978,
    0.5235707308518017,
    0.6081385847790861,
    0.46002402180162716,
    0.38674445251487144,
    0.34102634903161366,
    0.34702192195671955,
    0.3814812924051875,
    0.31821692846664207,
    0.31760901749707976,
    0.2837894283839728,
    0.28720474337449264,
    0.27975011449896486,
    0.28355783886151925,
    0.27181464771866964,
    0.25662636223980617,
    0.32061536624474246,
    0.2672787875633948,
    0.2794551940780886,
    0.24984749598221076,
    0.27307766882966605,
    0.26123982595159395,
    0.24959304158100565,
    0.2621367030778318,
    0.2513066518339527,
    0.25202673802759495,
    0.28411947393679715,
    0.2733297788703294,
    0.30406971281955464,
    0.24525457296771558,
    0.22344268432099684,
    0.2109039632969906,
    0.21112708632604948,
    0.22595912154553846,
    0.23161669397288537,
    0.22505296719615364,
    0.24541601354187095,
    0.37348346842614294,
    0.23162097415209146,
    0.2319999625586086,
    0.20932200233332884,
    0.19910611595543412,
    0.21077390744810748,
    0.2110963144648354,
    0.2118142424189733,
    0.2221769019039002,
    0.20364091331152018,
    0.20222357639010374,
    0.22571817518018464,
    0.23130243626183625,
    0.21670514300076144,
    0.21412251975792146,
    0.20403852054472638,
    0.22436746690509407,
    0.21479014570644175,
    0.21052447921677173,
    0.2230790794879567,
    0.2171242098327844,
    0.2130966498279506,
    0.2189188015530657,
    0.19222815463926637,
    0.2020365784183001,
    0.21273783122943882,
    0.21808844104798658,
    0.19558764867064385,
    0.20507168467508877,
    0.1972034998248335,
    0.18689092616595462,
    0.19547396443241072,
    0.18474362018880686,
    0.1980814928447692,
    0.191697866206238,
    0.1933115743910266,
    0.179655939853011,
    0.17136006471297435,
    0.17286218706892478,
    0.22296043949142774,
    0.224538679300017,
    0.30177288013606485,
    0.20580729303120582,
    0.19311881146330945,
    0.18053821536828923,
    0.18032434298829822,
    0.18768893524573954,
    0.1624576820590965,
    0.18246107367078737,
    0.18958885688975227,
    0.19199739993028497,
    0.19328868734500432,
    0.1596601137166338,
    0.2083699550413036,
    0.18615603550469204,
    0.19293794302369738,
    0.20257388234671406,
    0.19683085414779564,
    0.1730732148233929,
    0.1598967466774964,
    0.1626806928682688,
    0.15318063482580682
  ],