{
  "best_test_loss": 0.2653558015398484,
  "best_f1_test": 0.9134419551934827,
  "best_acc_test": 0.9134419551934827,
  "best_valid_loss": 0.24101870871604758,
  "best_f1_valid": 0.9308510638297872,
  "model_save_name": "model",
  "is_univariate": true,
  "dataset_name": "NonInvasiveFetalECGThorax2",
  "network_arch": "ViT",
  "seed": 23,
  "best_train_loss": 0.19778139426916816,
  "batch_size": 64,
  "learning_rate": 0.00015663647916277522,
  "epochs": 500,
  "patience": 30,
  "min_loss_improvement": 0,
  "epoch_model_saved": 141,
  "optimizer": "Adam",
  "criterion": "NLLLoss",
  "optimization_losses": [
    0.3237605031500471,
    0.30538425990875734,
    0.24935100497083462,
    0.27722624261328516,
    0.2834281122430842,
    0.3212389673324341,
    0.34751568766350444,
    0.24538218848248747,
    0.24101870871604758,
    0.408936342026325,
    0.3369472121938746,
    0.26925911801926633,
    0.2819565540932594,
    0.251796821330456,
    0.2982792721149769,
    0.2568590463475978,
    0.2901939350239774,
    0.4941449171685158,
    0.27127018824536747,
    0.33283082284825916,
    0.27740050186502174,
    0.27520207458354057,
    0.24992911422506292,
    0.2605614998239152,
    0.2844626136282657,
    0.26940927543538684,
    0.24141494263993932,
    0.2689438779303368,
    0.2586493669672215,
    0.2556726761320804
  ],
  "best_train_losses": [
    3.8301001355753597,
    3.7665444911573442,
    3.7420230680842343,
    3.7163260862681535,
    3.478900285145806,
    3.2384994470645907,
    2.944168654111432,
    2.658403628993353,
    2.4507360681210786,
    2.2366331059247444,
    2.067895284104498,
    1.961154192413818,
    1.8239483842528041,
    1.709628113875989,
    1.6016299399538771,
    1.505550081848847,
    1.436709684548207,
    1.3697653980382463,
    1.3036239791402326,
    1.22332156152685,
    1.1763585710391475,
    1.114351419688779,
    1.0790475774045905,
    1.0572003879684506,
    1.0183387606058503,
    0.94477995809165,
    0.951720293524897,
    0.8937235945391974,
    0.8474733909082849,
    0.8458732098906457,
    0.8190090066517062,
    0.7785595949904146,
    0.7635668955549587,
    0.7159895865496664,
    0.704465183441855,
    0.6757625834001928,
    0.6928142692451317,
    0.69361439454078,
    0.6493027375268836,
    0.6276706801027122,
    0.623456835872425,
    0.5875550206496694,
    0.5862999916998165,
    0.5796940748069962,
    0.5536824572446559,
    0.5470513832125125,
    0.5124801532617356,
    0.5238130986481088,
    0.5157625346600967,
    0.5398299806317391,
    0.5408316432633873,
    0.49728856560887374,
    0.4938283842253333,
    0.49283143947096,
    0.45971379046363053,
    0.4919722780574817,
    0.4714834644018724,
    0.4392112380002304,
    0.44349800162305314,
    0.430172376371318,
    0.42803366977567,
    0.43040771033675085,
    0.42930551142401036,
    0.41540361680116605,
    0.42161568624405316,
    0.42260655151314913,
    0.3864089453714629,
    0.37896162598215183,
    0.35188377116108477,
    0.360220005645437,
    0.37281188275599597,
    0.36723462570241366,
    0.378707312063189,
    0.3433305721046718,
    0.3415524849821293,
    0.34978756880307815,
    0.3336662453869574,
    0.3661193025003247,
    0.335849512025494,
    0.3285487015860565,
    0.3414888727522533,
    0.3175974081539387,
    0.34274512009979213,
    0.31576345063018196,
    0.30968613890133856,
    0.3171021774809124,
    0.3059442600710494,
    0.32130424325430973,
    0.31008712072985656,
    0.309710490540225,
    0.30335479281523325,
    0.3036677376619126,
    0.27809466259293547,
    0.2870072931239744,
    0.28494130950408003,
    0.2812883809198398,
    0.29367750635971424,
    0.2601333088068081,
    0.2720485932795162,
    0.27467218454003084,
    0.25322950872751665,
    0.2996058440384359,
    0.26970374871644853,
    0.2683523252386487,
    0.2564256695777869,
    0.2645431197577602,
    0.26611362574641667,
    0.26042722139405433,
    0.2876343925654344,
    0.25028551380638914,
    0.2559224804856789,
    0.2221586375653702,
    0.22351900088644663,
    0.220014857956832,
    0.262714411767536,
    0.25611129444477343,
    0.27812782644136474,
    0.24548950102324227,
    0.23609654464021335,
    0.25074619686234945,
    0.24541760154869552,
    0.23615647076471372,
    0.24712594514234923,
    0.2300557143363162,
    0.20980775530645734,
    0.21088917688509148,
    0.2223511527351988,
    0.250595922400561,
    0.23513165335429442,
    0.18246467424084079,
    0.20084830435831952,
    0.22137781099081877,
    0.18906690876666543,
    0.20052559302042508,
    0.1831665133137206,
    0.1686284493181124,
    0.20114844720169264,
    0.20103114715614373,
    0.18727671582505726,
    0.20490976123535876,
    0.19778139426916816,
    0.17275368576726693,
    0.19176432132218307,
    0.2098117786468133,
    0.19162588886974233,
    0.1924024495706538,
    0.24400114523049232,
    0.1827722126153348,
    0.2119555600139346,
    0.19428992234772557,
    0.17759171451847067,
    0.18535956431989173,
    0.18983835936933022,
    0.1968961723740471,
    0.21883944814169984,
    0.2101842678732547,
    0.20292779531013103,
    0.18706274769273512,
    0.1740459323934661,
    0.16593885112839188,
    0.17153146506947525,
    0.16813959677665063,
    0.16541220726300024,
    0.15872009993856084,
    0.16775000285951502,
    0.16004754757889542,
    0.17050024301588576,
    0.1598952633400074,
    0.16452695010982596,
    0.1446831688672325
  ],