{
  "best_test_loss": 0.21609302966589272,
  "best_f1_test": 0.9257012888551933,
  "best_acc_test": 0.9257012888551933,
  "best_valid_loss": 0.21805615557564628,
  "best_f1_valid": 0.9236111111111112,
  "model_save_name": "model",
  "is_univariate": true,
  "dataset_name": "FordA",
  "network_arch": "ViT",
  "seed": 2,
  "best_train_loss": 0.09512372348043653,
  "batch_size": 64,
  "learning_rate": 0.0009171680305450534,
  "epochs": 500,
  "patience": 30,
  "min_loss_improvement": 0,
  "epoch_model_saved": 19,
  "optimizer": "Adam",
  "criterion": "NLLLoss",
  "optimization_losses": [
    0.3421925511625078,
    0.3294914229048623,
    0.3245396395524343,
    0.22622639884551365,
    0.31365543719795014,
    0.30416669795910517,
    0.263285881612036,
    0.31744286947780187,
    0.2987048332889875,
    0.3350438353088167,
    0.3446352435482873,
    0.26085637874073453,
    0.23594346559709972,
    0.22798318713903426,
    0.2261390287015173,
    0.31589614119794635,
    0.2598329736126794,
    0.26055785450670454,
    0.3452210234271155,
    0.26118316915300155,
    0.22309477660391067,
    0.22228668158253034,
    0.24500261379612817,
    0.21805615557564628,
    0.23170108546813328,
    0.2267871770593855,
    0.22643736865785385,
    0.3395714170402951,
    0.34263042476442124,
    0.2356721204188135
  ],
  "best_train_losses": [
    0.7073544674449497,
    0.42258327735794915,
    0.34439146485593586,
    0.2848288231425815,
    0.28186560190386245,
    0.23451927966541714,
    0.20615658991866642,
    0.2028998573621114,
    0.16803676701254314,
    0.13671370090709792,
    0.12650587956110637,
    0.11315093007352617,
    0.11006597897244824,
    0.12168453335762024,
    0.0934800576004717,
    0.09479515933328204,
    0.07639534345103635,
    0.07982058078050613,
    0.09512372348043653,
    0.07560207510573996,
    0.06834630016237497,
    0.0720439115125272,
    0.06207042274375756,
    0.06514112433522112,
    0.07272228327476316,
    0.05641423628355066,
    0.07314194414971603,
    0.05965255864171518,
    0.06007320297261079,
    0.04090770175680518,
    0.0540340928076249,
    0.061879160948511626,
    0.027565644645235605,
    0.04564996683297472,
    0.05276330926765998,
    0.037712156410432525,
    0.08226627756117119,
    0.0357041499680943,
    0.036430437754218774,
    0.04966477271583345,
    0.030816961987875403,
    0.03717854608160754,
    0.041110962142960894,
    0.035206891138417025,
    0.05378961243873669,
    0.03843395792258283,
    0.02536990789230913,
    0.01781872210946555
  ],
  "best_valid_losses": [
    0.532168122794893,
    0.4067810813585917,
    0.4116474578777949,
    0.35473938551214007,
    0.2939715954992506,
    0.3371116393142276,
    0.2336329359147284,
    0.22363030446900262,
    0.2472448339064916,
    0.23349186198578942,
    0.25426165991359284,
    0.27599896126323276,
    0.2932383570406172,
    0.23946437697029777,
    0.2521482042140431,
    0.25550127025279734,
    0.25234354875153964,
    0.2643349981142415,
    0.21805615557564628,
    0.27994637853569454,
    0.26890839603212147,
    0.27628304693433975,
    0.2617324208219846,
    0.32529628274755346,
    0.2954662361906634,
    0.3695025440719393,
    0.29337272644042967,
    0.3159143182966444,
    0.28004215723938414,
    0.31158877379364436,
    0.28930593563450707,
    0.27045936319563124,
    0.4247799419694477,
    0.353251987695694,
    0.30960591402318743,
    0.3256541464995179,
    0.23871071255869336,
    0.30712635765473045,
    0.3245770543399784,
    0.36297683686845833,
    0.32875046759015986,
    0.30157350185844634,
    0.3125809656145672,
    0.35208009586979944,
    0.3098104212019179,
    0.28878698175152145,
    0.3554983830286397,
    0.43102570100583965
  ],
  "data_normalization_method": "standard",
  "normalization_parameters": {
    "mean": -2.3081128410022225e-11,
    "std": 0.9989994995179163
  }
}