{
  "best_test_loss": 0.3297780303933227,
  "best_f1_test": 0.8920570264765785,
  "best_acc_test": 0.8920570264765784,
  "best_valid_loss": 0.3375708194489175,
  "best_f1_valid": 0.8936170212765957,
  "model_save_name": "model",
  "is_univariate": true,
  "dataset_name": "NonInvasiveFetalECGThorax1",
  "network_arch": "ViT",
  "seed": 2,
  "best_train_loss": 0.17231342009021963,
  "batch_size": 64,
  "learning_rate": 0.0004928542646559005,
  "epochs": 500,
  "patience": 30,
  "min_loss_improvement": 0,
  "epoch_model_saved": 100,
  "optimizer": "Adam",
  "criterion": "NLLLoss",
  "optimization_losses": [
    0.3926659644918239,
    0.5057130639857434,
    0.7243226069085141,
    0.40820114599897506,
    0.5379496381637898,
    0.34200735707232294,
    0.49713069834607715,
    0.46527417796723386,
    0.3754322151554392,
    0.40398295952918684,
    0.3375708194489175,
    0.41618800448610427,
    0.49869828148091094,
    0.38379388255007724,
    0.4051854318760811,
    0.34535030545072354,
    0.5084841688896747,
    0.3867440474160174,
    0.4015505827487783,
    0.4062795873652113,
    0.3745551458064546,
    0.36925822115959006,
    0.35042068362236023,
    0.47315138324778133,
    0.36507385271660825,
    0.5172165790770916,
    0.35363025709669643,
    0.34854497586158995,
    0.3519955943239496,
    0.4822769780108269
  ],
  "best_train_losses": [
    3.8253494548864624,
    3.6586331285730016,
    3.343461631807071,
    2.920219300250645,
    2.6504863908570666,
    2.4527688480479064,
    2.2138229907606157,
    2.0230639594085438,
    1.894497110319238,
    1.7953882381602735,
    1.6935967736401696,
    1.4626550867116879,
    1.4047804728244613,
    1.2465064999760662,
    1.1787380896566289,
    1.0921251956459845,
    1.0031373959063479,
    0.9884488297363276,
    0.8912233967891647,
    0.8659964197132676,
    0.8331060949883156,
    0.7733529229358478,
    0.7774391493492367,
    0.7485089325938356,
    0.7914088424334456,
    0.726894919753326,
    0.7001750139141284,
    0.6233953366334892,
    0.631803591026861,
    0.6833627995100979,
    0.6656747728439594,
    0.612407078645804,
    0.549226893184056,
    0.5619514489039852,
    0.5391051682551311,
    0.6167486314193849,
    0.5318634465431045,
    0.5187508344482722,
    0.5249236149429354,
    0.45635975906736653,
    0.4567201731075976,
    0.4434057560841633,
    0.4301303329806217,
    0.4718764786643205,
    0.4261182419280309,
    0.409546707330752,
    0.3841463420605542,
    0.39741975932957335,
    0.3647265251848954,
    0.3572812102059621,
    0.3462702229420065,
    0.3818422026895589,
    0.38843721603727305,
    0.39517189663895735,
    0.3576304881309257,
    0.33148433505776725,
    0.33163569734620946,
    0.3115037881722772,
    0.3156567984748205,
    0.30543009268718124,
    0.31755368053410477,
    0.3495932001717394,
    0.2930031228530432,
    0.26677389607325624,
    0.2662318749320566,
    0.2646676154620029,
    0.25842115155781814,
    0.29597552825427775,
    0.2851830145798346,
    0.25001689321502196,
    0.24612983014075923,
    0.26941761820565957,
    0.33575094571351505,
    0.29337185412875716,
    0.25044329568104934,
    0.2555088914161154,
    0.23857171534025912,
    0.2332003862922324,
    0.23919885826001935,
    0.26133470593291275,
    0.2478899292789206,
    0.21595449786232712,
    0.23282550020864626,
    0.23822900881167458,
    0.2738654617107593,
    0.24654074952540395,
    0.2771549882682712,
    0.24822322099626024,
    0.26164597300622805,
    0.21611971121729048,
    0.22819695931689804,
    0.1970431205259606,
    0.21786038601117827,
    0.17696153422266517,
    0.18760716494170193,
    0.19302288314572372,
    0.24369364471102128,
    0.2265853546010049,
    0.16529429151571223,
    0.17231342009021963,
    0.19044917962204297,
    0.21535366710775433,
    0.18925225941002244,
    0.2081510141460475,
    0.1953786044517036,
    0.251606852067497,
    0.22934885691649798,
    0.25819429694475293,
    0.2295463508491104,
    0.16831676121630973,
    0.19779867567357595,
    0.17564125728707705,
    0.15749185511911745,
    0.16175970881234905,
    0.15913752596812272,
    0.15133835419551722,
    0.146122742378829,
    0.14143933593514765,
    0.13934079429903085,
    0.1822776345199711,
    0.17449751056505608,
    0.1643811606881238,
    0.17106182897333855,
    0.1762583475253654,
    0.16234711451863038,
    0.1645833182024939,
    0.1814153970324566,
    0.1785356482610012,
    0.19154718863821665
  ],
  "best_valid_losses": [
    3.732048805723799,
    3.250757110879776,
    3.003452346680012,
    2.746127296001353,
    2.566072296588979,
    2.1579291211797837,
    2.2075549896727216,
    1.79311104277347,
    1.864567054078934,
    1.65860619697165,
    1.3718975604848658,
    1.2420248680926385,
    1.2318811036170798,
    1.0658439828994426,
    1.045927199911564,
    0.8997084916906154,
    0.9394609788630871,
    0.8678367657864348,
    0.788569931020128,
    0.8226521991668864,
    0.7496260201677363,
    0.7108378372293838,
    0.785597082148207,
    0.6846087752504552,
    0.7210204525196806,
    0.6312660067639453,
    0.6466595467100752,
    0.5845336571652838,
    0.5697589757594657,
    0.7958870225764335,
    0.6583080380520923,
    0.5016392906929584,
    0.5268210901858958,
    0.5629047637290143,
    0.5814342917279994,
    0.6355397339831007,
    0.5432058896156068,
    0.7021426609221925,
    0.5416313099100235,
    0.44991030972054663,
    0.4745494932570356,
    0.4509143829345703,
    0.4955542360214477,
    0.4734210968017578,
    0.4580485814429344,
    0.47156476594032126,
    0.4944008817064001,
    0.5170852212195701,
    0.45096903849155345,
    0.42281404391248173,
    0.5104882951746595,
    0.4470571539503463,
    0.4499645131699582,
    0.46568458448065086,
    0.48283852097835944,
    0.4721904238487812,
    0.419853778278574,
    0.5437025751205201,
    0.5364280305010207,
    0.39832538049271765,
    0.3966917655569442,
    0.439379427661287,
    0.4240431436832915,
    0.4711338389427104,
    0.39876725825857606,
    0.4661798084035833,
    0.4833981115767296,
    0.42431943277095224,
    0.3960703230918722,
    0.39513536209755756,
    0.42372391769226564,
    0.7249633948853675,
    0.5095594087813763,
    0.47001117784926233,
    0.4848732783439312,
    0.45010335267858304,
    0.41898861146987754,
    0.43360010169922036,
    0.47044518716791844,
    0.5290354122506812,
    0.47700324971625147,
    0.44525284272559146,
    0.4088908503664301,
    0.4152782933509096,
    0.4319878188853568,
    0.43787622895646605,
    0.44508197649996334,
    0.4061659041871416,
    0.4799447002563071,
    0.4572131392803598,
    0.42401396340512215,
    0.4031345140426717,
    0.45975801792550597,
    0.42622391911263163,
    0.40826523938077564,
    0.48169952821224293,
    0.4726984805249153,
    0.3876218966981198,
    0.43681189671475834,
    0.3375708194489175,
    0.4540558355919858,
    0.47010807407663224,
    0.4121483240989929,
    0.4253219118777742,
    0.5288631015635551,
    0.46525015602720543,
    0.4605360043809769,
    0.46247373172577394,
    0.45506222070531643,
    0.47354345118745844,
    0.5091379887246071,
    0.4580435518254625,
    0.4405875561085153,
    0.3786078082754257,
    0.38774905147704675,
    0.4400005147178122,
    0.44542902010552426,
    0.36319460164993367,
    0.377680907858179,
    0.43209521757795455,
    0.48906229911966526,
    0.4815508799350008,
    0.4716339586897099,
    0.4089721225677653,
    0.5607553105405036,
    0.4651377499103546,
    0.5216327810541113,
    0.4241662412247759,
    0.5109075269800551
  ],
  "data_normalization_method": "standard",
  "normalization_parameters": {
    "mean": 0.00014899354114485957,
    "std": 0.9993330998615045
  }
}