{
  "best_test_loss": 0.1664899054228401,
  "best_f1_test": 0.9370735405610311,
  "best_acc_test": 0.9370735405610311,
  "best_valid_loss": 0.16002926660908592,
  "best_f1_valid": 0.9375,
  "model_save_name": "model",
  "is_univariate": true,
  "dataset_name": "FordA",
  "network_arch": "ResNet",
  "seed": 3,
  "best_train_loss": 0.04224509518179628,
  "batch_size": 64,
  "learning_rate": 2.777630163487564e-05,
  "epochs": 500,
  "patience": 30,
  "min_loss_improvement": 0,
  "epoch_model_saved": 64,
  "optimizer": "Adam",
  "criterion": "NLLLoss",
  "optimization_losses": [
    0.16919675668080647,
    0.16803888612323337,
    0.16002926660908592,
    0.16900731060240004,
    0.1640478958686193,
    0.18398519820637174,
    0.17063314252429537,
    0.17194637325074938,
    0.1889041440354453,
    0.16268174250920614
  ],
  "best_train_losses": [
    0.565621601872974,
    0.41070428954230415,
    0.33192073967721725,
    0.29056247174739835,
    0.26843148469924927,
    0.25355422331227195,
    0.2420058356391059,
    0.23229457007514107,
    0.2237724800904592,
    0.21602188911702896,
    0.20904585553540123,
    0.20256048043568928,
    0.19648387597666847,
    0.19074785858392715,
    0.18541236221790314,
    0.18031140085723665,
    0.1755792482031716,
    0.17099029024442036,
    0.16665732463200886,
    0.16244983557197784,
    0.15848558793465298,
    0.15468178656366136,
    0.15107762863238652,
    0.14761065542697907,
    0.1442297018236584,
    0.14075403743320042,
    0.13742252836624783,
    0.1341040869553884,
    0.13097687976227868,
    0.12775750913553768,
    0.12449416162239181,
    0.12128746120466126,
    0.11803410657578045,
    0.11472196951508522,
    0.11167430728673935,
    0.10860769723852476,
    0.10535951736900541,
    0.10198206479350726,
    0.09865375194284651,
    0.09529225503404935,
    0.09196982036034267,
    0.08849935481945674,
    0.08510638309849633,
    0.0818969749742084,
    0.07867950018909242,
    0.07565174400806426,
    0.07272570389840338,
    0.0697575402756532,
    0.06681434764630265,
    0.06405328015486399,
    0.06156735022862752,
    0.059214300165573754,
    0.05687728052337964,
    0.0545636758622196,
    0.05253019788199001,
    0.05070347905986839,
    0.04882840667333868,
    0.0470353910078605,
    0.04543982152309683,
    0.04412529613408778,
    0.04291484716037909,
    0.042240324202511045,
    0.04199030204779572,
    0.04224509518179628,
    0.04331966679957178,
    0.04456473539272944,
    0.04315188055237134,
    0.03807068251901203,
    0.03396705260707272,
    0.029160155128273697,
    0.025842307404511506,
    0.024443026880423227,
    0.023086563621958097,
    0.021919266776078278,
    0.02084427670472198,
    0.01992442078060574,
    0.01890175197687414,
    0.017902883825202782,
    0.01699957483344608,
    0.016283297455973095,
    0.015577093801564641,
    0.014920456231468253,
    0.014333847309980127,
    0.013790296514829,
    0.013284930545422766,
    0.012784471093780465,
    0.012314918730407954,
    0.011868713444305791,
    0.011469761313249668,
    0.011022602145870527,
    0.010612730267975065,
    0.010214044867704311,
    0.00981944545896517
  ],
  "best_valid_losses": [
    0.5310870190461476,
    0.36034659544626874,
    0.3188731206787957,
    0.2871228463119931,
    0.2684541907575395,
    0.25505117177963255,
    0.24560089707374572,
    0.2366543624136183,
    0.2301314327451918,
    0.2235508746571011,
    0.21691362725363839,
    0.21092416577868991,
    0.20618420044581096,
    0.20208723677529228,
    0.19821799132559034,
    0.19469747410880195,
    0.19078718158933852,
    0.1879234128528171,
    0.18511683940887452,
    0.18281670676337347,
    0.1800904889901479,
    0.17811271283361646,
    0.17595872812800936,
    0.17402018308639527,
    0.17244340048895943,
    0.17124121851391264,
    0.17006813287734984,
    0.1690612620777554,
    0.167930629518297,
    0.1669301364156935,
    0.16668171021673414,
    0.16600183513429428,
    0.16609432035022312,
    0.16585289769702488,
    0.16565344995922512,
    0.1656177368428972,
    0.16536537541283503,
    0.16615738073984782,
    0.16613516741328768,
    0.16433622307247586,
    0.16343807776769,
    0.1630574193265703,
    0.1633913152747684,
    0.16383841700024074,
    0.1642332997586992,
    0.16492449045181273,
    0.16531479159990947,
    0.16622277696927387,
    0.16618448164727953,
    0.16760878894064163,
    0.1674358089764913,
    0.16696923706266614,
    0.16682517329851787,
    0.16643763317002191,
    0.16713223457336426,
    0.16795547737015618,
    0.16729612946510314,
    0.16816297703319125,
    0.16685332589679294,
    0.1666104773680369,
    0.1648569060696496,
    0.16513761017057632,
    0.16187079813745286,
    0.16002926660908592,
    0.16285184456242455,
    0.18307316237025792,
    0.2398206697569953,
    0.2814761671755049,
    0.22414238320456611,
    0.18480238318443298,
    0.17715646127859752,
    0.17650643553998735,
    0.17800509797202216,
    0.1745154039727317,
    0.1716881599691179,
    0.16982408629523382,
    0.16642966071764628,
    0.16504019531938766,
    0.16539563404189217,
    0.1661445697148641,
    0.16909168428844876,
    0.17160928812291887,
    0.17304302785131667,
    0.17404326531622144,
    0.17407619059085847,
    0.1750428984562556,
    0.17453584273656209,
    0.17326909171210395,
    0.17353959778944653,
    0.17312537564171684,
    0.173357711897956,
    0.17316309213638306,
    0.17467973497178818
  ],
  "data_normalization_method": "standard",
  "normalization_parameters": {
    "mean": -2.3081128410022225e-11,
    "std": 0.9989994995179163
  }
}