{
  "best_test_loss": 0.15301069529260491,
  "best_f1_test": 0.9572301425661914,
  "best_acc_test": 0.9572301425661914,
  "best_valid_loss": 0.2105114168309151,
  "best_f1_valid": 0.9388297872340425,
  "model_save_name": "model",
  "is_univariate": true,
  "dataset_name": "NonInvasiveFetalECGThorax1",
  "network_arch": "ResNet",
  "seed": 21,
  "best_train_loss": 0.0075013461690958926,
  "batch_size": 64,
  "learning_rate": 0.0005060226781371306,
  "epochs": 500,
  "patience": 30,
  "min_loss_improvement": 0,
  "epoch_model_saved": 181,
  "optimizer": "Adam",
  "criterion": "NLLLoss",
  "optimization_losses": [
    0.32246607161582785,
    0.32672519759928925,
    0.8775306787896664,
    0.372135580854213,
    0.4618445812387669,
    0.3115903950752096,
    0.2403840143629845,
    0.8618439131594718,
    0.6573300653315605,
    0.2105114168309151
  ],
  "best_train_losses": [
    3.613075646730853,
    3.2684922932070575,
    2.9515392021318596,
    2.641165824147571,
    2.346892009883889,
    2.1192806284777816,
    1.9371721362531478,
    1.7954499091552498,
    1.6568651283114038,
    1.540224952171658,
    1.434646722973859,
    1.3442948724883421,
    1.255206735052027,
    1.1981727647178204,
    1.1471733890280118,
    1.0849180379889,
    1.0309014484569043,
    0.9770872930113229,
    0.9122656757196572,
    0.8470644822693675,
    0.8022379760832663,
    0.7684986901718885,
    0.7312377682891599,
    0.6799908775053474,
    0.6373851536782963,
    0.610245053439767,
    0.5791750061034486,
    0.5429510112095282,
    0.5105682495439546,
    0.4861114031398958,
    0.46689482009167915,
    0.4418088890303212,
    0.42310953982179633,
    0.3998458948214123,
    0.3808276374534411,
    0.3668482624470811,
    0.3478313064960552,
    0.32767174935893784,
    0.3110812315305018,
    0.3043634040478829,
    0.3037736577440632,
    0.3002766723249131,
    0.29508078783143177,
    0.26828517327615264,
    0.26585670234406406,
    0.2560005309145298,
    0.24927091639350185,
    0.24209556113391884,
    0.23227065591140272,
    0.21898454192630523,
    0.20916752983211884,
    0.20105085320880692,
    0.19558357555243808,
    0.19260190139332878,
    0.18954660857092387,
    0.19059318984195706,
    0.18706582614907227,
    0.182967626380401,
    0.17778270301564178,
    0.1560188194688407,
    0.14221945308143624,
    0.13770588188944613,
    0.14159029293923167,
    0.1331161826780918,
    0.13292186641548606,
    0.13462576372725646,
    0.12268128410473896,
    0.11810610550688089,
    0.11365798202383208,
    0.11261666599642786,
    0.12138292315931112,
    0.11827784627466577,
    0.10935661746994006,
    0.105944920231759,
    0.09870435206647583,
    0.0848289029941078,
    0.08301748325675203,
    0.08584160849095983,
    0.09165145376028305,
    0.08718692579909437,
    0.08357285672061811,
    0.08012560071215526,
    0.0798454923464937,
    0.07808673298948471,
    0.08423794385959418,
    0.07543695334002155,
    0.06242509029978442,
    0.05579546673415793,
    0.049496457118145695,
    0.05256955311074068,
    0.05172428087928893,
    0.05947318141959288,
    0.0503016655082675,
    0.05413718697126073,
    0.04926478626234005,
    0.04566915489298646,
    0.04306346316542411,
    0.03911118094435646,
    0.03351567239249917,
    0.047695474737099335,
    0.042629162027636044,
    0.03917344512309269,
    0.03241242480661278,
    0.03254938724588862,
    0.03477479779054833,
    0.0355866135236135,
    0.04517942061615049,
    0.04131983320908758,
    0.03521506382166837,
    0.03115158995517902,
    0.0275558758270485,
    0.056864546291210745,
    0.032840357184310616,
    0.02485897028799092,
    0.02686481748708247,
    0.027028672265586556,
    0.03152401889697272,
    0.029362633058608877,
    0.02900837867920636,
    0.024807707593761233,
    0.024298093783671138,
    0.024449952252049493,
    0.019185601795145894,
    0.017235023282384545,
    0.01700146204725861,
    0.018176579979154756,
    0.019107029948695103,
    0.01683268673522941,
    0.015166214588723255,
    0.018208097104305168,
    0.013942986124968098,
    0.012328323666647715,
    0.012020881404905192,
    0.01261166174021024,
    0.011291644031028784,
    0.01003736251319195,
    0.009290455752827923,
    0.008368793136073055,
    0.007049515720185885,
    0.005903290966735107,
    0.005184167039692559,
    0.005041070007169338,
    0.00486184826473498,
    0.00511995058468113,
    0.004838633382606542,
    0.005297584837801278,
    0.004650271641161196,
    0.005376102942587233,
    0.004585207775133732,
    0.004506869551490728,
    0.004450731253587181,
    0.004005060801089454,
    0.003495545204462469,
    0.0031423466377456374,
    0.0032662345821794464,
    0.003251085013840989,
    0.03685472359539167,
    0.4600020797840743,
    0.4545928035834601,
    0.2966430694681611,
    0.18333749319685233,
    0.14590473376732851,
    0.1082659126380465,
    0.08607275203755224,
    0.0710038932031171,
    0.06104696316556849,
    0.0510168420844623,
    0.030760737619665794,
    0.03455646726605826,
    0.02903909801334687,
    0.026440406001866052,
    0.023022347854061584,
    0.023468438299334832,
    0.01781515956012688,
    0.019189246444886343,
    0.016396056859049154,
    0.01382532016258328,
    0.0105172836690361,
    0.008273306080694516,
    0.006927288491121812,
    0.0075013461690958926,
    0.007206861026263099,
    0.007353452464777686,
    0.008113757221719338,
    0.0074004278279702195,
    0.006146748726454499,
    0.004484006796259294,
    0.004293006491482137,
    0.003958488061473701,
    0.004388635738972687,
    0.0033148960405908322,
    0.003704352087788912,
    0.003857012537310655,
    0.003443303051763309,
    0.003460858295277646,
    0.0035355277537012855,
    0.004796498063565588,
    0.003001939918150836,
    0.002647340705520745,
    0.002561592294452339,
    0.002463855970868853,
    0.0023268281707300616,
    0.0021939227881580224,
    0.002092269909383568,
    0.0020343427414526785,
    0.0019849184012477035,
    0.0019368907211015285,
    0.001892744651833616,
    0.0018517428717264436,
    0.0018128724999870458
  ],