{
  "best_test_loss": 0.03538838943639123,
  "best_f1_test": 0.9951322407918222,
  "best_acc_test": 0.9951322407918222,
  "best_valid_loss": 5.102500315716222e-06,
  "best_f1_valid": 1.0,
  "model_save_name": "model",
  "is_univariate": true,
  "dataset_name": "Wafer",
  "network_arch": "MLP",
  "seed": 27,
  "best_train_loss": 8.837826619201406e-05,
  "batch_size": 64,
  "learning_rate": 0.0004994619141514106,
  "epochs": 500,
  "patience": 30,
  "min_loss_improvement": 0,
  "epoch_model_saved": 112,
  "optimizer": "Adam",
  "criterion": "NLLLoss",
  "optimization_losses": [
    2.4801304051265592e-05,
    2.493493280725538e-05,
    0.0051700561413795115,
    0.0005473233934695889,
    6.303958961155301e-06,
    1.691631851966674e-05,
    0.003949792437740157,
    5.102500315716222e-06,
    0.001583833896594246,
    0.00017408217013043263
  ],
  "best_train_losses": [
    0.48456764654408124,
    0.2324983473110916,
    0.17073979155909746,
    0.1333762326634916,
    0.11658151186349099,
    0.09485317945928502,
    0.0686668920935246,
    0.0535554963731228,
    0.04517168339276523,
    0.034842514734071,
    0.024192593020753453,
    0.03163645071978856,
    0.023672421143056455,
    0.016903616964144816,
    0.016786861145882903,
    0.010634593275798144,
    0.013747925274914368,
    0.01358669680510566,
    0.008887619399850754,
    0.012430679931872546,
    0.008410971796135406,
    0.015646293537602537,
    0.00972869301787846,
    0.006198361890628598,
    0.0035797421386311377,
    0.002750855793809999,
    0.012076825426044152,
    0.0018077245283227665,
    0.003421546302033812,
    0.003313649864969448,
    0.006688942443894544,
    0.003846277569754418,
    0.002317768647431753,
    0.001091978109517849,
    0.004475596060268558,
    0.0006393657952099502,
    0.005544757191558604,
    0.001083770651824861,
    0.007537488146967495,
    0.002508979840560076,
    0.003039886503898186,
    0.0008285120377040767,
    0.0009245216402395588,
    0.0035918228582649454,
    0.0033132673318625925,
    0.010835020946902469,
    0.012383905008031442,
    0.0008124128314437412,
    0.00432350163675966,
    0.0027948419727883383,
    0.0022908084550849104,
    0.001450178222375711,
    0.0016131119902597572,
    0.0012596891032180132,
    0.00025638653987197015,
    0.000547321760732439,
    0.0014704598045620816,
    0.002216386885015082,
    0.0005018028948820175,
    0.006022435676244558,
    0.0036439012854539775,
    0.00023168739252945496,
    0.00041636705719795834,
    0.00028023496868303583,
    0.0004401137875423669,
    0.007660950728946536,
    6.08733723053585e-05,
    0.00041892390799146134,
    0.0006847801252574538,
    0.0006666773314461801,
    0.0014321040198912104,
    0.0010984650062438735,
    0.0018611043865314428,
    0.00038310123253674984,
    0.000332330779976592,
    0.0002440766411587505,
    0.0005903338231446856,
    9.61564113922828e-05,
    0.00024477334741653553,
    0.000451495002245911,
    0.00020771534029745338,
    0.0007662225598416459,
    0.00015051674492319318,
    0.0069389378521309665,
    0.006014443710838968,
    0.00047402663422920003,
    0.0006556260789540902,
    0.00920042908202097,
    0.0007462112233334485,
    0.0008965234666360182,
    0.0022902731021630664,
    0.0016318655811390496,
    0.0010251118258937386,
    0.00047649109092305153,
    0.0004108131820214025,
    8.616197531804195e-05,
    0.0003429742153410184,
    2.5555787103889304e-05,
    0.00010175716694508461,
    6.534711366684472e-05,
    0.00010082360531418373,
    6.522098181877643e-05,
    4.252230959771185e-05,
    0.00011444067007331817,
    7.553636344921945e-05,
    0.0001519952710712227,
    4.392674754329672e-05,
    5.921896349365423e-05,
    0.0007906285108492568,
    0.00029122720485688625,
    2.624836248232759e-05,
    8.837826619201406e-05,
    0.00010812119288125803,
    2.9409067377727888e-05,
    8.751749972152014e-05,
    5.397548949147398e-05,
    5.987125609207804e-05,
    0.0001224526790006474,
    0.0001543898280017077,
    9.719377133873044e-05,
    0.003101786991259756,
    1.85348714813086e-05,
    0.00021138900446292377,
    0.0007320575365329638,
    0.0007954350480114936,
    0.0003599975415745735,
    0.0002063089824169585,
    9.895489272435214e-05,
    0.000149062996272671,
    0.013108277465638784,
    0.0027280815404475177,
    0.0034632654459799818,
    0.01240801958808965,
    0.004646399715289262,
    0.007727548381999919,
    0.0026307469654745447,
    0.0011130868381924689,
    0.007116473988761319,
    0.0013339131116839311,
    0.0007917371008979421,
    0.0003138802349902097
  ],