{
  "best_test_loss": 0.1297158997073781,
  "best_f1_test": 0.9598180439727066,
  "best_acc_test": 0.9598180439727066,
  "best_valid_loss": 0.11370620230833689,
  "best_f1_valid": 0.9527777777777777,
  "model_save_name": "model",
  "is_univariate": true,
  "dataset_name": "FordA",
  "network_arch": "Inception",
  "seed": 25,
  "best_train_loss": 0.05730424455056588,
  "batch_size": 64,
  "learning_rate": 0.0003794120755981627,
  "epochs": 500,
  "patience": 30,
  "min_loss_improvement": 0,
  "epoch_model_saved": 18,
  "optimizer": "Adam",
  "criterion": "NLLLoss",
  "optimization_losses": [
    0.11531786024570465,
    0.11973263455761804,
    0.12958373493618436,
    0.12016926722394096,
    0.11885176168547737,
    0.11909237205982208,
    0.1197860524058342,
    0.12997964951727126,
    0.13953492277198368,
    0.11370620230833689
  ],
  "best_train_losses": [
    0.25326408743858336,
    0.17822942005263434,
    0.16235733429590862,
    0.14682918298575615,
    0.1365313906636503,
    0.12806339139739673,
    0.11727146415246857,
    0.10997656774189737,
    0.10365052438444561,
    0.09685159408383899,
    0.09370382395055558,
    0.09009451174901592,
    0.08426196463406085,
    0.08394838418397639,
    0.06943723700112767,
    0.05988380356381337,
    0.057987856368223824,
    0.05730424455056588,
    0.054513405573864776,
    0.04249474797397852,
    0.04681263137608767,
    0.04497218562497033,
    0.03578862736208571,
    0.03084687443657054,
    0.021145800501108168,
    0.020388967155789337,
    0.02886124480412238,
    0.01452999906355722,
    0.022593051665979955,
    0.015964290158202252,
    0.012696501933452157,
    0.01699708131555882,
    0.016341842227201496,
    0.018227834032020634,
    0.01962550765213867,
    0.013432629548737572,
    0.010869161101679008,
    0.014721553592890915,
    0.01312867629652222,
    0.012885284685115848,
    0.012140549320934547,
    0.015526333668579658,
    0.013803651887509557,
    0.011700184093529565,
    0.010156005134599076,
    0.006007984849727816,
    0.009899317612871527
  ],
  "best_valid_losses": [
    0.22744031879636978,
    0.14239312211672464,
    0.12702250414424474,
    0.12252647148238288,
    0.13382044533888499,
    0.14127044611506992,
    0.2266453226407369,
    0.15371285478274027,
    0.3183302574687534,
    0.4173037111759186,
    0.30036554535230003,
    0.351091378264957,
    0.44918484025531347,
    0.2792622493373023,
    0.33672006130218507,
    0.31221449573834736,
    0.22694903744591607,
    0.11370620230833689,
    0.4014683783054352,
    0.21999337275822958,
    0.21057067347897424,
    0.16549390173620648,
    0.16260901706086264,
    0.1424426876836353,
    0.26804384489854177,
    0.1381037092871136,
    0.2078524124291208,
    0.2774755901760525,
    0.274750679731369,
    0.1613603206144439,
    0.48336009648111133,
    0.4707691805230247,
    0.48763572176297504,
    0.37940958009825815,
    0.2710089742309517,
    0.21941112445460426,
    0.23088831967777676,
    0.18278934955596923,
    0.2355031333035893,
    0.23323781854576534,
    0.22166259619924758,
    0.5479006157981025,
    0.6409919301668803,
    0.2019334355990092,
    0.21545824309190115,
    0.22331579989857145,
    0.2681019039617644
  ],
  "data_normalization_method": "standard",
  "normalization_parameters": {
    "mean": -2.3081128410022225e-11,
    "std": 0.9989994995179163
  }
}