{
  "best_test_loss": 0.4185464796236036,
  "best_f1_test": 0.8207663782447466,
  "best_acc_test": 0.8207663782447466,
  "best_valid_loss": 0.1599722022736417,
  "best_f1_valid": 0.9353507565337001,
  "model_save_name": "model",
  "is_univariate": true,
  "dataset_name": "FordB",
  "network_arch": "ResNet",
  "seed": 29,
  "best_train_loss": 0.13131215871200272,
  "batch_size": 64,
  "learning_rate": 0.0003909401057683678,
  "epochs": 500,
  "patience": 30,
  "min_loss_improvement": 0,
  "epoch_model_saved": 17,
  "optimizer": "Adam",
  "criterion": "NLLLoss",
  "optimization_losses": [
    0.1599722022736417,
    0.16996153253431662,
    0.17005671573062384,
    0.16073903915929663,
    0.1654135204001011,
    0.16952041619581565,
    0.17060505234965595,
    0.16816208141624026,
    0.16861927868001564,
    0.16205109076822968
  ],
  "best_train_losses": [
    0.3190637274326288,
    0.23694753104710678,
    0.2171359976556311,
    0.21004223928080956,
    0.19695141442130323,
    0.187922643910084,
    0.1806823026998663,
    0.17740266505715935,
    0.1773591745936887,
    0.16533910252533063,
    0.163463260655636,
    0.15961413494371482,
    0.15910348772715668,
    0.15343915401577457,
    0.147663398378079,
    0.13790092775098559,
    0.13131215871200272,
    0.1264594287664067,
    0.12769962406551985,
    0.1238805156821152,
    0.11552502085266447,
    0.11162718961417593,
    0.11357011558921006,
    0.10696098209452268,
    0.09541628411375346,
    0.08575530047368314,
    0.0792654282227671,
    0.07876755522136183,
    0.08195512272940213,
    0.07819548502892379,
    0.08289261031614045,
    0.06424271903978213,
    0.05607536939860538,
    0.05153756485957309,
    0.04116893205356155,
    0.04082514518715615,
    0.03357859039896948,
    0.04511317070394222,
    0.052337656676400314,
    0.04326532870157016,
    0.034308035544118494,
    0.03667629196563482,
    0.03079064601220119,
    0.029593339250096346,
    0.032733493530033915,
    0.03761675490061285
  ],
  "best_valid_losses": [
    0.308859330177963,
    0.47096041652490545,
    0.18659497680657502,
    0.17147660029967515,
    0.20549360726238772,
    0.1680769955296136,
    0.263667687496998,
    0.2758423470503854,
    0.34812734664470324,
    0.3215941006760978,
    0.16458139211410833,
    0.267140154953549,
    0.2542663735979361,
    0.2545617756829629,
    0.2568011188820681,
    0.16968521100700804,
    0.1599722022736417,
    0.1738170747846324,
    0.4041077924746267,
    0.27050178190577967,
    0.1708011611107291,
    0.24045670112438675,
    0.17723816553799454,
    0.16815951934911855,
    0.2644620382289775,
    0.3165067541201636,
    0.17654919343522688,
    0.171724127280171,
    0.21339651323762687,
    0.23948431867552714,
    0.28877638712873815,
    0.1890447005486062,
    0.17634766062073398,
    0.26910721396635373,
    0.1844537508618881,
    0.24005361317440438,
    0.31734471951587,
    0.2548068402209505,
    0.20638040005340866,
    0.20594311399997675,
    0.2791908217140536,
    0.32754634198780075,
    0.2706163332091729,
    0.20885933999182268,
    0.18805866900631618,
    0.2429413221971205
  ],
  "data_normalization_method": "standard",
  "normalization_parameters": {
    "mean": -8.025888710833714e-12,
    "std": 0.9989994995286607
  }
}