{
  "best_test_loss": 0.17288210261195838,
  "best_f1_test": 0.9541751527494908,
  "best_acc_test": 0.9541751527494908,
  "best_valid_loss": 0.13366875908476242,
  "best_f1_valid": 0.9627659574468085,
  "model_save_name": "model",
  "is_univariate": true,
  "dataset_name": "NonInvasiveFetalECGThorax2",
  "network_arch": "Inception",
  "seed": 29,
  "best_train_loss": 0.025106743501678623,
  "batch_size": 64,
  "learning_rate": 6.308473358401586e-05,
  "epochs": 500,
  "patience": 30,
  "min_loss_improvement": 0,
  "epoch_model_saved": 342,
  "optimizer": "Adam",
  "criterion": "NLLLoss",
  "optimization_losses": [
    0.24437684391407258,
    0.13366875908476242,
    0.19359375155986625,
    0.2662816859306173,
    0.27752056971509403,
    0.30996831997911983,
    0.23956011204009361,
    0.13777702127365357,
    0.3692739250812125,
    0.33960763380882586
  ],
  "best_train_losses": [
    3.6973408161546675,
    3.536908607958742,
    3.3848042429456893,
    3.257858534053607,
    3.1431525324903906,
    3.0355659931877175,
    2.9369344888902935,
    2.8443912694090616,
    2.7547256407064196,
    2.6684917947899183,
    2.5854817264446974,
    2.506154810636712,
    2.4256953161029187,
    2.351448553679112,
    2.276776289487505,
    2.2075264974119624,
    2.141199467639561,
    2.079870817280955,
    2.0257184155290595,
    1.966988128335729,
    1.9127509036871722,
    1.860790308394737,
    1.8099034026066183,
    1.7547560330435832,
    1.711499144640592,
    1.6681228168230198,
    1.6264772104362493,
    1.5864584671303326,
    1.552328632151,
    1.5237792515871982,
    1.482053693297541,
    1.4508802713178366,
    1.422590133763499,
    1.3914109450867707,
    1.3569407221806862,
    1.3246636933536489,
    1.3001296366928166,
    1.2727452651430669,
    1.2495146991497852,
    1.2290759575425616,
    1.2056225543699044,
    1.1840225836381222,
    1.1628021297535256,
    1.1414085771948705,
    1.1192080643674645,
    1.0970049433446818,
    1.0797212560329317,
    1.0607471503762402,
    1.0433469126531127,
    1.0270598295366604,
    1.0103269197617462,
    0.9929023527462384,
    0.9748308243922423,
    0.9584223883552444,
    0.9425307787897214,
    0.9272263058037802,
    0.912766809791892,
    0.8997036922338222,
    0.8868605761735773,
    0.8748260803065162,
    0.8623189048204134,
    0.8498232421201464,
    0.8365451278438555,
    0.8236440862892215,
    0.8122836424696219,
    0.8031699021601459,
    0.7961865781229814,
    0.7905860319576545,
    0.7811960941959416,
    0.7692466951220788,
    0.7548349377812421,
    0.7437428987872324,
    0.7337706346622421,
    0.7256919864358319,
    0.7179572368623166,
    0.7094081530500614,
    0.6987323050170572,
    0.6883745768584588,
    0.6800679389808854,
    0.6718614005489577,
    0.6649512431190957,
    0.6537188429984926,
    0.6394272890630442,
    0.6301298882453608,
    0.6226941772271275,
    0.6170894784024293,
    0.6131280629633181,
    0.6087819202132235,
    0.6031620080045471,
    0.5968735000447162,
    0.5925111212490817,
    0.5862491239105742,
    0.5759419882414798,
    0.5671176140943381,
    0.5575761325495057,
    0.5485859269083845,
    0.5417182431703542,
    0.5355509680002739,
    0.5294355193410888,
    0.5242888303139808,
    0.5193394502115686,
    0.5146727359638361,
    0.509762476278876,
    0.5046200074742399,
    0.49882130332170704,
    0.4915050378753866,
    0.48361409732513,
    0.47740716114902026,
    0.4728097253003258,
    0.46936719281859407,
    0.4656323601222759,
    0.4615603665064023,
    0.4584037336931209,
    0.4576392689810114,
    0.45439826376154985,
    0.4442191344914265,
    0.43403905808129783,
    0.42714222459330664,
    0.42072173752000613,
    0.414173495828142,
    0.40923537913963814,
    0.4038318616357054,
    0.39898322816893655,
    0.3936315146618466,
    0.3889792957778389,
    0.38462974823283547,
    0.3801660560652645,
    0.37581656827150894,
    0.3719314650298003,
    0.36882765864454686,
    0.3659631842073218,
    0.36358084074645,
    0.360630711293187,
    0.3574537269284167,
    0.3550759314003748,
    0.35568914871901086,
    0.35737941841884807,
    0.3583912311078626,
    0.3594624022112208,
    0.3579806463029798,
    0.3565847625614302,
    0.35306620273218137,
    0.3500121179195834,
    0.34697896241094556,
    0.3324790840009024,
    0.32240919989762135,
    0.3157074804655365,
    0.3105518662816441,
    0.30335008532583757,
    0.2985381308736218,
    0.2944248746439176,
    0.29046837504866757,
    0.28645928852254876,
    0.2827484392713512,
    0.28105085712248223,
    0.28111673939713944,
    0.28314895693341025,
    0.2837076808207486,
    0.2816265894025459,
    0.28090514380874887,
    0.27581627805176034,
    0.26341159791487334,
    0.2592158992045041,
    0.2574745879907132,
    0.2561875448541916,
    0.25619526637831963,
    0.2554737261731442,
    0.2525692998169177,
    0.2465972707293357,
    0.24498002110697062,
    0.24338139696223418,
    0.24037315110588944,
    0.23737005407719736,
    0.23364194716606354,
    0.22833161729892543,
    0.22382567060073327,
    0.22117705767266113,
    0.2174992602598642,
    0.21305538557380835,
    0.21004447354578418,
    0.20690890018339317,
    0.20368835365089497,
    0.20184789101108228,
    0.2001737416869138,
    0.1982076622425295,
    0.19598852266581732,
    0.1949750099197627,
    0.19468250112557026,
    0.19627527888400909,
    0.19489782562221514,
    0.19163946209453145,
    0.1868588846708299,
    0.1838563300527826,
    0.1806339876685692,
    0.17708868275770234,
    0.1739481698069787,
    0.17255204755260503,
    0.17170205561003046,
    0.17141532268602916,
    0.1736910005668813,
    0.17582378468397045,
    0.17308916393418758,
    0.16773182775194345,
    0.16355179264900638,
    0.16230123404751173,
    0.1602157196075834,
    0.15473154946397244,
    0.15146236813830727,
    0.14979129790924672,
    0.1488018009866616,
    0.14732256015462936,
    0.14493973517577077,
    0.14219293513519196,
    0.13941092432613367,
    0.13612886656465786,
    0.1334366001193991,
    0.1311905388933039,
    0.1294234524299708,
    0.12867099037544458,
    0.1275390202332699,
    0.12501516660187165,
    0.12211622846216613,
    0.119315056793931,
    0.11760850007516854,
    0.11619342709364643,
    0.11508699343687032,
    0.11387143267327769,
    0.11259848619755607,
    0.11134159190610354,
    0.11014612686106293,
    0.1090116142881059,
    0.10806268515904353,
    0.1075393038180749,
    0.1075976949999304,
    0.10701280274151583,
    0.1063988720363324,
    0.10556390457174683,
    0.10362081223141954,
    0.10109132312065434,
    0.09994776557688552,
    0.10015772392767798,
    0.1017808482673959,
    0.10398267101933649,
    0.10575680362449426,
    0.10709107198077696,
    0.10567304513987234,
    0.09924989698673334,
    0.09344065203760094,
    0.09032730337753316,
    0.08905567879607287,
    0.08751666317324108,
    0.08568611780334676,
    0.08369073526212555,
    0.08159745020958126,
    0.0797719538620217,
    0.07828432826020311,
    0.07692734147889968,
    0.07579418494564416,
    0.07477189788302945,
    0.0736560652049511,
    0.07247979725885793,
    0.07139180952883362,
    0.070570845007687,
    0.06986371099357234,
    0.06939930043910393,
    0.06887909651027753,
    0.06838183182089452,
    0.06805931503190094,
    0.06779802240070036,
    0.06794409999180158,
    0.06817636097495353,
    0.06815235114257812,
    0.06759726131388569,
    0.06653180257669236,
    0.06470839405145681,
    0.06325477822431777,
    0.0622664961390569,
    0.06093083166151464,
    0.05957374944026338,
    0.05887493901923351,
    0.0579925993835725,
    0.05681031941451284,
    0.0560054811318513,
    0.05527335473284575,
    0.054530791173874285,
    0.053817971510706615,
    0.05320593011019017,
    0.05278325879465964,
    0.05209922477817627,
    0.05147034214261084,
    0.05090781931915253,
