{
  "best_test_loss": 1.174967709723898,
  "best_f1_test": 0.6008146639511202,
  "best_acc_test": 0.6008146639511202,
  "best_valid_loss": 1.1904435791867845,
  "best_f1_valid": 0.5771276595744681,
  "model_save_name": "model",
  "is_univariate": true,
  "dataset_name": "NonInvasiveFetalECGThorax1",
  "network_arch": "LSTM",
  "seed": 14,
  "best_train_loss": 0.9448968037198483,
  "batch_size": 64,
  "learning_rate": 0.0003450973861508802,
  "epochs": 500,
  "patience": 30,
  "min_loss_improvement": 0,
  "epoch_model_saved": 268,
  "optimizer": "Adam",
  "criterion": "NLLLoss",
  "optimization_losses": [
    2.947466784335197,
    2.763782059892695,
    1.763767199313387,
    2.954801975412572,
    2.7829590655387717,
    2.690079207115985,
    1.1904435791867845,
    1.8555732889378325,
    1.769029328163634,
    3.3262114474113953
  ],
  "best_train_losses": [
    3.738573526046013,
    3.725063732955461,
    3.715573126718517,
    3.602064893686344,
    3.4697953887330923,
    3.3265015492536447,
    3.261910352418729,
    3.1891538900802945,
    3.211496956149039,
    3.1094498046250387,
    3.056160562237802,
    3.049460837309912,
    3.153965975311719,
    3.059997322855914,
    3.037774505869905,
    3.0690573146455487,
    2.9750612415399504,
    3.030578478238822,
    2.9525209820278917,
    3.0336777957827796,
    3.092660455911493,
    3.0325410967550055,
    2.9904768671356114,
    3.1128827305805156,
    2.9623945940571272,
    2.9797163822243773,
    3.0489626502119482,
    2.8801021162088034,
    2.874301859131181,
    2.968886683377596,
    3.00830679331878,
    2.900033021760674,
    2.8820562510111762,
    2.8342147359358787,
    2.811133647752495,
    2.8251554729732424,
    2.7818643044855755,
    2.872478436351409,
    3.479346028701235,
    2.898179909082173,
    2.834000836269837,
    2.7833796966603668,
    2.788790597935755,
    2.875697791534499,
    2.822348561491333,
    2.793473967346438,
    2.7616085828565327,
    2.8165750959266345,
    2.767216030175805,
    2.7196770116466915,
    2.7950260840246397,
    2.743849785832226,
    2.770184349360302,
    2.8825682385740192,
    2.727743463958558,
    2.6953280793053955,
    2.7350778454052085,
    2.6748176058328914,
    2.8977615977372406,
    2.7702540444892136,
    2.6758806139167897,
    2.697696002034008,
    2.7823901955543566,
    2.795920147664599,
    2.662406645940377,
    2.670982480300453,
    2.710773779989043,
    2.6462735528269037,
    2.6727182151395,
    2.711589111212853,
    2.632116879867318,
    2.5746309606440874,
    2.7276665298183116,
    2.597556287942432,
    2.607224821122867,
    2.5657608385079356,
    2.5289172548185497,
    2.5041576442128743,
    2.498773680550903,
    2.4649050755142246,
    2.4604290220323617,
    2.6141955514064743,
    2.563592694799245,
    2.4642164402249325,
    2.466097989554817,
    2.469510565990306,
    2.4081118907714005,
    2.3886971306147413,
    2.407682340076417,
    2.4949572883855264,
    2.4003662245422706,
    2.3703371897098973,
    2.354636828998236,
    2.3891640326043544,
    2.3607918589532333,
    2.451674162964543,
    2.3570921126169297,
    2.3258634127953988,
    2.3803210300370496,
    2.3461023412451136,
    2.2903820453021866,
    2.261822884298929,
    2.3312525829628834,
    2.28251643894595,
    2.3491244247407037,
    2.2276852504518447,
    2.281061230623965,
    2.2172987963729396,
    2.2052654956983835,
    2.2042362328071623,
    2.31509231633061,
    2.193027674942392,
    2.2536814606533198,
    2.191882547826224,
    2.177775266885925,
    2.2427284970554933,
    2.168464158842954,
    2.245419501085476,
    2.1130226508714913,
    2.0851432770302156,
    2.0849513855938833,
    2.1885392101231544,
    2.1222062667155046,
    2.121827142974146,
    2.1352501203707215,
    2.0450076334759624,
    2.0592673969201782,
    2.144731613254346,
    2.0099676493934906,
    2.027279845862345,
    2.1183550163464737,
    2.06591723104304,
    2.07612591114835,
    2.0011475577123217,
    2.0396957580086554,
    2.080692116006193,
    2.0683960963200283,
    2.05125742199885,
    2.052646416304234,
    1.9862459659241323,
    1.9514385518773039,
    1.9347527111741076,
    1.9157022954038725,
    2.001795641234955,
    1.969701181057885,
    1.9258250232657663,
    2.0133057059491093,
    1.927430262887302,
    1.9174995774210797,
    1.963343751991792,
    1.8955224924998977,
    1.904788929228203,
    1.9497350481975606,
    1.9658687985957046,
    1.869490986631022,
    1.8218011384435884,
    1.8525889389798076,
    1.8595332250742533,
    1.9519589439044933,
    1.8818655298029296,
    1.8809799208912477,
    1.8201877596674885,
    1.8350607279062439,
    1.8738993885478585,
    1.7914456010116127,
    1.7989122316356452,
    1.8003691449101678,
    1.7591969132507175,
    1.786310342358437,
    1.7583499314160056,
    1.745169906237556,
    1.7375759944393026,
    1.7254038236548344,
    1.6656484796560238,
    1.6820022706321989,
    1.71541123355013,
    1.69295839943353,
    1.7829692470131,
    1.6237209495824572,
    1.624291488676949,
    1.6623635098537088,
    1.6270555087737608,
    1.5939922816972873,
    1.5492012695954538,
    1.568657673502672,
    1.5584514389889221,
    1.5555356312870392,
    1.5760798579944495,
    1.5292983718598634,
    1.5290728985886295,
    1.5627159069561238,
    1.5508603185980736,
    1.4965202328359586,
    1.4913647713496998,
    1.4534898145217252,
    1.4650760639409155,
    1.4953860196946627,
    1.4150436766450873,
    1.3874193233917569,
    1.4168513921977597,
    1.381065135343931,
    1.382769796685777,
    1.4011201135557634,
    1.3753608475247487,
    1.3270565816741213,
    1.3614110294061903,
    1.3633344104737357,
    1.3153034731358269,
    1.298796166773841,
    1.2864706646114357,
    1.3748589615878803,
    1.3001004953411206,
    1.2851747645095295,
    1.260044874226804,
    1.305128748619632,
    1.308025150590603,
    1.2336465859195336,
    1.2368252803051212,
    1.232108237285976,
    1.231046835679197,
    1.1707926641780562,
    1.1890988142156969,
    1.2137700955547754,
    1.1998692219808582,
    1.2464015450346915,
    1.2030422635591123,
    1.1550770032514759,
    1.1441184765674326,
    1.1572057030105456,
    1.1332081979793809,
    1.1849064867176478,
    1.14549186538829,
    1.1360651660116308,
    1.1886921772551386,
    1.1120960987627884,
    1.086662020594489,
    1.0852171209439876,
    1.1491792163879035,
    1.172599347728453,
    1.0824577256733485,
    1.107256812355674,
    1.097511753387545,
    1.0794654362484843,
    1.066652091137557,
    1.111350725757682,
    1.0825738090909205,
    1.0756568252747107,
    1.0597911064924694,
    1.0481267405578307,
    1.0280263325486145,
    1.0203078978512377,
    1.025132116137134,
    1.0141927514039373,
    1.0794509444451215,
    1.0463797027429727,
    0.9686673479606296,
    0.9612885939346094,
    0.9996977128449747,
    0.965327838316654,
    0.9921855426387559,
    1.0013372218282142,
    1.0017811787941049,
    1.0056927019412134,
    0.9959208940588414,
    0.9684168226016883,
    0.9352964416240523,
    0.9617051148364348,
    0.9448968037198483,
    0.9072630363958283,
    0.9341929616931451,
    0.9482662496395875,
    0.946692318834223,
    0.9633618567036811,
    0.9956182037033167,
    0.9934435081750008,
    0.9152258027420862,
    0.9671190952592891,
    0.8807903370091552,
    0.945222769081802,
    0.8886303656216834,
    0.8571854113108326,
    0.9065806172259324,
    0.8602462794189293,
    0.9310993742163719,
    0.8973566193188569,
    0.922923762699457,
    0.9503783334625161,
    0.878722037195908,
    0.8727264502520974,
    0.8637619430928354,
    0.8815346095692668,
    0.8768007982723829,
    0.8699595122712646,
    0.8910033979301962,
    0.9263487190364199,
    0.9107822871342228,
    0.9439961213882926
  ],