{
  "best_test_loss": 0.19213412489694026,
  "best_f1_test": 0.9325246398786959,
  "best_acc_test": 0.9325246398786959,
  "best_valid_loss": 0.18147786292764875,
  "best_f1_valid": 0.9361111111111111,
  "model_save_name": "model",
  "is_univariate": true,
  "dataset_name": "FordA",
  "network_arch": "ViT",
  "seed": 8,
  "best_train_loss": 0.17899686652753088,
  "batch_size": 64,
  "learning_rate": 0.0007924212206652217,
  "epochs": 500,
  "patience": 30,
  "min_loss_improvement": 0,
  "epoch_model_saved": 11,
  "optimizer": "Adam",
  "criterion": "NLLLoss",
  "optimization_losses": [
    0.29578503610359297,
    0.22327122026019627,
    0.24362738724384042,
    0.2948713004589081,
    0.2815400567319658,
    0.26482975787172713,
    0.22896288616789712,
    0.19138339343998167,
    0.22462956555601624,
    0.18656452985273467,
    0.20666806888249184,
    0.29463787741131253,
    0.20433309024406804,
    0.18147786292764875,
    0.22000424594928822,
    0.23128862202995354,
    0.21902743048138087,
    0.19653777612580192,
    0.2479849533074432,
    0.2691654026922252,
    0.19084006200234097,
    0.2257167532005244,
    0.19006929438975123,
    0.19482992738485336,
    0.20703134147657287,
    0.22856502630230452,
    0.26764790705508656,
    0.22633323069247935,
    0.2150622147652838,
    0.18848540195160443
  ],
  "best_train_losses": [
    0.7011819534831577,
    0.4457056846883562,
    0.3521483100122876,
    0.3096547269158893,
    0.26661459108193714,
    0.2337218039565616,
    0.1903963479730818,
    0.1788913188709153,
    0.14052862798174223,
    0.19365079378088315,
    0.17899686652753088,
    0.11773386601772573,
    0.10863426393932767,
    0.09370396265553103,
    0.09635144505235883,
    0.0894024908542633,
    0.09047216224587626,
    0.08248493687974082,
    0.08141804631385538,
    0.0754040411570006,
    0.07124520871374342,
    0.07235669162538316,
    0.06401024837460782,
    0.05953719218571981,
    0.07894191764709023,
    0.0740571475484305,
    0.050935098642690316,
    0.048259041339365975,
    0.04989900960483485,
    0.05693711719165246,
    0.03759085927158594,
    0.046459536316494146,
    0.0554745316091511,
    0.037583577187938824,
    0.040212752711441785,
    0.04680006595638891,
    0.0506272895882527,
    0.03759935618533442,
    0.03554307554538051,
    0.03081457148073241
  ],
  "best_valid_losses": [
    0.5734144780370924,
    0.32498515446980797,
    0.2546975556347105,
    0.23318263871802225,
    0.1907584043012725,
    0.24771453941033947,
    0.25023387405607433,
    0.1952250817583667,
    0.20704326265388065,
    0.2293498694896698,
    0.18147786292764875,
    0.21111001090870962,
    0.2025005666539073,
    0.31137488832076393,
    0.3270794101887279,
    0.29699496742751863,
    0.2848268742362658,
    0.2872496975585818,
    0.2646496786632472,
    0.2224257168877456,
    0.25180711530976824,
    0.2566891418562995,
    0.2549492879046334,
    0.3786455167664422,
    0.24554882691138322,
    0.22937993225124148,
    0.3066560665766398,
    0.36235358251465694,
    0.3277883400519689,
    0.3065159499645233,
    0.28638730679328245,
    0.3096141001701148,
    0.23083641063421964,
    0.3044494634662341,
    0.27469466905135453,
    0.2510161986781491,
    0.27383094612095094,
    0.283314514786212,
    0.3158924671995919,
    0.32312940963440473
  ],
  "data_normalization_method": "standard",
  "normalization_parameters": {
    "mean": -2.3081128410022225e-11,
    "std": 0.9989994995179163
  }
}