{
  "best_test_loss": 0.8454948073127848,
  "best_f1_test": 0.6965376782077393,
  "best_acc_test": 0.6965376782077393,
  "best_valid_loss": 0.8324969284077908,
  "best_f1_valid": 0.7154255319148938,
  "model_save_name": "model",
  "is_univariate": true,
  "dataset_name": "NonInvasiveFetalECGThorax2",
  "network_arch": "LSTM",
  "seed": 15,
  "best_train_loss": 0.734582654226019,
  "batch_size": 64,
  "learning_rate": 0.0001794422074478258,
  "epochs": 500,
  "patience": 30,
  "min_loss_improvement": 0,
  "epoch_model_saved": 300,
  "optimizer": "Adam",
  "criterion": "NLLLoss",
  "optimization_losses": [
    3.294547917995047,
    0.9710083198040089,
    1.9674579995743773,
    1.3515840134722121,
    2.6395225372720272,
    2.974309743718898,
    0.8324969284077908,
    2.6831993803064873,
    1.0540145305877036,
    1.4411620079202856
  ],
  "best_train_losses": [
    3.7405873754036234,
    3.7342702317053553,
    3.726989082274769,
    3.733127436332944,
    3.6716644706980746,
    3.5463060828387865,
    3.3572069643587605,
    3.2095035682324364,
    3.1449161966502124,
    3.066339481404694,
    3.8840982108072586,
    4.198823455346778,
    3.971826168155469,
    3.597530442731781,
    3.5088900142543684,
    3.642780097035229,
    3.637856695740808,
    3.5256855283416835,
    3.4818268232754392,
    3.4137688034952984,
    3.4201734570324294,
    3.336189237012883,
    3.204937901031108,
    3.2577775875113,
    3.1489386700947186,
    3.1179865336468415,
    3.098838471897203,
    3.080952427878149,
    3.0746377693961726,
    3.065055116330413,
    3.2952936429501585,
    3.0552733210887357,
    3.2731498462250763,
    3.128524255015359,
    3.296043917400604,
    3.5683917927222613,
    3.7511748334344475,
    3.8488200950689575,
    3.809887100924762,
    3.8113398781479537,
    3.7556950152967485,
    3.712945866065384,
    3.6525895851896584,
    3.483643660977619,
    3.216115811971904,
    3.1838573588507324,
    3.0737974884974144,
    3.018879044164844,
    2.98500772085478,
    2.9572032508260335,
    2.9350353275816454,
    2.913449687850534,
    2.8908942682342635,
    2.868704546193212,
    2.8460117572642343,
    2.823911046780756,
    2.8002793478949006,
    2.790853700751749,
    2.7719423692157714,
    2.7585302707768626,
    2.748557276065636,
    2.747818098048132,
    2.7289908153442792,
    2.7140252782857845,
    2.7265484941231892,
    2.7063825767139105,
    2.7124484402984277,
    2.6975760833528457,
    2.720028706528482,
    2.8803778983134243,
    2.7760244511586216,
    2.673845953113666,
    2.6537747245729597,
    2.7615129518743475,
    2.7283513948101437,
    2.644204264531568,
    2.667961807545858,
    2.6333781619014993,
    2.6422580064222667,
    2.608684139861578,
    2.6137022085786286,
    2.596366871601247,
    2.7534740715067065,
    2.6236863575263167,
    2.681087589733046,
    2.585003255876285,
    2.5745084451607054,
    2.5841557297669744,
    2.564167566560811,
    2.548929804911181,
    2.5513796121070524,
    2.552924918525251,
    2.503473574563976,
    2.500296926464904,
    2.480350522029928,
    2.4671839188289577,
    2.4366023694639547,
    2.4076507982869257,
    2.417612855399233,
    2.395052583135523,
    2.358349920575751,
    2.357308483760456,
    2.295012922246776,
    2.2560239416231007,
    2.2507797559214073,
    2.228083033672287,
    2.2191345448738575,
    2.226224669585828,
    2.2082977330944358,
    2.2142352591244503,
    2.175192303164945,
    2.172834719643154,
    2.1532920618251605,
    2.131616084741524,
    2.1285839767750936,
    2.1819663975997785,
    2.0671553490284205,
    2.0405415750605407,
    2.0657329675770946,
    2.0624798975272323,
    2.0398197772213043,
    2.0066902454856073,
    2.0358934388224372,
    1.9759905871085022,
    1.943585103947096,
    1.9546607851730797,
    1.934797759635802,
    1.9282451892351484,
    1.9286702114850471,
    1.9673606540984196,
    1.8788806192487877,
    1.8497431095603143,
    1.8393645109798569,
    1.8722722613300475,
    1.872018783342143,
    1.888630231500761,
    1.8585912951766315,
    1.8541268268606652,
    1.8650768781663327,
    1.7885539775487829,
    1.8085836403317965,
    1.7712453975697595,
    1.7510589311764597,
    1.7484378960462665,
    1.7554434906489733,
    1.7504095267177215,
    1.8151054232370158,
    1.7402605891479042,
    1.7202214398018842,
    1.6999712543259686,
    1.7049991974760257,
    1.7342294834904997,
    1.6924744690293925,
    1.6812507084198427,
    1.7094227375484903,
    1.6368688222646546,
    1.5942756278533292,
    1.607586547763768,
    1.62177848790786,
    1.6186986725177885,
    1.5386481972873336,
    1.5949088331686303,
    1.5769855003497673,
    1.5189470991816894,
    1.518436928743723,
    1.508903831306345,
    1.4953121435282017,
    1.5332195711906578,
    1.5128601594282889,
    1.5438189391761452,
    1.4919387059402733,
    1.5082430487691059,
    1.4679279720288971,
    1.5026363652102643,
    1.4922901489159965,
    1.4470764158983425,
    1.464557530590119,
    1.4427258815886015,
    1.3837105801469074,
    1.3883931131657796,
    1.3783793639567061,
    1.3719869580640813,
    1.3487996245804423,
    1.326286794681911,
    1.3933191094194093,
    1.3833282315555124,
    1.3783218680513802,
    1.348886209227883,
    1.3398572616985962,
    1.322163283783034,
    1.2745011649497027,
    1.2619733711572407,
    1.3122775819380352,
    1.305205265611138,
    1.2643301743733908,
    1.2878092976413975,
    1.279345660794393,
    1.2634377162052726,
    1.2482853778130725,
    1.203509502400836,
    1.2278798578577987,
    1.187293673223454,
    1.1665085527315495,
    1.2025246689709994,
    1.1831153903473286,
    1.2015502284047308,
    1.1852693814923039,
    1.1966726359815054,
    1.238286479166169,
    1.2192753379979941,
    1.1744299246154029,
    1.1744988087357893,
    1.1362670619807775,
    1.17661531153315,
    1.1424586727262298,
    1.1537974976940384,
    1.1407888501526517,
    1.136466483372831,
    1.1164574801126,
    1.095295350399138,
    1.072923701452857,
    1.1139699292702316,
    1.1074686386345645,
    1.0659897907133766,
    1.0551536856029373,
    1.0587837968757265,
    1.074340681625937,
    1.0547782585642662,
    1.0340698284744294,
    1.0361741868777754,
    1.0559430991941494,
    1.0724784858362488,
    1.0849634677443971,
    1.032438076221013,
    1.019891950167658,
    1.0249260666080537,
    1.02534481407636,
    1.019847667853931,
    0.9835977301745036,
    0.9921725111073033,
    0.9706527207279741,
    0.9511710591954575,
    0.9605148414533404,
    0.9426751658686935,
    0.928859648093822,
    0.9227190768098797,
    0.9415656423283897,
    0.9179999454710069,
    0.9145075761760865,
    0.9381329607184471,
    0.9502045408530044,
    0.9009865992561831,
    0.9062250843579218,
    0.9266413559146273,
    0.900440577147967,
    0.8866282055600797,
    0.8626806693058657,
    0.9032021715284148,
    0.884522858381439,
    0.8662183733155672,
    0.8419740255542482,
    0.8240443065354125,
    0.8329494641812352,
    0.8415708978119151,
    0.8244810254533611,
    0.8423434868507291,
    0.8594237475100321,
    0.8409738722018432,
    0.8616410390390783,
    0.9058798054155965,
    0.8127128440397187,
    0.8171082269910851,
    0.8407439296503596,
    0.8196624092082281,
    0.7894374005868245,
    0.8039955556476442,
    0.8121001202395829,
    0.8146695942629079,
    0.8465605247045853,
    0.8095451795292504,
    0.8066754155986676,
    0.7969935464967914,
    0.768507999261332,
    0.848999466283675,
    0.800610781448958,
    0.7792605441259985,
    0.8192807164773586,
    0.7669132800062023,
    0.8199886715881269,
    0.7727690644860686,
    0.7603900780664392,
    0.8228703208440471,
    0.7425523617069903,
    0.7848247016347468,
    0.7528114704623327,
    0.7491855774224014,
    0.8074464857243184,
    0.7805870893088681,
    0.7692604097194096,
    0.734582654226019,
