{
  "best_test_loss": 0.14426997567236788,
  "best_f1_test": 0.9531568228105907,
  "best_acc_test": 0.9531568228105907,
  "best_valid_loss": 0.10934767868132034,
  "best_f1_valid": 0.9654255319148937,
  "model_save_name": "model",
  "is_univariate": true,
  "dataset_name": "NonInvasiveFetalECGThorax2",
  "network_arch": "Inception",
  "seed": 5,
  "best_train_loss": 0.007365216179381079,
  "batch_size": 64,
  "learning_rate": 0.00033248685983967033,
  "epochs": 500,
  "patience": 30,
  "min_loss_improvement": 0,
  "epoch_model_saved": 192,
  "optimizer": "Adam",
  "criterion": "NLLLoss",
  "optimization_losses": [
    0.16750374531492274,
    0.1891338479645709,
    0.4894354501937298,
    0.11854889949268484,
    0.33813276728417013,
    0.2710117196783106,
    0.23974374507335908,
    0.22110840709919624,
    0.10934767868132034,
    0.270324947352105
  ],
  "best_train_losses": [
    3.6412743133134766,
    3.3356856408457647,
    3.0018726618291622,
    2.683202361691945,
    2.3834044154228162,
    2.1093992785676967,
    1.9305359903390527,
    1.7397477775079133,
    1.5919766860869429,
    1.466219134592122,
    1.3662031628427083,
    1.2720387557486121,
    1.17301487520557,
    1.1026224570632903,
    1.0417368951936214,
    0.974263895001951,
    0.9158870290888922,
    0.8594377910010176,
    0.8126219333014015,
    0.7807031371437657,
    0.752900002878984,
    0.7173413385074908,
    0.6888311684592375,
    0.6589003150427919,
    0.6339133882807412,
    0.6075047893333168,
    0.580936187790551,
    0.5607705073547631,
    0.5364754513921824,
    0.520419203430854,
    0.4982723953308392,
    0.4741554005792756,
    0.4504884222780242,
    0.4270295010263117,
    0.4115120976304639,
    0.394554608214178,
    0.3850663054684728,
    0.39090589476318655,
    0.3874865610123686,
    0.36864726211894,
    0.3416429942268263,
    0.3301971971423209,
    0.3375139337711073,
    0.32234808033985396,
    0.31029126621934616,
    0.28877347340193416,
    0.2758145226572738,
    0.26039475781642796,
    0.2540312291804285,
    0.2516843773953444,
    0.24366798340352755,
    0.23754488807158494,
    0.23271163572372053,
    0.22541124644366603,
    0.21086540017133018,
    0.20372629319582702,
    0.19482883753926505,
    0.17868404453770845,
    0.17838474983010422,
    0.183198554345779,
    0.17478550115543942,
    0.16735848981313778,
    0.1629954556177304,
    0.16279103078644458,
    0.1612205414058286,
    0.16499563254735375,
    0.16811825907301584,
    0.1653176878467045,
    0.16417221804571588,
    0.14875171304754364,
    0.1403638278451589,
    0.13325328431180558,
    0.14110106760171293,
    0.14604883647811137,
    0.13066627334434217,
    0.12378189434216882,
    0.12221025850935378,
    0.12942068591368341,
    0.12361266749347505,
    0.10657252387280458,
    0.1023468502855435,
    0.10495421442498394,
    0.09979465615609039,
    0.09532828508069292,
    0.09116627675699082,
    0.08270725690074479,
    0.08191585179761272,
    0.07944039739432757,
    0.07874202197096923,
    0.07193686387574304,
    0.06904384673678447,
    0.07278353594458195,
    0.07326044035697184,
    0.06730613998089638,
    0.061132115163354074,
    0.05675654991078946,
    0.05741673183724944,
    0.05997149503082351,
    0.0613363156460346,
    0.0566750435199188,
    0.051129357503152444,
    0.04824728553935372,
    0.04686484332193142,
    0.04596376999655054,
    0.04011094800405367,
    0.03853770639179294,
    0.03992646396846019,
    0.039782533664269426,
    0.039851055222020884,
    0.04018725941935456,
    0.03844181394684884,
    0.03633654370867318,
    0.03970520870363469,
    0.04253836590744351,
    0.040477818951471456,
    0.03883970133143458,
    0.03621925976132622,
    0.036941549196860275,
    0.04041923484316676,
    0.03659788908493179,
    0.03555923475257566,
    0.0414062973441725,
    0.03028575211857627,
    0.027954183315998304,
    0.029322301026483446,
    0.027811549181800573,
    0.02911730693523639,
    0.035389264919863814,
    0.036597311380891964,
    0.02927191309023515,
    0.02706846584535177,
    0.024803174738147186,
    0.025898730513873397,
    0.027929041581130205,
    0.026606983465266243,
    0.022603748420231145,
    0.022812130319730797,
    0.022632362404137914,
    0.01886595013529816,
    0.017975163895725805,
    0.018662504991876435,
    0.020770056926837102,
    0.018495014138606155,
    0.020533096248143923,
    0.019135572432487345,
    0.02307785561181296,
    0.03519866975824115,
    0.021539837234206525,
    0.01896325126421217,
    0.0260256094928734,
    0.02075690417390157,
    0.01801541778740021,
    0.021953385592931102,
    0.017936900936103756,
    0.044840187586330855,
    0.06878604889649031,
    0.15142763617042077,
    0.23986266164903647,
    0.1831196161302478,
    0.11667288255760641,
    0.08082391148549586,
    0.04787624232505022,
    0.02963448939871145,
    0.023670519727988407,
    0.019630301296737148,
    0.01921598835130309,
    0.021781424594190933,
    0.02359376989765772,
    0.022661611501936418,
    0.017917800294163354,
    0.02143177765605478,
    0.015846950154180833,
    0.015775703307037005,
    0.016388155076226044,
    0.016183179781267595,
    0.01255785350560833,
    0.012727446242504591,
    0.01092201986730371,
    0.011469939955623424,
    0.011018924539298793,
    0.014315672499898006,
    0.011982521011630887,
    0.014463355299739857,
    0.010923781092864418,
    0.009353785442799665,
    0.011252902321535793,
    0.010144186303515618,
    0.015253158485175267,
    0.02200985464934346,
    0.015464521160130654,
    0.008571116105003449,
    0.007365216179381079,
    0.009129208302353094,
    0.0076128894743625435,
    0.012180870532719858,
    0.012558309848597685,
    0.008518351198750655,
    0.008686646297168267,
    0.01613599704270914,
    0.010566730985191513,
    0.008310944145448501,
    0.010552784860283345,
    0.0073094694166380755,
    0.008540191945180726,
    0.017972412338848172,
    0.015097933748242191,
    0.008808675717702495,
    0.006341085844991947,
    0.012829770823941943,
    0.02223016519998727,
    0.014742748491801138,
    0.009905014430890704,
    0.009110223961855303,
    0.00819863382175837,
    0.007891979877943682,
    0.011808774195472728,
    0.010854696022452641,
    0.059323489289005625,
    0.13944595277791114,
    0.17646202349738177,
    0.155020031468054
  ],