{
  "best_test_loss": 0.20544618896863243,
  "best_f1_test": 0.9264594389689158,
  "best_acc_test": 0.9264594389689158,
  "best_valid_loss": 0.18421230034695732,
  "best_f1_valid": 0.9319444444444445,
  "model_save_name": "model",
  "is_univariate": true,
  "dataset_name": "FordA",
  "network_arch": "ViT",
  "seed": 15,
  "best_train_loss": 0.14588628113269805,
  "batch_size": 64,
  "learning_rate": 0.0009886576117725586,
  "epochs": 500,
  "patience": 30,
  "min_loss_improvement": 0,
  "epoch_model_saved": 12,
  "optimizer": "Adam",
  "criterion": "NLLLoss",
  "optimization_losses": [
    0.207252213690016,
    0.2855841769112481,
    0.27542879316541885,
    0.2740644183423784,
    0.2748370442125532,
    0.2489444745911492,
    0.3134550465477837,
    0.2547709259721968,
    0.309835245874193,
    0.2869204302628835,
    0.27347422109709846,
    0.2930484513441722,
    0.2780519346396128,
    0.2623379617929459,
    0.24901348981592392,
    0.314594844977061,
    0.2944294677840339,
    0.3099763976203071,
    0.28391811649004617,
    0.30857713090048894,
    0.21968696125679546,
    0.22603119421336387,
    0.18421230034695732,
    0.23191577858395046,
    0.21780466503567167,
    0.1960567143228319,
    0.22637107736534542,
    0.23077487382623885,
    0.20012291471163432,
    0.22418538630008697
  ],
  "best_train_losses": [
    0.6897964305347867,
    0.4533306095335219,
    0.35158937772115073,
    0.27107925365368524,
    0.24383255971802606,
    0.20676447004079818,
    0.20263851798242993,
    0.19177974007195897,
    0.17853693804807133,
    0.15005508292880324,
    0.15555274221632215,
    0.14588628113269805,
    0.11868290272023943,
    0.11451534074213769,
    0.11931613112489382,
    0.10100443323867189,
    0.10075532015826967,
    0.08263490584989389,
    0.0768105980215801,
    0.08281577709648344,
    0.08506836262014177,
    0.08687920971877044,
    0.08126165295640628,
    0.05916108106159502,
    0.07235345501038763,
    0.05791414411117633,
    0.07380434918320841,
    0.05977277550846338,
    0.054639745876193045,
    0.05015293396491971,
    0.0620678606029186,
    0.05634847315442231,
    0.05504004384080569,
    0.04887779791218539,
    0.04741669228921334,
    0.04051922970554895,
    0.05498425180299415,
    0.04819008960492081,
    0.045642456691712144,
    0.05406321061568128,
    0.05862221237685945
  ],
  "best_valid_losses": [
    0.5124998191992441,
    0.49558281898498535,
    0.2817661338382297,
    0.3481847316026688,
    0.2185109661685096,
    0.2085570353600714,
    0.23170736390683386,
    0.21367599566777548,
    0.24447785152329338,
    0.29391695459683737,
    0.23463111304574544,
    0.18421230034695732,
    0.3072603795263502,
    0.2510555174615648,
    0.22816006541252137,
    0.27984216544363233,
    0.26532007075018355,
    0.3549219985802968,
    0.3652758081754049,
    0.2622414198186662,
    0.23540037502017286,
    0.25841128395663365,
    0.2839883599016402,
    0.3189820279677709,
    0.27571222914589777,
    0.28918418288230896,
    0.30219391650623745,
    0.25471245414680904,
    0.33136230640941194,
    0.3924267358250088,
    0.29706168439653186,
    0.384429140885671,
    0.28395165271229217,
    0.2666566424899631,
    0.29595324960019853,
    0.2907546579837799,
    0.36488106383217705,
    0.20025423533386655,
    0.3691682325469123,
    0.42026133669747245,
    0.2753546363777585
  ],
  "data_normalization_method": "standard",
  "normalization_parameters": {
    "mean": -2.3081128410022225e-11,
    "std": 0.9989994995179163
  }
}