{
  "best_test_loss": 0.583838995366515,
  "best_f1_test": 0.7713226205191593,
  "best_acc_test": 0.7713226205191595,
  "best_valid_loss": 0.2067744148410908,
  "best_f1_valid": 0.9243466299862448,
  "model_save_name": "model",
  "is_univariate": true,
  "dataset_name": "FordB",
  "network_arch": "ViT",
  "seed": 26,
  "best_train_loss": 0.14236757294511862,
  "batch_size": 64,
  "learning_rate": 0.0008301225751410216,
  "epochs": 500,
  "patience": 30,
  "min_loss_improvement": 0,
  "epoch_model_saved": 9,
  "optimizer": "Adam",
  "criterion": "NLLLoss",
  "optimization_losses": [
    0.2067744148410908,
    0.2510295968190184,
    0.2850983772718923,
    0.3340564224628176,
    0.27213127642582996,
    0.27068300873164136,
    0.23283910393161492,
    0.26227993212712025,
    0.3315408828333943,
    0.2395611260665332,
    0.3316570234470879,
    0.2832840316848217,
    0.2845870927693591,
    0.22279064560198883,
    0.28321444086392283,
    0.2322617108681261,
    0.2871299885531075,
    0.3440952194852055,
    0.31534977322841445,
    0.2626999407145803,
    0.22208649625148538,
    0.23292322714071326,
    0.2346770919531461,
    0.300382367231495,
    0.2420911777667199,
    0.22433551524905423,
    0.24204916309211735,
    0.2402766534886957,
    0.23833370116504712,
    0.35783562875843444
  ],
  "best_train_losses": [
    0.6389058812776327,
    0.3615020441180902,
    0.3087763354653669,
    0.26461520625029833,
    0.23400783895462382,
    0.20734626731157632,
    0.19271025280922938,
    0.1878670905159461,
    0.14236757294511862,
    0.1332858043531932,
    0.13322962857424148,
    0.1144969664626797,
    0.11169700386025719,
    0.11374618447138486,
    0.0985255159611879,
    0.07353195908800936,
    0.09247474909402645,
    0.07804340298352903,
    0.07361364219865493,
    0.060079291063210985,
    0.07071356278584125,
    0.06963718731719822,
    0.06870365822162515,
    0.06729135998976936,
    0.04820982707046905,
    0.055275408156533846,
    0.04345299184650306,
    0.04266539987521259,
    0.048184041753718744,
    0.05013814725063772,
    0.05505023052290779,
    0.07623567119332997,
    0.03680160839976602,
    0.02378382077479051,
    0.06780526609233026,
    0.03574938718562605,
    0.03709862797304558,
    0.039226527255351314
  ],
  "best_valid_losses": [
    0.36418795028119827,
    0.4339802384458513,
    0.2540671481677886,
    0.25816431485803126,
    0.23607968795209344,
    0.2357931662007572,
    0.35185310322448016,
    0.22654602757592313,
    0.2067744148410908,
    0.3059783181203773,
    0.2415617748152111,
    0.26916700881871264,
    0.32578809476333276,
    0.2899775149446734,
    0.2527225888712124,
    0.3852619742141957,
    0.2979047919073984,
    0.43079555833499567,
    0.36894556847202403,
    0.3871289273490809,
    0.3523635890493695,
    0.3012324058882472,
    0.36115347213295007,
    0.298973623478716,
    0.4295088811950474,
    0.3528942514154573,
    0.40929977613228385,
    0.4272733633874043,
    0.4358674339857849,
    0.43175399549397675,
    0.6933221400521973,
    0.3276730834043993,
    0.3599779256754023,
    0.4628261473270689,
    0.27864602878382316,
    0.39823547454532926,
    0.4420547594804383,
    0.38908842826028966
  ],
  "data_normalization_method": "standard",
  "normalization_parameters": {
    "mean": -8.025888710833714e-12,
    "std": 0.9989994995286607
  }
}