{
  "best_test_loss": 0.7537486296796386,
  "best_f1_test": 0.7342398022249691,
  "best_acc_test": 0.7342398022249691,
  "best_valid_loss": 0.3001949209130614,
  "best_f1_valid": 0.8927097661623109,
  "model_save_name": "model",
  "is_univariate": true,
  "dataset_name": "FordB",
  "network_arch": "MLP",
  "seed": 21,
  "best_train_loss": 0.10358120765962332,
  "batch_size": 64,
  "learning_rate": 0.0001980973118924229,
  "epochs": 500,
  "patience": 30,
  "min_loss_improvement": 0,
  "epoch_model_saved": 73,
  "optimizer": "Adam",
  "criterion": "NLLLoss",
  "optimization_losses": [
    0.3029301445290672,
    0.30484545009500225,
    0.3090205666451539,
    0.3208851264956237,
    0.309489938219115,
    0.3234644694538195,
    0.30791670649710845,
    0.3080035034859197,
    0.3001949209130614,
    0.30094913816517616
  ],
  "best_train_losses": [
    0.6954177172836608,
    0.6915031905187373,
    0.6870976819296815,
    0.6780390837005604,
    0.6637989028447924,
    0.6416277391054608,
    0.6010600622779237,
    0.5617807605899512,
    0.5170625215793411,
    0.475481675366424,
    0.444965041323246,
    0.4102073612288563,
    0.3884468150761957,
    0.36295059889022063,
    0.34439102430127183,
    0.3217291110278488,
    0.30715736543869876,
    0.30589505534060557,
    0.28351684472173905,
    0.25954977620746605,
    0.266305183159108,
    0.248755044763731,
    0.25338546220505254,
    0.2506129160789873,
    0.23849858336427351,
    0.23038745135519823,
    0.2223924431422062,
    0.21042790340754156,
    0.21777078460138471,
    0.20667504786707183,
    0.19346303990856326,
    0.18444701063317315,
    0.1914504449686453,
    0.1912875446238577,
    0.18545478590580916,
    0.16457211067374833,
    0.1709666330690151,
    0.16309908435179082,
    0.15922646685676364,
    0.14726334174856687,
    0.1637633603983437,
    0.1451830254685764,
    0.14971975833587503,
    0.15552180553523842,
    0.1316290760856055,
    0.1236688803363863,
    0.13721934225323112,
    0.15095620590583658,
    0.14978206122839796,
    0.1377809585380833,
    0.12513550681970306,
    0.12717035280456035,
    0.12324957045094921,
    0.1362434339029343,
    0.11608272356377015,
    0.12302467095802706,
    0.12543562060783128,
    0.11868978919079617,
    0.1126473990654601,
    0.12598908087943247,
    0.11812083847421072,
    0.10935168350025745,
    0.11874498556556368,
    0.10882013976737918,
    0.1153752862935709,
    0.10461042426075617,
    0.1050793584666767,
    0.12711980112378665,
    0.1070285650838725,
    0.10624484700423652,
    0.09884527504592724,
    0.10842515970932569,
    0.10358120765962332,
    0.11167415387241844,
    0.10414201510298941,
    0.10008798177485986,
    0.08339483810632273,
    0.08592771436952495,
    0.099121564586725,
    0.08422651904618478,
    0.1083699518294577,
    0.09505524994623546,
    0.08984489615960495,
    0.09458668410593575,
    0.0804853921774083,
    0.09836664510714056,
    0.08885906620317509,
    0.09278219017460225,
    0.09338578995973118,
    0.08307913222069631,
    0.09519488627841745,
    0.07773837652390482,
    0.07608200012074663,
    0.07628248479253161,
    0.09742927309919912,
    0.08511455649153894,
    0.08895208530302225,
    0.0749491577932132,
    0.07828232890412601,
    0.08468549984008934,
    0.073252840636316,
    0.0807285518571222
  ],
  "best_valid_losses": [
    0.6907262978396357,
    0.6877415731979696,
    0.6837479861599215,
    0.6752650906655943,
    0.6597875461617723,
    0.6332087229829707,
    0.5948978806788197,
    0.5541933349434907,
    0.5176439632083888,
    0.49124247081670014,
    0.4716481782875166,
    0.4535236601324488,
    0.4212307680751795,
    0.4173284209905989,
    0.39578360220753017,
    0.3987349933410445,
    0.38482889848693363,
    0.37972824953937134,
    0.3691307016875098,
    0.3712865984095504,
    0.3504828708207919,
    0.356745765330539,
    0.3636261478086941,
    0.359620822181072,
    0.3447316738237541,
    0.35750256894871163,
    0.3414404580812835,
    0.3536144975454968,
    0.3612465757615301,
    0.34101062471961713,
    0.357311672652768,
    0.33762014084373904,
    0.38538410033943565,
    0.347572441032205,
    0.33340068885024016,
    0.340004736324452,
    0.33392099501178224,
    0.34216100608794203,
    0.3429358094889655,
    0.3340609662306522,
    0.32882688740752586,
    0.335049708984905,
    0.3336185387436921,
    0.3255971520934177,
    0.3207150496839657,
    0.34533990560896294,
    0.3442445870442764,
    0.32256216532262516,
    0.3166138894620263,
    0.3249547636492544,
    0.32494383583042613,
    0.34152624031536516,
    0.3307784077553834,
    0.3357163476648816,
    0.35291509197043586,
    0.32664311473274493,
    0.320102679434308,
    0.3294217607833988,
    0.3168170880910619,
    0.3443454308883688,
    0.3505787987984522,
    0.3421867747254352,
    0.3360334529837355,
    0.3220276750593435,
    0.33195702434405994,
    0.3471592313813704,
    0.3689921095741828,
    0.3426656544290514,
    0.3566417741644333,
    0.34634937815357925,
    0.34057045524025226,
    0.3322353721320875,
    0.3001949209130614,
    0.31931319968080585,
    0.32986183974897026,
    0.3408611059352817,
    0.3279753052712799,
    0.3453947235170388,
    0.3553210699410681,
    0.3334893311234255,
    0.3540353010084475,
    0.3356250485986922,
    0.3591794196972329,
    0.3342710667823991,
    0.34527254121011686,
    0.3727690848064554,
    0.34492136466289974,
    0.3383795873171034,
    0.33100585137305594,
    0.3338539201914854,
    0.34516590841862654,
    0.34738627809933814,
    0.36405531937023305,
    0.3630757850006817,
    0.3558481254472693,
    0.341212114572853,
    0.36219854433566046,
    0.35515095648116224,
    0.3682608365028728,
    0.36992495399393766,
    0.36249934290593394,
    0.363126676872967
  ],
  "data_normalization_method": "standard",
  "normalization_parameters": {
    "mean": -8.025888710833714e-12,
    "std": 0.9989994995286607
  }
}