{
  "best_test_loss": 0.12692520853168726,
  "best_f1_test": 0.9583017437452616,
  "best_acc_test": 0.9583017437452616,
  "best_valid_loss": 0.1191171579890781,
  "best_f1_valid": 0.9555555555555556,
  "model_save_name": "model",
  "is_univariate": true,
  "dataset_name": "FordA",
  "network_arch": "Inception",
  "seed": 0,
  "best_train_loss": 0.08071248423722055,
  "batch_size": 64,
  "learning_rate": 0.00010222591820263803,
  "epochs": 500,
  "patience": 30,
  "min_loss_improvement": 0,
  "epoch_model_saved": 12,
  "optimizer": "Adam",
  "criterion": "NLLLoss",
  "optimization_losses": [
    0.1250099201997121,
    0.12736467487282224,
    0.13753649923536512,
    0.12945563395818074,
    0.12141236000590855,
    0.12892746461762322,
    0.12457315491305457,
    0.1191171579890781,
    0.12817969520886738,
    0.12377361688348983
  ],
  "best_train_losses": [
    0.3246981167131,
    0.1863750664724244,
    0.16180319032735294,
    0.14851968338092167,
    0.1389774283601178,
    0.12963672222362624,
    0.12155017604430517,
    0.11211653674642245,
    0.10554268202847905,
    0.09539509117603302,
    0.08863149401214387,
    0.08071248423722055,
    0.0718244915207227,
    0.06856786041624016,
    0.06463806360132164,
    0.07477354316247833,
    0.06274120629661613,
    0.04772769895692666,
    0.0397584552773171,
    0.03330119788232777,
    0.030883624342580636,
    0.03640506826341152,
    0.0313210303377774,
    0.020774758131139808,
    0.01693195216357708,
    0.015414232776189843,
    0.022431683695564666,
    0.016996105884512266,
    0.018679370462066597,
    0.026123959467642836,
    0.02270163161576622,
    0.024834950283790628,
    0.013657603511172864,
    0.013832896326979002,
    0.012926971565725075,
    0.0395644749307798,
    0.014641942740935419,
    0.01988497422490683,
    0.017480652562032142,
    0.01565250514799522,
    0.017007059904022348
  ],
  "best_valid_losses": [
    0.4726837668153975,
    0.16477102239926655,
    0.18445634643236797,
    0.15649651553895738,
    0.14487761987580194,
    0.13841626246770222,
    0.14209049741427104,
    0.13801582389407688,
    0.14880356589953106,
    0.13567593097686767,
    0.14459891385502285,
    0.1191171579890781,
    0.1198033266597324,
    0.13274893760681153,
    0.1816951294740041,
    0.16900315682093303,
    0.13665379219584994,
    0.1487838433848487,
    0.17625967992676628,
    0.21900080574883354,
    0.21420887112617493,
    0.1706333511405521,
    0.188964005973604,
    0.1870441304312812,
    0.2240216460492876,
    0.18331606056955124,
    0.3892057829433017,
    0.5191515366236369,
    0.9279022905561659,
    0.23155490159988404,
    0.22055362727906969,
    0.4866073581907484,
    0.16377889845106336,
    0.2313142822848426,
    0.22645068764686585,
    0.18698444465796152,
    0.19103537268108792,
    0.6451620128419664,
    0.30076112780306075,
    0.18773261706034342,
    0.37770405742857194
  ],
  "data_normalization_method": "standard",
  "normalization_parameters": {
    "mean": -2.3081128410022225e-11,
    "std": 0.9989994995179163
  }
}