{
  "best_test_loss": 0.13813333346863144,
  "best_f1_test": 0.9541751527494908,
  "best_acc_test": 0.9541751527494908,
  "best_valid_loss": 0.12191118093881201,
  "best_f1_valid": 0.9574468085106385,
  "model_save_name": "model",
  "is_univariate": true,
  "dataset_name": "NonInvasiveFetalECGThorax2",
  "network_arch": "Inception",
  "seed": 24,
  "best_train_loss": 0.0029720341286393575,
  "batch_size": 64,
  "learning_rate": 0.00036178254184719076,
  "epochs": 500,
  "patience": 30,
  "min_loss_improvement": 0,
  "epoch_model_saved": 179,
  "optimizer": "Adam",
  "criterion": "NLLLoss",
  "optimization_losses": [
    0.20526191750739484,
    0.4642326464044287,
    0.24506222884705725,
    0.27790588837988833,
    0.27750355861288434,
    0.15753711110099833,
    0.39767649262509447,
    0.16538204331981374,
    0.1630832109045475,
    0.12191118093881201
  ],
  "best_train_losses": [
    3.6316227648179464,
    3.281255329987237,
    2.95659796268439,
    2.6513710923372487,
    2.3743283827373536,
    2.129231581952651,
    1.9447630044866093,
    1.7548029413544957,
    1.5828781078503489,
    1.450827546548609,
    1.3277967770335881,
    1.2210137280291935,
    1.1367590326033088,
    1.0540509737467816,
    1.0093418307817075,
    0.967599480653094,
    0.8813975863027808,
    0.8299798904718518,
    0.7872430422904202,
    0.7499974033234409,
    0.6963058784237565,
    0.656762656785197,
    0.6199466222537209,
    0.5883397084260942,
    0.5613523958144855,
    0.5383870318500575,
    0.5178291533124003,
    0.5031961383362178,
    0.48535605155072914,
    0.448588467207662,
    0.42326128372866256,
    0.402890571095285,
    0.3898560873069817,
    0.3859212429001561,
    0.3702191330665279,
    0.3480031874111984,
    0.3282180882974653,
    0.31584436599838006,
    0.299472027097633,
    0.28093160261633693,
    0.2728696297736379,
    0.265465645777953,
    0.2599870474067944,
    0.2526226177005305,
    0.24202198651439275,
    0.23404669887317542,
    0.22874230024936915,
    0.21979546963184213,
    0.2142304789094295,
    0.2027928283934181,
    0.19175743183889443,
    0.18506183052724798,
    0.17855771441989102,
    0.18162460003679098,
    0.18455616194684155,
    0.17928666536626225,
    0.1679784299691881,
    0.15738736554320565,
    0.15162307272180234,
    0.15018743038889562,
    0.15104915950125317,
    0.14621902733664235,
    0.14315443495923336,
    0.1326898187137119,
    0.12455270174715356,
    0.12706039544359865,
    0.12414427693260445,
    0.11218253133042295,
    0.11957023960871338,
    0.1137918586006947,
    0.10629409155268445,
    0.10974107443951253,
    0.10567832388407901,
    0.0944627426428562,
    0.09818459995148555,
    0.0971807618733451,
    0.08962250827109403,
    0.084498981227254,
    0.07601984049169346,
    0.0671641574917297,
    0.07284417607083928,
    0.08266392737647972,
    0.0840474035530675,
    0.07559357003916843,
    0.07502311286441223,
    0.08092303347897546,
    0.09063668460313569,
    0.08188977850652127,
    0.07193533820574625,
    0.06540562245845585,
    0.06727894256971331,
    0.06792187100133674,
    0.05899215239484337,
    0.05424924872197782,
    0.041716751060694016,
    0.041391996530657574,
    0.033791370634238274,
    0.048772981292185276,
    0.044161946896937476,
    0.11282810835836643,
    0.06305228994710296,
    0.05203247146624666,
    0.050860082620698556,
    0.05122169868749627,
    0.0625965969462945,
    0.05184983601368236,
    0.03925820808263413,
    0.034474215498396986,
    0.03255288446883626,
    0.03727471783170797,
    0.03599673270320524,
    0.0427907199185873,
    0.03577876618382006,
    0.02972662614269715,
    0.021646262176638537,
    0.02116949056377942,
    0.019744155967106766,
    0.0196932230481141,
    0.020085130934030845,
    0.01918272899158786,
    0.01997819999841553,
    0.02101556019947844,
    0.01825386630364668,
    0.016634656903049265,
    0.016268637794438417,
    0.017458423109527464,
    0.017827888653572394,
    0.015924395627498585,
    0.017708369747042468,
    0.01729737645576663,
    0.0301637308055552,
    0.025880835449698728,
    0.021545660619847137,
    0.02628385085836367,
    0.022511326936312488,
    0.02424122762649686,
    0.017388854934019118,
    0.014816510373921522,
    0.015872293335823465,
    0.11258585944782239,
    0.15929296596508502,
    0.2004049579735298,
    0.12708927163211545,
    0.07965592412999291,
    0.0614643103913656,
    0.037468639546017035,
    0.03475750081413913,
    0.02510724298771175,
    0.01950131584147354,
    0.015536935056559087,
    0.01380202519260373,
    0.011083577131592024,
    0.010878421859691366,
    0.009758176355349792,
    0.010000412534982574,
    0.009834416064048265,
    0.00931388453416165,
    0.00847818704095531,
    0.008952725887624514,
    0.008474517666989347,
    0.009222051475291322,
    0.00890052374890853,
    0.00854499607123775,
    0.008431201632012228,
    0.007533112816376453,
    0.00794794254423167,
    0.006090884997155347,
    0.005190411109892221,
    0.0044094652011277165,
    0.004174118183516568,
    0.004122726399911593,
    0.004041155596353371,
    0.003946856974191487,
    0.0038668172412210954,
    0.0037527875799701423,
    0.003530670696714381,
    0.0032804065803818546,
    0.003082546166773265,
    0.0029720341286393575,
    0.0028772142333536818,
    0.0027983350052124575,
    0.0027336393697651984,
    0.002676599358374715,
    0.0026240927921195767,
    0.0025751642915220617,
    0.0025286285632250024,
    0.002483972873082561,
    0.0024404211177766187,
    0.0023987298489051515,
    0.002358794559787459,
    0.0023202974451031703,
    0.0022828871759279085,
    0.0022465262088521487,
    0.0022112444556597684,
    0.0021774028117839805,
    0.0021444820104859303,
    0.0021120908695324804,
    0.002080401094569494,
    0.0020497405626015894,
    0.0020195356863390496,
    0.0019905926580838624,
    0.0019620074265527206,
    0.0019341497194039611,
    0.0019069574908706806,
    0.0018799800847251903,
    0.001853834678882305,
    0.0018280306116393776,
    0.0018029204691735372
  ],