{
  "best_test_loss": 0.17291496929637043,
  "best_f1_test": 0.9423805913570887,
  "best_acc_test": 0.9423805913570887,
  "best_valid_loss": 0.18055288294951122,
  "best_f1_valid": 0.9375,
  "model_save_name": "model",
  "is_univariate": true,
  "dataset_name": "FordA",
  "network_arch": "ResNet",
  "seed": 14,
  "best_train_loss": 0.15752522291408644,
  "batch_size": 64,
  "learning_rate": 0.0009037814201341924,
  "epochs": 500,
  "patience": 30,
  "min_loss_improvement": 0,
  "epoch_model_saved": 16,
  "optimizer": "Adam",
  "criterion": "NLLLoss",
  "optimization_losses": [
    0.19956097039911483,
    0.1848386324942112,
    0.18792407347096338,
    0.19784354037708707,
    0.19057772656281788,
    0.18055288294951122,
    0.1931669957107968,
    0.1871148857805464,
    0.1963198827372657,
    0.1867358222603798
  ],
  "best_train_losses": [
    0.343067796031634,
    0.23199793365266588,
    0.2044953640964296,
    0.20624418705701827,
    0.18100580697258314,
    0.17399000715878274,
    0.17987849099768533,
    0.1769033481677373,
    0.1749935507774353,
    0.18048699448506036,
    0.17116951694091162,
    0.17520538618167242,
    0.16411638971832063,
    0.16469194458590614,
    0.155897549374236,
    0.15752522291408644,
    0.14592696958118015,
    0.14386384942465358,
    0.14163731907804808,
    0.13933266616529888,
    0.13443229364024267,
    0.1291082851588726,
    0.12146996441814635,
    0.118041533148951,
    0.12239274125960138,
    0.11768667292263772,
    0.11380802873108121,
    0.1124039148290952,
    0.10536125534110599,
    0.10982365682721137,
    0.10967536154720518,
    0.10309752118256357,
    0.10658930043379465,
    0.10187687683436605,
    0.09702397311727205,
    0.09041188520689805,
    0.08714200221002102,
    0.07834351493252648,
    0.08448417025307814,
    0.08925371259036992,
    0.09137279937664668,
    0.09971712806986438,
    0.09274130136602454,
    0.07238040450546476,
    0.06450667656544182
  ],
  "best_valid_losses": [
    0.9486993352572123,
    0.22143082718054455,
    0.2939414809147517,
    0.1982890773150656,
    0.21555417428414028,
    0.21242094354497063,
    0.2774353325366974,
    0.2154781354798211,
    0.4765791005558438,
    0.5074076957172817,
    0.3325615319940779,
    0.29192716711097294,
    0.2049327466222975,
    0.1916990712285042,
    0.19778612752755484,
    0.18055288294951122,
    0.18588576002253426,
    0.18568458673026828,
    0.3142406053013272,
    0.19384452402591706,
    0.2534113215075599,
    0.2793720265229543,
    0.37379109660784404,
    0.8083601262834337,
    1.0126468976338705,
    1.360284275478787,
    0.5060749027464125,
    0.5080040388637119,
    0.629973824818929,
    0.8350855218039619,
    0.2566733151674271,
    0.3364719443851047,
    0.2117157797018687,
    0.39670400818188983,
    0.2851315935452779,
    0.3534681545363532,
    0.22750193228324253,
    0.2483622646994061,
    0.2964239421817991,
    0.5024558206399282,
    0.31589775284131366,
    0.307108060684469,
    0.25812265856398475,
    0.5772979233000014,
    0.37787976331180995
  ],
  "data_normalization_method": "standard",
  "normalization_parameters": {
    "mean": -2.3081128410022225e-11,
    "std": 0.9989994995179163
  }
}