{
  "best_test_loss": 0.16375289639349325,
  "best_f1_test": 0.9385898407884761,
  "best_acc_test": 0.9385898407884761,
  "best_valid_loss": 0.17782620324028864,
  "best_f1_valid": 0.9430555555555555,
  "model_save_name": "model",
  "is_univariate": true,
  "dataset_name": "FordA",
  "network_arch": "ResNet",
  "seed": 6,
  "best_train_loss": 0.12349539208743307,
  "batch_size": 64,
  "learning_rate": 0.00019551337488542711,
  "epochs": 500,
  "patience": 30,
  "min_loss_improvement": 0,
  "epoch_model_saved": 19,
  "optimizer": "Adam",
  "criterion": "NLLLoss",
  "optimization_losses": [
    0.1893523865275913,
    0.18747258053885565,
    0.17782620324028864,
    0.19079132576783497,
    0.18299041589101156,
    0.18068852987554337,
    0.18214544256528217,
    0.19091791444354586,
    0.18650459912088183,
    0.18764374123679267
  ],
  "best_train_losses": [
    0.3985758086045583,
    0.25705701410770415,
    0.22350239124563004,
    0.20576635383897357,
    0.19691902216937807,
    0.1825447007185883,
    0.1774929369489352,
    0.16946831569075585,
    0.1671503378285302,
    0.15948847093515925,
    0.1518809767233001,
    0.1486126104162799,
    0.14340259010593095,
    0.13808778375387193,
    0.13333775881263946,
    0.12933427012628979,
    0.12182375507222282,
    0.12222601945201556,
    0.12349539208743307,
    0.11115946711765395,
    0.11298789092236095,
    0.10919659584760666,
    0.10368190084894498,
    0.09616700236996015,
    0.09391966867778036,
    0.09812993655602137,
    0.10010458210276232,
    0.09835256474713484,
    0.09530620666013824,
    0.09670888603561455,
    0.10080503552324242,
    0.09071975780857934,
    0.07466000616550446,
    0.06708886250853538,
    0.06001656730141905,
    0.05437757054136859,
    0.050533831160929465,
    0.04978387463423941,
    0.05211060076124138,
    0.05668944617112478,
    0.054264861593643826,
    0.04775671433243486,
    0.04188793765174018,
    0.0410863251114885,
    0.038554681061456604,
    0.0417812360657586,
    0.04095374623106585,
    0.0371778952371743
  ],
  "best_valid_losses": [
    0.40622509055667455,
    0.3890140573183695,
    0.2990864488813612,
    0.24821952250268725,
    0.2137196183204651,
    0.21571103864245944,
    0.21008761525154113,
    0.20645625922414992,
    0.21916561855210198,
    0.21626897189352248,
    0.21058617896503873,
    0.31099350452423097,
    0.32506557835472955,
    0.2425134665436215,
    0.19526929590437148,
    0.20281275709470112,
    0.20489706397056578,
    0.19509242839283414,
    0.17782620324028864,
    0.18415311243798999,
    0.19711533122592503,
    0.1863169292608897,
    0.1856965316666497,
    0.1843042684925927,
    0.18512623873021866,
    0.1995398309495714,
    0.2452400008837382,
    0.29290823141733807,
    0.21733970310952927,
    0.2597381330198712,
    0.24002172748247783,
    0.3035588052537706,
    0.24537688692410786,
    0.28772350814607406,
    0.23964470426241558,
    0.25309565911690396,
    0.26563295159074995,
    0.30117637779977585,
    0.24531134896808202,
    0.24832164380285476,
    0.23581999440987905,
    0.24446189403533936,
    0.24990103509691025,
    0.26903432044718,
    0.3148579160372416,
    0.24254440863927204,
    0.29796651668018764,
    0.3739891168144014
  ],
  "data_normalization_method": "standard",
  "normalization_parameters": {
    "mean": -2.3081128410022225e-11,
    "std": 0.9989994995179163
  }
}