{
  "best_test_loss": 0.14232346675758933,
  "best_f1_test": 0.9536659877800407,
  "best_acc_test": 0.9536659877800407,
  "best_valid_loss": 0.14823732921417723,
  "best_f1_valid": 0.9654255319148937,
  "model_save_name": "model",
  "is_univariate": true,
  "dataset_name": "NonInvasiveFetalECGThorax1",
  "network_arch": "Inception",
  "seed": 29,
  "best_train_loss": 0.004780823966155767,
  "batch_size": 64,
  "learning_rate": 0.00023128169444404175,
  "epochs": 500,
  "patience": 30,
  "min_loss_improvement": 0,
  "epoch_model_saved": 221,
  "optimizer": "Adam",
  "criterion": "NLLLoss",
  "optimization_losses": [
    0.19503955511336632,
    0.415610542322727,
    0.3052438941407711,
    0.24884120454179479,
    0.20724050098277152,
    0.27545738917716006,
    0.2211276299141823,
    0.14823732921417723,
    0.19451406281045142,
    0.15593740914730317
  ],
  "best_train_losses": [
    3.6385842577638714,
    3.3646806439126955,
    3.128377189790373,
    2.887234952863638,
    2.6425378888908275,
    2.412703491815445,
    2.2113626162434494,
    2.0403259270474345,
    1.8796113567794617,
    1.754250718855305,
    1.6498100149405313,
    1.5499059157897617,
    1.468169916874074,
    1.3899333497963569,
    1.3189253831362104,
    1.2529866883893794,
    1.1879016082218141,
    1.1301626112791157,
    1.0725687403789474,
    1.0314559642479442,
    0.9994151281455999,
    0.9561758067351533,
    0.9107234625856556,
    0.8676835197172614,
    0.8304246471368839,
    0.7957847521326865,
    0.7624597303564081,
    0.7308250953425678,
    0.7113550656795167,
    0.6984038391501989,
    0.6839417542945476,
    0.6534423095109341,
    0.6217529748789625,
    0.5999169506326328,
    0.5824062322028825,
    0.5657712063442547,
    0.5463802189535435,
    0.524297450766627,
    0.503956320561411,
    0.48763403715336734,
    0.4814183440789821,
    0.47499882125636683,
    0.4609985269255313,
    0.45166000692423847,
    0.4462179923593705,
    0.4330910169902354,
    0.4121410442085561,
    0.40308642418805096,
    0.39894402908843246,
    0.3969722409442706,
    0.3844110742787283,
    0.371846012577404,
    0.3665521294821004,
    0.36090935477679326,
    0.35015797730239445,
    0.34444824847551775,
    0.33332684921992134,
    0.3275908541172554,
    0.31207918433848186,
    0.30140357252500966,
    0.3033068920744194,
    0.2957837027474683,
    0.29021932564817177,
    0.284450015444531,
    0.27305683322926266,
    0.2585998715143009,
    0.24863700552968515,
    0.2456550744957096,
    0.24191353960683962,
    0.23611708064985712,
    0.2315409412569591,
    0.21904586075437965,
    0.20873754656365115,
    0.20073932501960623,
    0.19552270852903705,
    0.18898679883083824,
    0.18747794594634024,
    0.184557573520333,
    0.18032552722320536,
    0.17682423045726536,
    0.17119367746341757,
    0.1663853600516507,
    0.16848882948501967,
    0.16957516172928283,
    0.17590840298548938,
    0.15993128323735106,
    0.15497063745391762,
    0.15691430326904618,
    0.14009728532438956,
    0.13141177625029504,
    0.128031779392161,
    0.1263542866003153,
    0.12574647984828063,
    0.13161401411103515,
    0.13335588301622944,
    0.13512198261272632,
    0.12277532664460777,
    0.12003557617008392,
    0.12976279340092767,
    0.13566772883479142,
    0.1152773562266386,
    0.10472306989274725,
    0.09657659979821173,
    0.09681435001887072,
    0.09547460271609726,
    0.08953135536534637,
    0.08707474685488079,
    0.08502600111920734,
    0.08984582620926165,
    0.08817621602435306,
    0.0898660094079968,
    0.08989252788567743,
    0.08737710999483302,
    0.0809898816954897,
    0.08261208824200775,
    0.08538345762712388,
    0.08757383673754865,
    0.0867456973818977,
    0.07820840879033882,
    0.07180293719856905,
    0.06863594550746725,
    0.06882370279830942,
    0.06411597105194713,
    0.05813785480598455,
    0.0563224596393544,
    0.0564761078541474,
    0.054772041265499984,
    0.05680023184411348,
    0.05633790309600485,
    0.056547399268643335,
    0.0519110254095167,
    0.04798027056643055,
    0.044968074099936285,
    0.04924154132526062,
    0.04991258386828827,
    0.04582257214108991,
    0.04064992856750041,
    0.03628289932679602,
    0.03462710193059265,
    0.035064611150683524,
    0.03332981128750849,
    0.030853591389425273,
    0.028646299686840487,
    0.027833213646145497,
    0.027507324928178263,
    0.028070245555308154,
    0.028440498798635337,
    0.026924072816517684,
    0.0262274402393341,
    0.02646294041148643,
    0.027200024332183603,
    0.026268228437576133,
    0.026230248799305397,
    0.02462702826416815,
    0.02404699961635862,
    0.025285195806001536,
    0.023582169530849094,
    0.01915264871227997,
    0.017607629844344216,
    0.019268276423179215,
    0.025392694032907445,
    0.01862044293938685,
    0.01603099746558912,
    0.015581877059836624,
    0.015426483056661807,
    0.015294300577487438,
    0.015082595402274074,
    0.014954726450611234,
    0.014711249178604014,
    0.014274623575839604,
    0.013690234561472378,
    0.012979840841445383,
    0.012391123921006332,
    0.011735460208499842,
    0.011620412637281296,
    0.01141322068889702,
    0.011148099509380019,
    0.01091745296900258,
    0.01070805432115245,
    0.010482730202570569,
    0.010273476037015524,
    0.010048994384130079,
    0.009817579709443715,
    0.009590224305315706,
    0.009406018734190322,
    0.009244797294154417,
    0.009083612324919967,
    0.008931354967745064,
    0.008792586309981918,
    0.008661312880832243,
    0.008519742951204166,
    0.00838780833767545,
    0.008241938970798465,
    0.008086889683945041,
    0.007929975495464937,
    0.007765185869202667,
    0.007594031030122382,
    0.0074328643496286385,
    0.007273165645563447,
    0.007132621441437004,
    0.006983236719455599,
    0.006819008513323004,
    0.006645359262367233,
    0.00648279186421305,
    0.006326245038802208,
    0.006189044626810584,
    0.006071511301155073,
    0.0059650333333846894,
    0.005865402986836775,
    0.005770662555193564,
    0.0056813373606722705,
    0.0055916013732128424,
    0.005502028913366087,
    0.005415139388187003,
    0.005328237485187685,
    0.005237626502334873,
    0.005148577738490456,
    0.005053754086335905,
    0.004962642775463675,
    0.004872963489219808,
    0.004780823966155767,
    0.0046886902863555084,
    0.004594704522312771,
    0.004503659515161243,
    0.004417074385124638,
    0.004336438704450901,
    0.004256685427537297,
    0.004172036899757674,
    0.004093637221750691,
    0.004018745158170039,
    0.003946311352676329,
    0.003875144305658603,
    0.0038105733052075422,
    0.003751807979397078,
    0.0036933206894532505,
    0.003636634976273234,
    0.003579747524339567,
    0.0035267065569446884,
    0.0034746345107555545,
    0.0034235070188099797,
    0.0033727972060592503,
    0.003322070021001008,
    0.0032754943975903885,
    0.0032323421032586183,
    0.003188778718201102,
    0.003145476621974885,
    0.003102733522099891,
    0.0030632062537140113,
    0.0030222921381074246,
    0.0029833215699993855
  ],