{
  "best_test_loss": 0.15230189089316215,
  "best_f1_test": 0.9567209775967414,
  "best_acc_test": 0.9567209775967414,
  "best_valid_loss": 0.1643063194574194,
  "best_f1_valid": 0.9414893617021277,
  "model_save_name": "model",
  "is_univariate": true,
  "dataset_name": "NonInvasiveFetalECGThorax1",
  "network_arch": "ResNet",
  "seed": 13,
  "best_train_loss": 0.0011559920716195976,
  "batch_size": 64,
  "learning_rate": 0.0006561813306323869,
  "epochs": 500,
  "patience": 30,
  "min_loss_improvement": 0,
  "epoch_model_saved": 220,
  "optimizer": "Adam",
  "criterion": "NLLLoss",
  "optimization_losses": [
    0.3816925217496588,
    0.2487639696040052,
    0.2792086461757092,
    0.1780661940574646,
    0.1643063194574194,
    0.39028115602249797,
    0.9976535578991504,
    0.268789715589361,
    0.31832170930314574,
    0.2921264152577583
  ],
  "best_train_losses": [
    3.5995966463296747,
    3.241406982747585,
    2.878338139742424,
    2.5047939162143753,
    2.1992099124281155,
    2.0038036433894786,
    1.8059906676380213,
    1.6424809533445581,
    1.493683220212592,
    1.3939708313804569,
    1.3065746497370705,
    1.2230051358820098,
    1.1398200682159552,
    1.0741033022954944,
    0.9842757077511983,
    0.9117301806378181,
    0.8520694703429162,
    0.7918007112437374,
    0.7454018895465223,
    0.7108936529928584,
    0.6811951477177446,
    0.6459676797383282,
    0.6171683985124736,
    0.585012875952858,
    0.5691023805530157,
    0.540800803640068,
    0.5087813213519956,
    0.5096369087067776,
    0.510886058200855,
    0.46800994544236996,
    0.4318767993888299,
    0.4104225234987865,
    0.3942083936506648,
    0.38678250060228925,
    0.37406371116051773,
    0.3788006353131165,
    0.36335655923301874,
    0.34290908256091457,
    0.3204414414965763,
    0.306332183110404,
    0.30202388330948493,
    0.3016880224874467,
    0.2748125241630863,
    0.2717981610868652,
    0.26724976426329483,
    0.25052608518703506,
    0.2389478893637741,
    0.2493491588776914,
    0.24017218271046561,
    0.2254149759173896,
    0.2237211834699523,
    0.22228702670846787,
    0.21676621507023391,
    0.2154961841014683,
    0.22719067112606173,
    0.21141974964111687,
    0.19808300927239494,
    0.18183505449781767,
    0.18034245427737167,
    0.17932481308240583,
    0.17919983428942848,
    0.17526662435044893,
    0.14367092826985509,
    0.15161760298774768,
    0.15600617758233365,
    0.15474048403084528,
    0.14679765252845436,
    0.13035091705677884,
    0.11860281799200631,
    0.1072024451352745,
    0.09735196560244282,
    0.0952510857602512,
    0.09302054004100997,
    0.08837298011421654,
    0.08432795293236482,
    0.08585542870537546,
    0.0797943015133233,
    0.0768573225180678,
    0.07683269310420614,
    0.07835633211356188,
    0.0673053521317386,
    0.0699288827954194,
    0.07126988010717922,
    0.06483455638853455,
    0.06418696023099706,
    0.07655142749923471,
    0.0611056084767539,
    0.07477243762732977,
    0.05981692464240759,
    0.05348582913181519,
    0.058277651095580904,
    0.0662408688898216,
    0.060678649825277625,
    0.0595422534413442,
    0.06712581932895509,
    0.06616559515308618,
    0.05972158590636661,
    0.05075497591366713,
    0.055962322561891036,
    0.040962956124198056,
    0.0385594486304083,
    0.039879492567806325,
    0.03726053893669539,
    0.040236386383778286,
    0.03066692000270696,
    0.03502050715872333,
    0.02689007654339756,
    0.02267273712460834,
    0.017307778643686336,
    0.02162415820199444,
    0.023056335105198795,
    0.020819728915891803,
    0.015720942235523633,
    0.01176300630770566,
    0.014482327749349246,
    0.011372748335976565,
    0.009800339030764228,
    0.009795553959187485,
    0.010903890576646863,
    0.014650591040613916,
    0.011705338245634715,
    0.009446175468075059,
    0.007972886179817954,
    0.006874141498983891,
    0.006873957477611419,
    0.007047239523718051,
    0.007622582939710633,
    0.0069463285646981865,
    0.00863878128514118,
    0.007364676986315084,
    0.007338310167938209,
    0.006965182542615031,
    0.008317538253532347,
    0.007002557089221117,
    0.006901760739081252,
    0.007248523220264772,
    0.006960940984233517,
    0.04414683461676202,
    0.19863286004967867,
    0.5324394605106144,
    0.35175766849802653,
    0.21155151996031163,
    0.13162405803951469,
    0.11628250899912497,
    0.07283804979691058,
    0.059403788875618285,
    0.05360292098422758,
    0.05115403073171621,
    0.04183703285850747,
    0.028953688612203845,
    0.02165417165841674,
    0.02498780877197859,
    0.018479923649775472,
    0.018437122572697726,
    0.027138513086189583,
    0.011980615660956605,
    0.008328923104328935,
    0.007001261669751034,
    0.006647208130667124,
    0.006399071428257886,
    0.006127186434687713,
    0.0058505505214439405,
    0.005344147440039527,
    0.004702607112562314,
    0.004365543297865674,
    0.003954633360696552,
    0.003701289643671623,
    0.00353001387525109,
    0.0033903449151788667,
    0.003274594291215743,
    0.0031724083298298278,
    0.003078066371389464,
    0.002989513299444943,
    0.0029065405418350248,
    0.0028286698325527327,
    0.002753985537270389,
    0.0026829544775834593,
    0.002615563374945995,
    0.002551256070088252,
    0.0024893975047900543,
    0.0024304816047189784,
    0.0023741307343194,
    0.002319849065600849,
    0.0022676392217122216,
    0.0022174203038220217,
    0.0021687617105528717,
    0.002122206642300294,
    0.002077142124249811,
    0.002033586282749711,
    0.001991513900466012,
    0.0019506304125198133,
    0.0019112098922390813,
    0.0018729344832132363,
    0.001835849943576683,
    0.0017999365013364364,
    0.0017650644410269378,
    0.0017313059896835435,
    0.0016983802690405008,
    0.001666516340723836,
    0.001635348484793335,
    0.0016052935580100906,
    0.0015759783400515865,
    0.0015475293392353466,
    0.001519566486041976,
    0.0014926275323763247,
    0.001466061711435364,
    0.0014403724883164679,
    0.0014152458680717396,
    0.0013906797989936203,
    0.0013667743949660376,
    0.001343402462698603,
    0.0013206504040806097,
    0.0012983552436336145,
    0.001276618948867165,
    0.0012553433736066976,
    0.0012345726389523977,
    0.001214314783022275,
    0.0011944030590091315,
    0.001174954493660663,
    0.0011559920716195976,
    0.0011373458901231745,
    0.001119129655300885,
    0.0011013621318423027,
    0.0010838448099236679,
    0.0010666295309321666,
    0.0010499591781544739,
    0.0010334718385663863,
    0.0010173963537256122,
    0.0010016473066508417,
    0.0009862390386175628,
    0.0009710818474889142,
    0.00095626866519065,
    0.0009417809693333225,
    0.0009275195949037774,
    0.0009134905371683743,
    0.0008997934392161892,
    0.0008862976261369756,
    0.0008731118441171269,
    0.000860119742096401,
    0.0008472822625298008,
    0.0008347943435691085,
    0.000822578103926464,
    0.0008105346175141859,
    0.0007986593232220968,
    0.0007869821445533262,
    0.0007756268879857166,
    0.0007643663287785354,
    0.0007533295796739882,
    0.0007424693097343579
  ],