{
  "best_test_loss": 0.15850544135160213,
  "best_f1_test": 0.9475560081466395,
  "best_acc_test": 0.9475560081466395,
  "best_valid_loss": 0.1769631600126307,
  "best_f1_valid": 0.9308510638297872,
  "model_save_name": "model",
  "is_univariate": true,
  "dataset_name": "NonInvasiveFetalECGThorax2",
  "network_arch": "ResNet",
  "seed": 7,
  "best_train_loss": 0.0136431360271061,
  "batch_size": 64,
  "learning_rate": 0.0003589911578934905,
  "epochs": 500,
  "patience": 30,
  "min_loss_improvement": 0,
  "epoch_model_saved": 134,
  "optimizer": "Adam",
  "criterion": "NLLLoss",
  "optimization_losses": [
    0.2650775649446122,
    0.21328649051645968,
    0.7297280697112388,
    0.21023876330953964,
    0.2113835431159811,
    0.1769631600126307,
    0.18036861432359574,
    0.20953848419037271,
    0.2755423752551383,
    0.21578671482015163
  ],
  "best_train_losses": [
    3.6347528348401323,
    3.347336381569096,
    3.048244010204173,
    2.722957345020243,
    2.411911417377389,
    2.151396032964689,
    1.9362735393930302,
    1.7566873845464315,
    1.6320684942994752,
    1.4989658689632939,
    1.3910980158428532,
    1.2909052221186967,
    1.193608013325314,
    1.1099686751630384,
    1.049748285924224,
    1.0047707739466105,
    0.9373509039446576,
    0.8653288627290759,
    0.8075845152328154,
    0.760045340257217,
    0.7236203496420961,
    0.6912458954524257,
    0.6448921452754832,
    0.6075760865831409,
    0.5809088685272952,
    0.556822707849075,
    0.5275239421713126,
    0.496609430223473,
    0.4714708735594344,
    0.4594082010940021,
    0.44454917276064776,
    0.42622365443872384,
    0.4120886333375771,
    0.39671130016582246,
    0.3685208932455375,
    0.3507883674919982,
    0.33461783450418847,
    0.3216661929099893,
    0.31423399337185826,
    0.304341293112208,
    0.3004755408974994,
    0.2941517618053494,
    0.27568814303995604,
    0.25872291687375965,
    0.2512960096039742,
    0.24616875802641255,
    0.24835553976824312,
    0.23959533518372667,
    0.23227275579183435,
    0.22293948246007728,
    0.21031729975428617,
    0.20103019628823013,
    0.19565059415320654,
    0.18736811831478326,
    0.17869857024828145,
    0.17200598117024313,
    0.16771740095659787,
    0.16372236910518925,
    0.1593533158878248,
    0.1488324923680353,
    0.13247189687555808,
    0.13346899173059518,
    0.14055448415534058,
    0.14148689776093543,
    0.1329695805645458,
    0.13397313684266968,
    0.128294076621323,
    0.10940555835212107,
    0.09908720207461487,
    0.09948070555433201,
    0.09565096276793275,
    0.08452536652646095,
    0.0819344437293033,
    0.07847561489578628,
    0.07757942562560255,
    0.07221785019127651,
    0.06865650226799895,
    0.07983469959670443,
    0.08706395410770944,
    0.09160061956017435,
    0.0740326861245525,
    0.0818559316105392,
    0.07257974664049088,
    0.06373934710603822,
    0.06308476280784908,
    0.06518643737122029,
    0.06398713283858623,
    0.05365648940702977,
    0.05578414949988364,
    0.05233148362118429,
    0.08911084020359786,
    0.07108331098890773,
    0.06824911424781517,
    0.05797955741842741,
    0.05100948250841399,
    0.049879127710230405,
    0.04705899080506363,
    0.0527641433222417,
    0.05180585741190448,
    0.04836914221443974,
    0.06049483725755297,
    0.04787705832659067,
    0.036470106262936196,
    0.03386139815106454,
    0.031635424475632584,
    0.03391648786376772,
    0.03744697938748463,
    0.030166503183349958,
    0.0464689972681515,
    0.06574440654563551,
    0.04278885495658501,
    0.04012750023917065,
    0.027682759655077986,
    0.023279299309643446,
    0.02397918826177224,
    0.02054140565672121,
    0.019316192670546614,
    0.021712849457903347,
    0.017974089305240526,
    0.015592166564269587,
    0.01470132545487548,
    0.013769784061014338,
    0.012602450391860157,
    0.012298088519456348,
    0.012284446071482573,
    0.012216703143580775,
    0.01226024599798228,
    0.012268394730181466,
    0.01198252246440902,
    0.011833655791264224,
    0.011915209739798194,
    0.01241214907069076,
    0.012989812078987178,
    0.0136431360271061,
    0.018468208444119547,
    0.03624815197147099,
    0.023464094032942515,
    0.050995021383065366,
    0.319176059454491,
    0.5712562067694674,
    0.28727095508692724,
    0.2058291629490849,
    0.14988681370325685,
    0.09852439827970946,
    0.07686025451787618,
    0.06781192593674423,
    0.048091214354387575,
    0.04568436006457137,
    0.03926855857789684,
    0.045492215617412596,
    0.035856667619384434,
    0.034319171675455375,
    0.025536856653321945,
    0.02277499388344455,
    0.0188612978239835,
    0.019032302257249514,
    0.016469714974949184,
    0.015068343251181775,
    0.014915578703782819,
    0.015750705427146575,
    0.016002714302448408,
    0.013744730635553348,
    0.04010169669064266
  ],