{
  "best_test_loss": 0.7454861947720955,
  "best_f1_test": 0.7379480840543882,
  "best_acc_test": 0.7379480840543882,
  "best_valid_loss": 0.24533237795636284,
  "best_f1_valid": 0.9009628610729024,
  "model_save_name": "model",
  "is_univariate": true,
  "dataset_name": "FordB",
  "network_arch": "MLP",
  "seed": 12,
  "best_train_loss": 0.08772536831430097,
  "batch_size": 64,
  "learning_rate": 0.0008437925088674486,
  "epochs": 500,
  "patience": 30,
  "min_loss_improvement": 0,
  "epoch_model_saved": 126,
  "optimizer": "Adam",
  "criterion": "NLLLoss",
  "optimization_losses": [
    0.262709110831788,
    0.24831094919733365,
    0.2623050583646911,
    0.24533237795636284,
    0.24627808669000414,
    0.2604146605918627,
    0.24906922095907438,
    0.2634603542671571,
    0.2690867091102482,
    0.27443452921415457
  ],
  "best_train_losses": [
    0.6954740963906992,
    0.681242651181831,
    0.637595013460398,
    0.5994141906540856,
    0.5388301852398758,
    0.49732448019220543,
    0.46931641301885757,
    0.42746795244525193,
    0.41383619325688975,
    0.39491444795380926,
    0.3644151530821681,
    0.35142556992980767,
    0.3308288167234628,
    0.3223801901079765,
    0.3072970487802524,
    0.2907837896596287,
    0.2880736307088578,
    0.27850474177397266,
    0.26793746687113174,
    0.23676436437496293,
    0.2457330059336993,
    0.2519850877447994,
    0.22839984410484687,
    0.2359314730911012,
    0.23590451353927755,
    0.22729428932378185,
    0.21669056269620768,
    0.2194934135823007,
    0.19693157220825533,
    0.19836464936254442,
    0.20473992103067684,
    0.18431612005792916,
    0.18727495876926176,
    0.1770813333170368,
    0.17939405825803828,
    0.19986138140277981,
    0.18133259229515736,
    0.1726473784983732,
    0.17039087916912699,
    0.15935244413279764,
    0.18081849867777777,
    0.15616651550396518,
    0.16168220548223106,
    0.1723076652535628,
    0.13898622153129586,
    0.163522763400655,
    0.154931299685612,
    0.13353505911256866,
    0.13627754660141353,
    0.15511129615108446,
    0.14579563153372177,
    0.13856151222957214,
    0.12289673536810947,
    0.14904420213848146,
    0.1444675793674002,
    0.1270025102306347,
    0.14108242803705442,
    0.13581960600643242,
    0.13177119809852342,
    0.1253722140993385,
    0.13209692084395738,
    0.13841802966069977,
    0.12600000194457078,
    0.12016079719966223,
    0.13069039671086133,
    0.12132031156808303,
    0.1309835826914035,
    0.10386477066447351,
    0.12574190301551616,
    0.11374040575700581,
    0.10705913360162729,
    0.1183767849643506,
    0.12196532820327081,
    0.11525567865416797,
    0.12125589459509355,
    0.1022076841233685,
    0.12256121437386847,
    0.1077698933157911,
    0.11360199099721738,
    0.101831263646053,
    0.1035684908674889,
    0.10483913184585565,
    0.09950826508460625,
    0.10098422753228774,
    0.11182280065186906,
    0.11616549234801424,
    0.10045635179095123,
    0.09147857377584896,
    0.10973271633532959,
    0.10237705356670745,
    0.08982126180600103,
    0.08673487233185047,
    0.09282519851338523,
    0.11118707904128416,
    0.0932515432963345,
    0.10899246491727507,
    0.09908724668470341,
    0.07938644709642029,
    0.08564259796730016,
    0.09815406645078115,
    0.09499858890082354,
    0.09734682244296088,
    0.09930251582821593,
    0.08740337121529707,
    0.08924265511262204,
    0.0985894542202825,
    0.08921214265100648,
    0.07942803193939314,
    0.10031475747923944,
    0.10035814320030616,
    0.07453866705216437,
    0.07933532580108148,
    0.08907116758425757,
    0.09141993630252153,
    0.0842753202094603,
    0.08005569837321277,
    0.07921179968535777,
    0.07144968141449366,
    0.10325360674945255,
    0.06868311515823519,
    0.07833116111234138,
    0.08963912162043287,
    0.08370183954755821,
    0.07461344919063694,
    0.07133693788123754,
    0.08772536831430097,
    0.06546558215804245,
    0.08745115548897499,
    0.06411494445849973,
    0.09037676151262845,
    0.07490844136562604,
    0.07327411057455709,
    0.08581797963077462,
    0.07363591989357553,
    0.07505825559571488,
    0.07656971060003485,
    0.08053982550947014,
    0.07920454762507091,
    0.07020924860634617,
    0.08280891943031198,
    0.07027329686014533,
    0.06715121979413982,
    0.06921431805075055,
    0.06639060379099485,
    0.07566684158010493,
    0.06400466420043367,
    0.06577076528098388,
    0.06636101064788488,
    0.08013636705963943,
    0.07180049628316536,
    0.07329364210121242,
    0.07793655093282748,
    0.056375678688251864,
    0.06903422617211302,
    0.06592584580715946
  ],