{
  "best_test_loss": 0.2965919721393624,
  "best_f1_test": 0.9159877800407332,
  "best_acc_test": 0.9159877800407332,
  "best_valid_loss": 0.23954788928336285,
  "best_f1_valid": 0.925531914893617,
  "model_save_name": "model",
  "is_univariate": true,
  "dataset_name": "NonInvasiveFetalECGThorax2",
  "network_arch": "ViT",
  "seed": 0,
  "best_train_loss": 0.1315402390981173,
  "batch_size": 64,
  "learning_rate": 0.0006782595872849637,
  "epochs": 500,
  "patience": 30,
  "min_loss_improvement": 0,
  "epoch_model_saved": 111,
  "optimizer": "Adam",
  "criterion": "NLLLoss",
  "optimization_losses": [
    0.3284044582793053,
    0.26457152531502093,
    0.32972836748082585,
    0.5437145309245333,
    0.29295556025302155,
    0.25340732424817186,
    0.32345374087069895,
    0.3473236687639926,
    0.25587493561683816,
    0.33047071416327295,
    0.5448368191719055,
    0.3361304465760576,
    0.5746030122675794,
    0.3195152206623808,
    0.32512407099947016,
    0.5259234359923829,
    0.5014203837577332,
    0.3224368247580021,
    0.23954788928336285,
    0.3536108592723278,
    0.2699353276415074,
    0.28765958864638147,
    0.24268368013361666,
    0.3495371684114984,
    0.32293898628113116,
    0.27959381139024775,
    0.3178354324178493,
    0.2681687829342294,
    0.3159583692855023,
    0.30218159771980124
  ],
  "best_train_losses": [
    3.8254041676779322,
    3.566861191854792,
    2.877102661199831,
    2.3173168022198656,
    1.9420899870692219,
    1.64712609938141,
    1.4542621604506598,
    1.2937661783844336,
    1.17663863186089,
    1.1245784928743385,
    0.9555326303125516,
    0.9052060324795549,
    0.8152217678594824,
    0.7754446044407173,
    0.6798084430600754,
    0.6422910270184927,
    0.5849074201104679,
    0.6067943744314278,
    0.543585623810179,
    0.5677243647069388,
    0.5235143707029768,
    0.46837806739358107,
    0.45070612342610633,
    0.47828410439146124,
    0.44206126565172565,
    0.41865712293251583,
    0.4120487517043058,
    0.3905554996019338,
    0.3803336557082031,
    0.3569784927183863,
    0.33062211843501993,
    0.36360728315543056,
    0.38794397063768005,
    0.3338148591703541,
    0.3230968673968097,
    0.32198585606509333,
    0.33804894082159204,
    0.3034926617618857,
    0.3057128548810621,
    0.3174790915308582,
    0.30536582923572164,
    0.2909114823446924,
    0.34976013689625873,
    0.28389068809681517,
    0.28804543635330815,
    0.29043832168935974,
    0.3331021110796208,
    0.2650058243531035,
    0.24153914532440277,
    0.2520971069412171,
    0.24406622842383568,
    0.2794226500993033,
    0.26364572258248603,
    0.24206103064585804,
    0.22486415717983782,
    0.23725570827324627,
    0.2491458372663882,
    0.21889268792772998,
    0.24808855143258543,
    0.21511540884964916,
    0.24139781826118809,
    0.24220582886807782,
    0.27046805314421235,
    0.23876266829140658,
    0.20839350416638527,
    0.22125313287039333,
    0.23322107078466964,
    0.17384292177976393,
    0.1856402700435755,
    0.20205682155873184,
    0.2389704115107624,
    0.21510899897327074,
    0.20158496763470804,
    0.19153207969849828,
    0.22405684371272694,
    0.2428542851605888,
    0.1836590236046326,
    0.1913750971486178,
    0.1918985947746671,
    0.23436982518170638,
    0.19445232710868476,
    0.19450391945969092,
    0.18161824281711605,
    0.19460904281992186,
    0.16141921791260458,
    0.18535011786854946,
    0.16573060574095097,
    0.17712927031646877,
    0.16091138849627862,
    0.15963146908867132,
    0.17606904622080957,
    0.14801586793705518,
    0.19138565001903246,
    0.16142466106698786,
    0.1886219607269521,
    0.18328500147424612,
    0.14455320408668576,
    0.1474523488497617,
    0.13795077039461612,
    0.14940429904032826,
    0.15123362643402058,
    0.16610240230489934,
    0.17826160355009668,
    0.17010126083707064,
    0.14943116466637155,
    0.13274371759339026,
    0.13565643671121205,
    0.17343736938917545,
    0.1369682527143961,
    0.13385257678851223,
    0.1315402390981173,
    0.10992934949858374,
    0.12802340409660207,
    0.18865126098466228,
    0.1832660092322322,
    0.15187501101031406,
    0.16006446138118574,
    0.16407507939692206,
    0.15068849301042894,
    0.1442017254909829,
    0.1466468200846742,
    0.12503428135959932,
    0.08854575171406974,
    0.12247032662742337,
    0.12625169043003132,
    0.15902019094856415,
    0.1433048442854315,
    0.15439096814674638,
    0.14880000895709952,
    0.15492735039743838,
    0.14362420441186186,
    0.11222794679735047,
    0.1288444207469427,
    0.1244492498779498,
    0.1134336690561753,
    0.1557412530575013,
    0.14081769494715493,
    0.12664438933867095,
    0.14192175563589754,
    0.1336705556986245
  ],