{
  "best_test_loss": 0.16942423917049668,
  "best_f1_test": 0.9495926680244399,
  "best_acc_test": 0.9495926680244399,
  "best_valid_loss": 0.20369747376188319,
  "best_f1_valid": 0.949468085106383,
  "model_save_name": "model",
  "is_univariate": true,
  "dataset_name": "NonInvasiveFetalECGThorax1",
  "network_arch": "ResNet",
  "seed": 23,
  "best_train_loss": 0.003773371561398325,
  "batch_size": 64,
  "learning_rate": 0.000767275551389047,
  "epochs": 500,
  "patience": 30,
  "min_loss_improvement": 0,
  "epoch_model_saved": 170,
  "optimizer": "Adam",
  "criterion": "NLLLoss",
  "optimization_losses": [
    0.36191825156516216,
    0.4035112439317906,
    0.23757049060882407,
    0.8060288365851057,
    0.28588136967192307,
    0.20369747376188319,
    0.42553520139227524,
    0.23571154475212097,
    0.5764936411634405,
    0.2770352192381595
  ],
  "best_train_losses": [
    3.608479952527366,
    3.221204703237838,
    2.7855206861180983,
    2.3757311403123076,
    2.110547872470955,
    1.9081742024639503,
    1.7671734038491695,
    1.6330585989915227,
    1.5329618289783984,
    1.4346749289138,
    1.353018516817314,
    1.2809752230064515,
    1.1931725845149261,
    1.1202606446124765,
    1.0694878023020917,
    0.9986999254367424,
    0.9162701634730743,
    0.8568360777866313,
    0.8146386143194482,
    0.8002951119202422,
    0.7556482502799259,
    0.710497458552443,
    0.6749498864252301,
    0.6401426959691212,
    0.6312210881952994,
    0.625991668109733,
    0.6057809573491526,
    0.5690980307962051,
    0.5469001995495149,
    0.529782379000269,
    0.4875074969113753,
    0.45598061748231206,
    0.4562220688822901,
    0.43871121153560055,
    0.4217668838448199,
    0.42176477886469366,
    0.4065950518645456,
    0.3745852477811879,
    0.3556657534980137,
    0.35498600312294626,
    0.3268326752762181,
    0.32104694982565213,
    0.31870953962782783,
    0.30099793574337547,
    0.28714208226344656,
    0.2741199319348399,
    0.24494010710058628,
    0.2513318482579602,
    0.25007766503016043,
    0.23634393457179328,
    0.22638618407832511,
    0.22636130839083618,
    0.238022621126763,
    0.22735953832585795,
    0.20081246645305664,
    0.1874764285777458,
    0.1982384333393562,
    0.19204756535343612,
    0.17500925008848947,
    0.16163679315477547,
    0.18447098794091527,
    0.19167530032441554,
    0.18080760523917722,
    0.16150745173009115,
    0.1587509066965994,
    0.15215612341108578,
    0.13424200593681715,
    0.12599783287876437,
    0.13440969689387255,
    0.13818289965485403,
    0.1236667982836006,
    0.12356717233203786,
    0.12692609452135278,
    0.12954922468098468,
    0.12614748997382103,
    0.1287263935550953,
    0.12085093082945195,
    0.1214235873208319,
    0.12046727707487802,
    0.12760457821001867,
    0.13581423695216863,
    0.1099255108513404,
    0.08890569130598829,
    0.07931183852079944,
    0.07226380618395138,
    0.07448281527078662,
    0.0741885045303774,
    0.0675645838468712,
    0.051637980241383455,
    0.05746294393316068,
    0.053964307730675835,
    0.05980893346603413,
    0.058878942858100525,
    0.061338730178673924,
    0.06999997018286022,
    0.06841208511676825,
    0.06596359981254046,
    0.06196465594032995,
    0.061538982690061306,
    0.07565307138894782,
    0.12392097957123356,
    0.11687028565387113,
    0.10354151355805567,
    0.08553088139624807,
    0.07939007494059337,
    0.06843025536549317,
    0.06784493028227494,
    0.06367709403379819,
    0.05133037246339604,
    0.04839736154304264,
    0.03978363155581722,
    0.03144143112736819,
    0.023613080877787157,
    0.01940856522452466,
    0.016745041887971584,
    0.013387462479282937,
    0.011959178688348868,
    0.011691906831396752,
    0.011259153342458274,
    0.011381392122082052,
    0.01172318360120325,
    0.011412670767132404,
    0.012220323975384497,
    0.01123712320392526,
    0.01166390650038485,
    0.010431864974301673,
    0.013870965929614225,
    0.038245299606546705,
    0.10385086429806051,
    0.7414067937133183,
    0.4803622802712929,
    0.2608634087185749,
    0.1579558589611561,
    0.13166630897966808,
    0.10862789032110344,
    0.08019215712691602,
    0.06656239365992606,
    0.04977848057819037,
    0.04036020433552464,
    0.024549752675737724,
    0.022837810397661244,
    0.01919750218886361,
    0.01788602428767995,
    0.017565680561732508,
    0.016785425779318734,
    0.01578385804145638,
    0.016198418294593366,
    0.015508047299484446,
    0.015044009257029436,
    0.014775281606761717,
    0.012961370057772611,
    0.013299413616373056,
    0.012283838534359876,
    0.01661239515120217,
    0.03418981278307333,
    0.03860406772294412,
    0.02256288416408793,
    0.014009616779162171,
    0.014326357369907384,
    0.011238693454281905,
    0.013583453090531583,
    0.014954434532524255,
    0.017571174306795,
    0.01671162685830976,
    0.013691684234107224,
    0.007991616658667444,
    0.006510901831133646,
    0.0060756055100540185,
    0.004668349800539777,
    0.003773371561398325,
    0.003300945922138087,
    0.0030206188646086916,
    0.002860772650304708,
    0.002758834864378096,
    0.00266933208041041,
    0.0025844785244693654,
    0.002506010693636051,
    0.002433577061374557,
    0.0023662320280350086,
    0.0023027368658729477,
    0.0022425355517910173,
    0.0021857781918115326,
    0.002132081888250886,
    0.0020805026585113805,
    0.0020312997458524903,
    0.0019846690428598364,
    0.001939951127132588,
    0.0018966232917895928,
    0.0018553668283366547,
    0.0018153705908893984,
    0.0017767647577522326,
    0.001740156525841869,
    0.0017044802844420977,
    0.0016698047437902098,
    0.001636561456220506,
    0.0016042225173944823,
    0.0015732649145503898,
    0.0015426685054179801,
    0.001513466479578098
  ],