{
  "best_test_loss": 0.37750013178152264,
  "best_f1_test": 0.8454882571075402,
  "best_acc_test": 0.8454882571075402,
  "best_valid_loss": 0.1140272194491456,
  "best_f1_valid": 0.9559834938101789,
  "model_save_name": "model",
  "is_univariate": true,
  "dataset_name": "FordB",
  "network_arch": "Inception",
  "seed": 6,
  "best_train_loss": 0.07930243213851891,
  "batch_size": 64,
  "learning_rate": 3.528724548409381e-05,
  "epochs": 500,
  "patience": 30,
  "min_loss_improvement": 0,
  "epoch_model_saved": 18,
  "optimizer": "Adam",
  "criterion": "NLLLoss",
  "optimization_losses": [
    0.1140272194491456,
    0.12242110665923464,
    0.12332258490330579,
    0.12535387573781662,
    0.12151903296312243,
    0.12094384920687262,
    0.12650510162484038,
    0.13191922507063067,
    0.12881122320439498,
    0.12361876308877005
  ],
  "best_train_losses": [
    0.3898172796264475,
    0.1964718908727415,
    0.16969755716222187,
    0.15604089965026677,
    0.14647260165813045,
    0.13878269651405092,
    0.13196923261946464,
    0.12602346028717545,
    0.12064686788571422,
    0.115472234057921,
    0.11083592845964793,
    0.10598393311362811,
    0.10155316469921863,
    0.09720029575850153,
    0.09214084706124447,
    0.08761243271594034,
    0.082464182864685,
    0.07930243213851891,
    0.07630661297512678,
    0.07314706753370605,
    0.0707757869758419,
    0.06445641536906137,
    0.05717674115265334,
    0.05317745127291143,
    0.052495372432964295,
    0.05082171689334647,
    0.05126003907068519,
    0.053618927410658976,
    0.04800294080628736,
    0.040669261834019234,
    0.03473112784951228,
    0.02695062328603995,
    0.022622403916114996,
    0.019960397891597783,
    0.017661667810663313,
    0.016702237097672,
    0.018399265314871252,
    0.016515185567454283,
    0.02054079358294309,
    0.015708505074164356,
    0.016006942990234703,
    0.014862743997049647,
    0.01622593012398834,
    0.015354687235916374,
    0.017490039995911196,
    0.0137118021832674,
    0.014068521627774552
  ],
  "best_valid_losses": [
    0.2898668189324244,
    0.20657010669557396,
    0.17715526307629423,
    0.1619828721147128,
    0.1550929545126394,
    0.15315293550409345,
    0.1510667166937824,
    0.15167319760279938,
    0.14424582508276057,
    0.1446259700817452,
    0.1365145475205234,
    0.1320194125462431,
    0.13310319972333423,
    0.12022221350768246,
    0.11791504345619039,
    0.11597861683680234,
    0.11530884778565192,
    0.1140272194491456,
    0.1151322761583853,
    0.11760850390099102,
    0.1165692715443148,
    0.1188764844340832,
    0.125625527114127,
    0.12653154255681384,
    0.12788100928027168,
    0.15214318477713915,
    0.15361486590548099,
    0.1530575820512588,
    0.13589274128988652,
    0.13884275585945896,
    0.1342911414873813,
    0.14569475160504305,
    0.14442219993066263,
    0.14794221225270215,
    0.15677169403970814,
    0.15706218478809197,
    0.16867786705329954,
    0.16513362959375735,
    0.15374331862923205,
    0.149805231580954,
    0.16588847235644535,
    0.1508268973235415,
    0.1465120376273477,
    0.3136964542829679,
    0.2758203499336846,
    0.18064497157090958,
    0.32563756904379043
  ],
  "data_normalization_method": "standard",
  "normalization_parameters": {
    "mean": -8.025888710833714e-12,
    "std": 0.9989994995286607
  }
}