{
  "best_test_loss": 0.17135208581105754,
  "best_f1_test": 0.9536659877800407,
  "best_acc_test": 0.9536659877800407,
  "best_valid_loss": 0.1619156614897099,
  "best_f1_valid": 0.9547872340425532,
  "model_save_name": "model",
  "is_univariate": true,
  "dataset_name": "NonInvasiveFetalECGThorax1",
  "network_arch": "Inception",
  "seed": 14,
  "best_train_loss": 0.03773706170742728,
  "batch_size": 64,
  "learning_rate": 0.00014150211809550834,
  "epochs": 500,
  "patience": 30,
  "min_loss_improvement": 0,
  "epoch_model_saved": 189,
  "optimizer": "Adam",
  "criterion": "NLLLoss",
  "optimization_losses": [
    0.5485390982729323,
    0.4731520211442988,
    0.6478412506428171,
    0.4718304568148674,
    0.3633895478350051,
    0.5169760597513077,
    0.37883521648163493,
    0.3312722584034534,
    0.1619156614897099,
    0.28348158775491916
  ],
  "best_train_losses": [
    3.6652125635368256,
    3.4348481190682127,
    3.2352037258912203,
    3.0568664070593163,
    2.882907693350893,
    2.7086404453929007,
    2.5514084485242337,
    2.399476309519625,
    2.260074551475777,
    2.1414282886561424,
    2.0270244812177927,
    1.9272922324363564,
    1.8329556596505332,
    1.7552708381510753,
    1.680149000627594,
    1.6043774749054844,
    1.5398515224959426,
    1.4837213241124103,
    1.433638121992957,
    1.3850482757545572,
    1.337394008901198,
    1.2888198338674142,
    1.2460664396795351,
    1.201888235203414,
    1.155432906606544,
    1.1177679058203627,
    1.0811635776883015,
    1.0554654697926213,
    1.0375785157032107,
    0.997116522058499,
    0.9681482416847936,
    0.9345374583611585,
    0.9049502219520483,
    0.8902880043021743,
    0.8564079831539537,
    0.8366173549345155,
    0.8194332778747033,
    0.81493479976835,
    0.794683892711819,
    0.7733199381107858,
    0.7449011860476861,
    0.7222755862136836,
    0.6998472068398583,
    0.6735435235441695,
    0.652991631754837,
    0.6355672608105465,
    0.6233989558459501,
    0.6153265935639135,
    0.5974715561491456,
    0.575390946504857,
    0.5640527234266781,
    0.5563608428289248,
    0.5430557578278526,
    0.5278179063942763,
    0.5131487111473955,
    0.503970364429376,
    0.49744358581300363,
    0.4919099899680365,
    0.4819251736410051,
    0.47842880733735277,
    0.4699423499745713,
    0.45486389654502013,
    0.4323663567876782,
    0.4183527990830087,
    0.4112553504974341,
    0.401119320998289,
    0.3907031176463869,
    0.37974308342139484,
    0.37226308202626246,
    0.36668187159932336,
    0.3633584066000273,
    0.36006407721396155,
    0.35530130423799167,
    0.3455663579015437,
    0.33452006673946905,
    0.3272836059541327,
    0.3257559253477497,
    0.31874394281724766,
    0.3071221051736357,
    0.2949143254099308,
    0.28800266198892455,
    0.2854921725838434,
    0.28202158460839905,
    0.27850816015072966,
    0.2720316122806332,
    0.26619474189807557,
    0.26083592251623844,
    0.256579992097612,
    0.25483633541172857,
    0.2466043491264673,
    0.2381243108132316,
    0.23158938569119508,
    0.22612293033179312,
    0.2209619033403658,
    0.21703957124905776,
    0.21375823935110302,
    0.20916023802271377,
    0.20425315355739374,
    0.20020368290006152,
    0.19829122123693968,
    0.20074923459024221,
    0.20654946669297408,
    0.19694347594794637,
    0.18641860967401208,
    0.18540403135880063,
    0.18427549244460303,
    0.18259802007247927,
    0.17770104175688764,
    0.17131631336032885,
    0.17014895714636177,
    0.1679172919970202,
    0.16595219838016065,
    0.1645264457374581,
    0.16052509412347474,
    0.15648484878760363,
    0.15503380301022981,
    0.15152085047327793,
    0.1484178717045908,
    0.14309404517614918,
    0.13883942555183268,
    0.13492535538997602,
    0.1359439558930072,
    0.13459109824912613,
    0.1329101237166707,
    0.13384444406877835,
    0.1384139732782973,
    0.13469163368986847,
    0.12801550794458272,
    0.11961612842312097,
    0.11552962450832861,
    0.11380138209460071,
    0.10771005445972179,
    0.10347509528925866,
    0.1017133346559167,
    0.10077693245294475,
    0.09921816712374931,
    0.09839883600103126,
    0.09888889659942243,
    0.0989943721677875,
    0.09723650938186609,
    0.09432136456436953,
    0.09043968899027613,
    0.0890517947057855,
    0.08895610817672078,
    0.08585061725865177,
    0.08247493238346056,
    0.08020639272952532,
    0.07760654941190738,
    0.07518320890616047,
    0.0733244856891503,
    0.0727263432930702,
    0.07140056755019382,
    0.07123139552714451,
    0.07144860877345878,
    0.0703650568536655,
    0.07124388758525074,
    0.07859051469464748,
    0.08177369192389225,
    0.06780518361551194,
    0.06068148265395756,
    0.05788068628843117,
    0.05672783742037694,
    0.053366218442889225,
    0.05280595293199187,
    0.05449383669203633,
    0.056428897492351957,
    0.055180865276450435,
    0.055429237511844094,
    0.054423626673290704,
    0.055268975610904346,
    0.05418247871561655,
    0.049827091266268254,
    0.052982423971560916,
    0.04919803708671309,
    0.05167064569937622,
    0.051080798672660084,
    0.05325947592371338,
    0.054398108015880145,
    0.05766120192399137,
    0.06427953041466876,
    0.06797822557510161,
    0.05193688211935093,
    0.04552593182848318,
    0.04484193410543765,
    0.04179757739628651,
    0.042595703790955196,
    0.040393535007191894,
    0.03873336366989708,
    0.03773706170742728,
    0.03856460575488195,
    0.036512385427464884,
    0.03268692388840004,
    0.02935164580442331,
    0.028217102021361143,
    0.02739364906977954,
    0.026547785053842518,
    0.025814085679151017,
    0.025484009549016483,
    0.025099541794296645,
    0.024605731155856847,
    0.02414950202608603,
    0.023817835902521622,
    0.023591473866162463,
    0.02344031352288,
    0.02329487449837062,
    0.02352975460668621,
    0.02412196338433283,
    0.02499302224015905,
    0.026062292823710663,
    0.03292784866963946,
    0.026835813335629306,
    0.02428159371767133,
    0.025235685909288666,
    0.024500123892065847,
    0.023856079993207983,
    0.023527203617946035,
    0.023185955331734762,
    0.025022674870931884
  ],