{
  "best_test_loss": 0.455342273703317,
  "best_f1_test": 0.8096415327564895,
  "best_acc_test": 0.8096415327564895,
  "best_valid_loss": 0.1525562525287455,
  "best_f1_valid": 0.9449793672627235,
  "model_save_name": "model",
  "is_univariate": true,
  "dataset_name": "FordB",
  "network_arch": "LSTM",
  "seed": 12,
  "best_train_loss": 0.19344761663794188,
  "batch_size": 64,
  "learning_rate": 0.0003819371340304417,
  "epochs": 500,
  "patience": 30,
  "min_loss_improvement": 0,
  "epoch_model_saved": 120,
  "optimizer": "Adam",
  "criterion": "NLLLoss",
  "optimization_losses": [
    0.6829600855605639,
    0.6939357275647999,
    0.6828309151624551,
    0.6938021973369866,
    0.1525562525287455,
    0.6852493190207868,
    0.6938155432842784,
    0.6938182716520486,
    0.6938002032459684,
    0.6938016115389303
  ],
  "best_train_losses": [
    0.6934331660421548,
    0.6921133421966101,
    0.6919709675249732,
    0.6918821354515778,
    0.6918063017000359,
    0.6917345749298841,
    0.6916635407870213,
    0.6915882140439019,
    0.6914951190495917,
    0.6913919675956894,
    0.6913115124754925,
    0.6911112093040015,
    0.6911951592076759,
    0.6905104326086818,
    0.6919979661334168,
    0.7170458944332485,
    0.6913837772452027,
    0.6929191006590937,
    0.6857938275376573,
    0.6813155677492386,
    0.669886519361231,
    0.673991014409754,
    0.622274400689415,
    0.5806530361080432,
    0.6432557974261791,
    0.6613550459994246,
    0.6367760270301053,
    0.766785988535481,
    0.6951596935316818,
    0.6928870559066657,
    0.692947644397022,
    0.6938921905941288,
    0.6937458597154368,
    0.692263311828183,
    0.6926726226629548,
    0.6917555991360377,
    0.6918967589223565,
    0.6903990757186607,
    0.6870055124881015,
    0.6800254457098581,
    0.6152808297287156,
    0.562331381616435,
    0.5144606091625261,
    0.4705487360570585,
    0.42703855777623073,
    0.40170156033363763,
    0.3894773763098448,
    0.5815298989353679,
    0.40385631079358936,
    0.3987787540545982,
    0.6346393093118313,
    0.49312467215149736,
    0.4112027634903686,
    0.3578960579068002,
    0.3357345044120962,
    0.3423608275440405,
    0.3430744210947331,
    0.3108361527590181,
    0.316140382190682,
    0.30969101233610263,
    0.31186316073186787,
    0.3531458047225026,
    0.31112510664836907,
    0.312794213937762,
    0.31470463868676385,
    0.3271520799627986,
    0.29890106587659215,
    0.2902254935205393,
    0.27411755565886975,
    0.26545033011549607,
    0.2642371510725566,
    0.26167316410429214,
    0.3653031852829079,
    0.28772537412308924,
    0.29231601771085103,
    0.23878849190153806,
    0.27715391033371345,
    0.27015276499184815,
    0.2557924781327726,
    0.234839150951112,
    0.23410142527219355,
    0.2255891421617635,
    0.21276031235717185,
    0.24309269231238095,
    0.23194498315638,
    0.21895660403629116,
    0.2343821598286068,
    0.27361656606525303,
    0.2321490466984135,
    0.2213719987414234,
    0.24335919390272406,
    0.2591397874006051,
    0.24674840324764566,
    0.23226796164391295,
    0.2194640725092678,
    0.23309537009982984,
    0.21829801180913655,
    0.2001014543592192,
    0.19756205849083042,
    0.21818670965321207,
    0.22329809388563426,
    0.218204463743688,
    0.21184437075294196,
    0.22542237405866344,
    0.21218904839544217,
    0.21661924402725255,
    0.22000134030185342,
    0.2158404499640819,
    0.22154273944388064,
    0.21625235530213444,
    0.19792363176217107,
    0.19983751008586836,
    0.2042928386730702,
    0.1900832319511754,
    0.20963167696883786,
    0.1951940079108188,
    0.20970195985336415,
    0.19243638185935386,
    0.22382213413059465,
    0.19344761663794188,
    0.22624214264106882,
    0.19975579726769802,
    0.19194489085670186,
    0.19888174965301275,
    0.1889478301237423,
    0.1997943667712861,
    0.200578370675998,
    0.19476311613371317,
    0.19278756486049545,
    0.21350364103667346,
    0.2150692917929227,
    0.17899833757947858,
    0.24629510717243572,
    0.23198835770029477,
    0.17724279294807613,
    0.1910498589994655,
    0.2035349317335689,
    0.17676186993554174,
    0.19107471507406465,
    0.1899372875342015,
    0.20839771137481872,
    0.19064148573878706,
    0.224328886615074,
    0.19404576606074914,
    0.2201692364812717,
    0.1909303038010817,
    0.18618923450270577,
    0.2045339355309285,
    0.1872036682372654
  ],