{
  "best_test_loss": 0.0055856585858212295,
  "best_f1_test": 0.9988641895180919,
  "best_acc_test": 0.9988641895180919,
  "best_valid_loss": 0.00041654191503522585,
  "best_f1_valid": 1.0,
  "model_save_name": "model",
  "is_univariate": true,
  "dataset_name": "Wafer",
  "network_arch": "Inception",
  "seed": 8,
  "best_train_loss": 1.6625019425579073e-05,
  "batch_size": 64,
  "learning_rate": 0.0008469997288214625,
  "epochs": 500,
  "patience": 30,
  "min_loss_improvement": 0,
  "epoch_model_saved": 72,
  "optimizer": "Adam",
  "criterion": "NLLLoss",
  "optimization_losses": [
    0.0011843002397636246,
    0.0016746077538422768,
    0.0010366677709304048,
    0.0011181227335382302,
    0.0009291591530299641,
    0.000975045150342303,
    0.00041654191503522585,
    0.0009709727476986325,
    0.0009675225944907716,
    0.0011689807929180453
  ],
  "best_train_losses": [
    0.2166754733164209,
    0.058084467953458466,
    0.021140105751597492,
    0.008938374501106827,
    0.0040580105305798725,
    0.0014187032178879942,
    0.0009754933964637315,
    0.0006485559384135488,
    0.0005219660750135107,
    0.0004439935152200669,
    0.00038392329457236974,
    0.00033794405778524535,
    0.0003001057800856118,
    0.00026849359836292813,
    0.0002417951469205467,
    0.0002189729961433581,
    0.0001992818845913309,
    0.00018220588567133942,
    0.00016732231898301567,
    0.0001541855334719167,
    0.000142567970737159,
    0.0001322497806622983,
    0.00012305363275129394,
    0.00011482934363479294,
    0.00010741910589781571,
    0.00010073064714061846,
    9.466820995299727e-05,
    8.91384704043315e-05,
    8.408521166518284e-05,
    7.946468463331229e-05,
    7.521487256546475e-05,
    7.130182159910379e-05,
    6.769451538913704e-05,
    6.435152331539569e-05,
    6.126259126504831e-05,
    5.839353983910792e-05,
    5.5725159775494904e-05,
    5.324029949944341e-05,
    5.091971178715763e-05,
    4.874266878026158e-05,
    4.670605804200195e-05,
    4.479584136437584e-05,
    4.299874467904916e-05,
    4.130969796107847e-05,
    3.9721545894244536e-05,
    3.8219810891146644e-05,
    3.6805544856489046e-05,
    3.5465013248645196e-05,
    3.4198819709962024e-05,
    3.299651302483395e-05,
    3.185451229151489e-05,
    3.077102737369385e-05,
    2.9739045533832287e-05,
    2.8757076762032514e-05,
    2.781123331809804e-05,
    2.688329808925597e-05,
    2.5979991897157678e-05,
    2.50960893870177e-05,
    2.4246970928001438e-05,
    2.3438012509099542e-05,
    2.267758000677365e-05,
    2.1966421360745624e-05,
    2.129691913119257e-05,
    2.067116867081787e-05,
    2.007483349154796e-05,
    1.951030511539975e-05,
    1.8973849005545306e-05,
    1.8460687688890804e-05,
    1.797365957645069e-05,
    1.750081636621468e-05,
    1.7051866819527638e-05,
    1.6625019425579073e-05,
    1.621071302558031e-05,
    1.5812982471965698e-05,
    1.5431082550078334e-05,
    1.5063519115124804e-05,
    1.4709844287692914e-05,
    1.4366472900073312e-05,
    1.4038484734332438e-05,
    1.371885873413247e-05,
    1.3412673636418748e-05,
    1.311515098680053e-05,
    1.2826438660226528e-05,
    1.2547434250466591e-05,
    1.227963000354449e-05,
    1.2020339179794052e-05,
    1.1767171230517271e-05,
    1.1521470608848878e-05,
    1.1285028949828587e-05,
    1.105456156661252e-05,
    1.0832608137676553e-05,
    1.0616329739133292e-05,
    1.0405427070864768e-05,
    1.0200349676270983e-05,
    1.0000200632305936e-05,
    9.808266464747967e-06,
    9.621559116512662e-06,
    9.439332261148534e-06,
    9.259943261186482e-06,
    9.087573847896318e-06,
    8.920432003863044e-06
  ],
  "best_valid_losses": [
    0.2757850278224518,
    0.13133226213768237,
    0.014387450661088586,
    0.01177964134799752,
    0.002759867658036754,
    0.0024070135507134917,
    0.0019348404649413417,
    0.0018317706536748377,
    0.0020793197765298864,
    0.0016152230804509238,
    0.0014403469345662095,
    0.001343783327530078,
    0.0011909306682463833,
    0.0010812409139303166,
    0.0010159181367443175,
    0.0009578090581425526,
    0.0008980071756221928,
    0.0008486252787153164,
    0.0008098751008472943,
    0.0007720995548047156,
    0.0007393690944963195,
    0.0007118256309957867,
    0.0006868142606539939,
    0.0006646936770320919,
    0.0006442505101806807,
    0.000626706738185745,
    0.0006115010453424873,
    0.0005967054715242807,
    0.0005838940247956464,
    0.0005724807191229355,
    0.0005621094066885401,
    0.0005520908011229817,
    0.0005430657582571678,
    0.0005344032864949309,
    0.0005266944060090666,
    0.0005204038473253893,
    0.0005135237469000652,
    0.0005078146587400634,
    0.0005034319527302574,
    0.0004987922766711345,
    0.0004942768354072966,
    0.0004902413627959916,
    0.00048595856840357956,
    0.0004822523280960755,
    0.00047911460406246996,
    0.00047601525870982075,
    0.0004726165866554426,
    0.0004691655497377335,
    0.00046633947771516064,
    0.00046329214558170687,
    0.00045970810119050934,
    0.0004564757248577798,
    0.00045351257810141227,
    0.0004507450278276396,
    0.00044814499748479565,
    0.0004450736993198034,
    0.00044173184735190083,
    0.0004382696411763635,
    0.0004347521886501368,
    0.00043248841447578103,
    0.0004308043965950072,
    0.000428907811117064,
    0.00042744933008537407,
    0.00042490945682841435,
    0.0004232836290159401,
    0.00042267749320409567,
    0.0004222979749359713,
    0.00042068210092536596,
    0.0004194526147389003,
    0.00041821736237186236,
    0.00041701163023000974,
    0.00041654191503522585,
    0.0004173053990435524,
    0.000417802691891435,
    0.0004183393942012977,
    0.0004183667684918335,
    0.00041882274215153013,
    0.0004197504893079044,
    0.0004202121458683226,
    0.0004206105279751062,
    0.0004201098166398046,
    0.00042031783498406813,
    0.0004212043486053906,
    0.00042217178066150055,
    0.0004228967500816296,
    0.00042337354684537215,
    0.0004240074701999731,
    0.00042495017211438075,
    0.0004251976270742448,
    0.00042555502459526456,
    0.00042633124627824526,
    0.00042810332031614453,
    0.00042994927992987496,
    0.0004304462341470884,
    0.00043076355430557173,
    0.00043204503426795554,
    0.00043325676176042105,
    0.00043413090595968424,
    0.0004354671006221997,
    0.0004361916803091433,
    0.00043684475476585245
  ],
  "data_normalization_method": "standard",
  "normalization_parameters": {
    "mean": -1.064256083058393e-10,
    "std": 0.9967050981389439
  }
}