{
  "best_test_loss": 0.4949419986921718,
  "best_f1_test": 0.7799752781211372,
  "best_acc_test": 0.7799752781211372,
  "best_valid_loss": 0.22647395453312047,
  "best_f1_valid": 0.9105914718019257,
  "model_save_name": "model",
  "is_univariate": true,
  "dataset_name": "FordB",
  "network_arch": "ViT",
  "seed": 28,
  "best_train_loss": 0.14628783301892273,
  "batch_size": 64,
  "learning_rate": 0.0009940729271784674,
  "epochs": 500,
  "patience": 30,
  "min_loss_improvement": 0,
  "epoch_model_saved": 12,
  "optimizer": "Adam",
  "criterion": "NLLLoss",
  "optimization_losses": [
    0.2760199840081935,
    0.33315590597904365,
    0.3334783146765078,
    0.3345572359378269,
    0.31048880027609643,
    0.27467882153584505,
    0.22647395453312047,
    0.3093974819250579,
    0.26997963518437196,
    0.30769575306277164,
    0.27276053622959406,
    0.3337609630175437,
    0.36935904790151564,
    0.30831861922304765,
    0.2720653463303633,
    0.27603897878687517,
    0.3730975188817086,
    0.3010308608474233,
    0.3151473450939462,
    0.3048618271065545,
    0.2770632882352708,
    0.288307935655363,
    0.28890167281257073,
    0.22731275854445226,
    0.2713126648407035,
    0.3506346692163318,
    0.277974313563133,
    0.2895420226057097,
    0.2790697870015114,
    0.22721063687966975
  ],
  "best_train_losses": [
    0.6127371311269731,
    0.332268824644561,
    0.30633633597107013,
    0.252118921714439,
    0.23654259909379924,
    0.21255416194543222,
    0.19790484546139284,
    0.17660372867216925,
    0.17874898899864133,
    0.15042711337298115,
    0.11582622311732628,
    0.14628783301892273,
    0.11896023555995673,
    0.10541981805571991,
    0.10716413834645955,
    0.08494628206448837,
    0.08312334412352747,
    0.09121157694223658,
    0.06521127115745493,
    0.09578915861431392,
    0.08281156629774888,
    0.06686176006083967,
    0.06664677092387883,
    0.06706789656551208,
    0.04901762688955218,
    0.05193151310701154,
    0.05941660677376197,
    0.05610705949007399,
    0.06996095549837882,
    0.05480009189036968,
    0.040329210692376126,
    0.08116888582829432,
    0.04641708169014615,
    0.025866899994218612,
    0.04366083999524377,
    0.03488755455955433,
    0.05474753122894603,
    0.05195903473698945,
    0.05288350822960002,
    0.02485807811357132,
    0.04570955016549057
  ],
  "best_valid_losses": [
    0.3691976234788252,
    0.30691194487159157,
    0.3356917863493936,
    0.2925087792550353,
    0.2920759313290188,
    0.30353047529637733,
    0.27601767766918406,
    0.2849087091021885,
    0.289427646088633,
    0.33009182955900607,
    0.3527826795654251,
    0.22647395453312047,
    0.2776476824259004,
    0.2751885359438118,
    0.32402860585400295,
    0.3484447192621034,
    0.2996517401367959,
    0.24955228053064096,
    0.6118166965664334,
    0.340109123570391,
    0.36921240137236644,
    0.296080036578185,
    0.41966066589422696,
    0.3143003489899012,
    0.35733496464348236,
    0.36168468715892044,
    0.3926318494661966,
    0.4213334306398153,
    0.3903624722132001,
    0.38970149551329947,
    0.39044407075668136,
    0.3584806829321991,
    0.41721545608696287,
    0.4349575289505876,
    0.3597223747398658,
    0.3969262447285029,
    0.4793159322918199,
    0.3671537752287588,
    0.33502709560168004,
    0.479019782258687,
    0.4077404200456821
  ],
  "data_normalization_method": "standard",
  "normalization_parameters": {
    "mean": -8.025888710833714e-12,
    "std": 0.9989994995286607
  }
}