{
  "best_test_loss": 0.4752711438572746,
  "best_f1_test": 0.8405438813349814,
  "best_acc_test": 0.8405438813349815,
  "best_valid_loss": 0.14533236012006231,
  "best_f1_valid": 0.9449793672627235,
  "model_save_name": "model",
  "is_univariate": true,
  "dataset_name": "FordB",
  "network_arch": "Inception",
  "seed": 21,
  "best_train_loss": 0.020983569254199405,
  "batch_size": 64,
  "learning_rate": 2.9992501139619457e-05,
  "epochs": 500,
  "patience": 30,
  "min_loss_improvement": 0,
  "epoch_model_saved": 35,
  "optimizer": "Adam",
  "criterion": "NLLLoss",
  "optimization_losses": [
    0.15256059686288218,
    0.15748157031434437,
    0.14791134995968175,
    0.15740009203573696,
    0.14866535507009315,
    0.14533236012006231,
    0.15227665796240553,
    0.15311390833808763,
    0.14939928181889625,
    0.15365983383855597
  ],
  "best_train_losses": [
    0.466856320384772,
    0.21937543614940433,
    0.18328475614976358,
    0.16809076827116812,
    0.1581145596614894,
    0.14983112410100324,
    0.14294217377286172,
    0.13679773393798073,
    0.13115143688316194,
    0.12628060063805835,
    0.12146458907521739,
    0.11679552361225655,
    0.11242791907310978,
    0.10798464021152282,
    0.10360560708895757,
    0.09912632287388982,
    0.09435339591003432,
    0.08991590233973165,
    0.08557735932311952,
    0.08092489059209988,
    0.07626760809168609,
    0.07161277734983246,
    0.06669350374782101,
    0.06124074337043206,
    0.05575140996322425,
    0.050752258972307104,
    0.04596469551965369,
    0.04121492461825335,
    0.03691499088820393,
    0.032809002437671084,
    0.029425113126917382,
    0.02592497291440526,
    0.02381266934279624,
    0.02154356800724318,
    0.020983569254199405,
    0.02178639533514467,
    0.02098246649653232,
    0.016985361030366287,
    0.01575071315384858,
    0.013821005187429068,
    0.013560262170813702,
    0.01301506858420247,
    0.012666840371105723,
    0.012061743497108065,
    0.010514293952321088,
    0.012914572817438694,
    0.012799748224994113,
    0.013869387830416717,
    0.01179342422130911,
    0.010951899885593246,
    0.01012529407953267,
    0.009598631857916139,
    0.009676256190480709,
    0.00704842300264439,
    0.007425405355708409,
    0.007170737440956621,
    0.006751049854735007,
    0.007637743118181928,
    0.005850879775640136,
    0.006244742737325905,
    0.004863678420537716,
    0.00408521835140415,
    0.0030703332579081065,
    0.0024002218329792196
  ],
  "best_valid_losses": [
    0.4987914665529128,
    0.18708638504577962,
    0.16860446547051736,
    0.16225769136106133,
    0.16182498156286498,
    0.1649242830571643,
    0.1629686676570441,
    0.16137686691553096,
    0.16249804151599312,
    0.16176524549271742,
    0.16159042306090649,
    0.16435878489171624,
    0.16467416179885236,
    0.170154152947902,
    0.17752020739459598,
    0.19184921679831274,
    0.20216505575868746,
    0.2173815351568849,
    0.22185863421248603,
    0.2278923545201838,
    0.2364945521954821,
    0.2383636218153627,
    0.23622509427214916,
    0.2268914319626075,
    0.23327566029445013,
    0.23215189219504964,
    0.2142744419335335,
    0.18424897971966572,
    0.1601181261477149,
    0.14625573498510758,
    0.1462868211439912,
    0.15105771772471221,
    0.1610809365361724,
    0.18250638631875774,
    0.14533236012006231,
    0.24191271836524816,
    0.23147763875524477,
    0.2339183491394641,
    0.16146926145278112,
    0.16988337396591532,
    0.23025124769099312,
    0.5823225484753574,
    0.18330981585477701,
    0.18513772026872702,
    0.2573220733927237,
    0.2805707636692829,
    0.3473229181979677,
    0.3054261111245687,
    0.24548031141702215,
    0.16533841276759131,
    0.19966840891595392,
    0.2353932310659259,
    0.1817276034263338,
    0.2779389926459143,
    0.2231609051460413,
    0.1761748034819612,
    0.2247608244993008,
    0.19362595812654562,
    0.16214812572589438,
    0.1963630066121297,
    0.20860150747482845,
    0.17054830924024936,
    0.17253778913818002,
    0.17486516424189572
  ],
  "data_normalization_method": "standard",
  "normalization_parameters": {
    "mean": -8.025888710833714e-12,
    "std": 0.9989994995286607
  }
}