{
  "best_test_loss": 0.029396717324180664,
  "best_f1_test": 0.9949699821515495,
  "best_acc_test": 0.9949699821515495,
  "best_valid_loss": 0.0017421201250251773,
  "best_f1_valid": 1.0,
  "model_save_name": "model",
  "is_univariate": true,
  "dataset_name": "Wafer",
  "network_arch": "MLP",
  "seed": 28,
  "best_train_loss": 0.0018619511470946723,
  "batch_size": 64,
  "learning_rate": 0.00044467164463991404,
  "epochs": 500,
  "patience": 30,
  "min_loss_improvement": 0,
  "epoch_model_saved": 38,
  "optimizer": "Adam",
  "criterion": "NLLLoss",
  "optimization_losses": [
    0.00422942153391294,
    0.004571545501332267,
    0.004086696267688638,
    0.004511003598538389,
    0.004708926640543624,
    0.004158443087000696,
    0.004137648654110099,
    0.004029516868562026,
    0.0017421201250251773,
    0.004323869598427074
  ],
  "best_train_losses": [
    0.434539193833681,
    0.2247494576792968,
    0.17305575232756765,
    0.13996583275627672,
    0.11880913352533091,
    0.0948676364426326,
    0.0744543293477001,
    0.05543586991746025,
    0.0384184542417825,
    0.033885730775936804,
    0.03380970945371721,
    0.024733253485082013,
    0.01753641998764118,
    0.017271047364686962,
    0.014660770807037116,
    0.020919117298126594,
    0.010058092166022527,
    0.007258883143488066,
    0.017286164156233606,
    0.011514012769791285,
    0.007276837056663756,
    0.005614237944457801,
    0.003893476934814102,
    0.0030864192616955415,
    0.007299648938621196,
    0.0008950530978667791,
    0.002545371965591546,
    0.008763008922352199,
    0.0018937330343468783,
    0.001270675776411959,
    0.0020138311526550793,
    0.0012008602670242165,
    0.001005691981580888,
    0.003218225823898559,
    0.0017942847037997318,
    0.0020721349588018797,
    0.00210995814572777,
    0.0018619511470946723,
    0.0010223164035710226,
    0.0010717270556950527,
    0.0002877211891382445,
    0.0013496594427370543,
    0.0005055716740441442,
    0.005325966285709639,
    0.0005820772393529577,
    0.00564286087459445,
    0.0004066838066574931,
    0.00039321961592572724,
    0.005726997719399894,
    0.0047767586125828845,
    0.0035591145565730103,
    0.004779451618890542,
    0.0002985508199618154,
    0.0014534291067611366,
    0.00030678817884086074,
    0.00036515771389394674,
    0.0072401895495546285,
    0.0026127124925496765,
    0.0015267737946628938,
    0.006469142205703594,
    0.002070048253127323,
    0.00233416777134898,
    0.007671853056112433,
    0.001199242846027424,
    0.0006082158353231883,
    0.0011687061240521607,
    0.0006899354960029784
  ],
  "best_valid_losses": [
    0.2636234472640118,
    0.2063751371938791,
    0.16172240726390288,
    0.13358381346090517,
    0.10552487444521776,
    0.08176104316663979,
    0.06448100751905299,
    0.046154281467347597,
    0.03277644913513862,
    0.02278932350784985,
    0.022634383967489152,
    0.012034666344560498,
    0.009008795463141813,
    0.007180746151273375,
    0.009924814575328608,
    0.01416914931623571,
    0.005721584070168102,
    0.006063118160572552,
    0.016358137115678607,
    0.006548130365820666,
    0.005025196967609412,
    0.007314179287829543,
    0.007441368489468294,
    0.009319740018155194,
    0.010453032153752395,
    0.009362151695413061,
    0.00480820119011144,
    0.005013932596454258,
    0.008609448707780097,
    0.011787453687397082,
    0.015812788471123156,
    0.00653995646446751,
    0.004874574218114169,
    0.003461890430795637,
    0.002972027618377626,
    0.0033975475208485725,
    0.027479287299715747,
    0.0017421201250251773,
    0.0021921882689005983,
    0.008915495726746735,
    0.011778046445916648,
    0.0029200928749008232,
    0.0021128169290801197,
    0.003630801475920087,
    0.018072033567998132,
    0.005037585065803063,
    0.0045699628796108446,
    0.004869799866400855,
    0.020391559654632345,
    0.048673004891692406,
    0.003084888291510172,
    0.006012751083493532,
    0.011919943842679174,
    0.008125682853238884,
    0.008920552635875842,
    0.00793532766032178,
    0.010091771292459655,
    0.024390056264383925,
    0.006597507138335753,
    0.039511291823508154,
    0.033422079210452725,
    0.005947707753608909,
    0.04145668394398198,
    0.09327636792034748,
    0.0479576615749755,
    0.019947101081237435,
    0.01255408303359444
  ],
  "data_normalization_method": "standard",
  "normalization_parameters": {
    "mean": -1.064256083058393e-10,
    "std": 0.9967050981389439
  }
}