{
  "best_test_loss": 0.05541010773339386,
  "best_f1_test": 0.994807723511277,
  "best_acc_test": 0.994807723511277,
  "best_valid_loss": 6.492430849396247e-06,
  "best_f1_valid": 1.0,
  "model_save_name": "model",
  "is_univariate": true,
  "dataset_name": "Wafer",
  "network_arch": "ViT",
  "seed": 19,
  "best_train_loss": 1.1072552575355449e-05,
  "batch_size": 64,
  "learning_rate": 0.0005191790413794154,
  "epochs": 500,
  "patience": 30,
  "min_loss_improvement": 0,
  "epoch_model_saved": 247,
  "optimizer": "Adam",
  "criterion": "NLLLoss",
  "optimization_losses": [
    0.022691286148142014,
    0.0005125048274518366,
    6.492430849396247e-06,
    6.776054302028922e-05,
    0.0011712924507214914,
    0.021489038253759047,
    0.00020701032848936037,
    0.002806182309582051,
    0.0011201748288229608,
    0.005158484140492105
  ],
  "best_train_losses": [
    0.41194571326848556,
    0.28129988300023523,
    0.1813779114033644,
    0.13826992129323476,
    0.10294835207829799,
    0.06801052697768487,
    0.058492188857760946,
    0.03505340276372369,
    0.02183950071533521,
    0.019224865371384715,
    0.016723138571980604,
    0.014698393366306572,
    0.00807291299062676,
    0.006631204478248935,
    0.010344061667022569,
    0.0017690207449751988,
    0.006482058636818482,
    0.0146292454970389,
    0.004085864432338149,
    0.01142037002749643,
    0.00821879149891931,
    0.0057788554944896275,
    0.002171500727480609,
    0.007657101086806506,
    0.011813099141277018,
    0.00835726531525901,
    0.002526140836578675,
    0.0008242210250156454,
    0.0005868150826945042,
    0.0005307363041030024,
    0.005550740106468366,
    0.0052905404928722715,
    0.004247961479488919,
    0.011486301832394161,
    0.02366324225884108,
    0.012113905292241262,
    0.00649893267256999,
    0.004907825572199111,
    0.0016931360755973544,
    0.0006340343543365691,
    0.000444593874797141,
    0.0005212645491358724,
    0.0003374264258097736,
    0.00034149397146493606,
    0.00029653913334460187,
    0.00029616550876342346,
    0.00025579255217374685,
    0.0002509159798442706,
    0.00022352475586597036,
    0.0002293267153027843,
    0.00021854311163317796,
    0.00020926216911036698,
    0.014119865606118222,
    0.015841841217953793,
    0.0016389901847969554,
    0.0009088747920077481,
    0.0005629296942070164,
    0.0004134440086248044,
    0.000495269788396463,
    0.0007398895682845227,
    0.00031525098018022604,
    0.0003569065492158466,
    0.00031757557029832376,
    0.00020575217950364393,
    0.0001868207966760011,
    0.00019898813755168606,
    0.0001669923477222032,
    0.00016935078059859983,
    0.0001768438320724821,
    0.00017374671525820822,
    0.00014395445626754814,
    0.00013230847577590094,
    0.00013640106832249707,
    0.00013411440864674522,
    0.00013011828260621719,
    0.00012006007967473598,
    0.0001273097080053974,
    0.00011085718689631685,
    0.00010930561705420662,
    0.00010683508050822907,
    0.00011051578585374726,
    0.00010681004014509825,
    0.00010395173203984374,
    9.733536649777794e-05,
    9.085154895382446e-05,
    8.913817674923516e-05,
    8.666645712160825e-05,
    8.446351510652325e-05,
    8.509730234760254e-05,
    8.119655716367753e-05,
    7.88110947065151e-05,
    7.949380845897586e-05,
    7.57087975563038e-05,
    7.439260385800117e-05,
    7.414146463467242e-05,
    8.458949926085793e-05,
    7.161048682732449e-05,
    7.481069268234526e-05,
    6.497946457982875e-05,
    6.437383378117128e-05,
    6.555097075433057e-05,
    6.384012011582392e-05,
    6.26908727726207e-05,
    6.078253438162914e-05,
    6.539155663831981e-05,
    5.781734126459814e-05,
    5.765297306028433e-05,
    7.406309282430214e-05,
    5.445080631645105e-05,
    5.281433110021202e-05,
    5.499425438337173e-05,
    7.10818211630163e-05,
    5.211377887882147e-05,
    4.962823003550051e-05,
    4.9277350116059547e-05,
    5.271141342741419e-05,
    4.749911271286883e-05,
    4.6644694356972536e-05,
    4.599560657939185e-05,
    4.987448137444631e-05,
    4.512081461216622e-05,
    4.8604786661827006e-05,
    4.391576074700415e-05,
    4.16657268286322e-05,
    4.393200302765854e-05,
    4.1385169778069375e-05,
    4.1791511851495345e-05,
    4.000053903333642e-05,
    3.939829525677254e-05,
    3.9042814689155035e-05,
    3.8058943498338736e-05,
    4.0640484944002276e-05,
    3.76165744478442e-05,
    3.676212077893557e-05,
    3.77620206581969e-05,
    3.5624753287439014e-05,
    3.584087689180758e-05,
    3.529613132925995e-05,
    3.5218866636076786e-05,
    3.432436957031916e-05,
    3.3625537296866515e-05,
    4.087566315532133e-05,
    3.3217563754064905e-05,
    3.199913204699535e-05,
    3.160684253745607e-05,
    3.0838027755851815e-05,
    3.1110591510498086e-05,
    3.0394407929037115e-05,
    2.9930973216966566e-05,
    3.320348697345713e-05,
    2.9171653961229433e-05,
    3.0093903289051648e-05,
    2.8593885571511174e-05,
    2.9286476851290415e-05,
    2.848767336698822e-05,
    2.7394661193560077e-05,
    2.730203154247387e-05,
    2.662135904259807e-05,
    2.757863607494666e-05,
    2.608818337869805e-05,
    2.602586874059684e-05,
    2.5379857115717697e-05,
    2.622877528986813e-05,
    2.4787921305924693e-05,
    2.43379484967782e-05,
    2.4005750204841454e-05,
    2.4019245323697326e-05,
    2.3608407405973003e-05,
    2.3103055537377488e-05,
    2.2856882223503472e-05,
    2.5547994521372418e-05,
    2.271851548799728e-05,
    2.2049620452151403e-05,
    2.1718315616809358e-05,
    2.2861918161770816e-05,
    2.2992515555882876e-05,
    2.2165021867461254e-05,
    2.1145243014339976e-05,
    2.046187530555599e-05,
    2.057849646951212e-05,
    2.0369986653311018e-05,
    2.0514708641466606e-05,
    1.9768887941973846e-05,
    1.9780496709552924e-05,
    2.0419238034376402e-05,
    1.9406617428828205e-05,
    1.97053592720502e-05,
    1.8647793526303158e-05,
    1.8379360172322212e-05,
    1.860161157816393e-05,
    1.8146612449967242e-05,
    1.8229481636416423e-05,
    1.768248349483321e-05,
    1.75230738966633e-05,
    1.7317832136545814e-05,
    1.739027163209738e-05,
    1.890228336002534e-05,
    1.6732273035727086e-05,
    1.7564541901851144e-05,
    1.65559889190395e-05,
    1.644440755015531e-05,
    3.776233253965824e-05,
    1.6178214445744172e-05,
    2.034249454776098e-05,
    1.567435393191321e-05,
    1.572447825237577e-05,
    1.9059132928920636e-05,
    1.5787486262796162e-05,
    1.4733558607548545e-05,
    1.7705739139870858e-05,
    1.501405716780048e-05,
    1.4394584226771112e-05,
    1.4484511199239513e-05,
    1.387909615141667e-05,
    1.415573624991911e-05,
    1.362738719462116e-05,
    1.360197874371232e-05,
    1.3378510278958027e-05,
    1.3949681431170901e-05,
    1.3449458134815623e-05,
    1.3187748239792732e-05,
    1.2947542068230036e-05,
    1.318763138226045e-05,
    1.2890313481782181e-05,
    1.2576471293467781e-05,
    1.2632035057842067e-05,
    1.2395423159193198e-05,
    1.804682601242601e-05,
    1.2055273294124407e-05,
    1.2072292470167809e-05,
    1.3654738659010546e-05,
    1.1972660377752509e-05,
    1.1709293727577724e-05,
    1.1535871624317834e-05,
    1.1742286942603813e-05,
    1.1514930732194176e-05,
    1.1675070016367716e-05,
    1.1438280950886265e-05,
    1.0961942200338582e-05,
    1.1401771989493908e-05,
    1.086513842901718e-05,
    1.0627330713513696e-05,
    1.0898142259373658e-05,
    1.052365409360074e-05,
    1.0573998251925503e-05,
    1.0395483495767507e-05,
    1.1072552575355449e-05,
    0.0004018621385400541,
    0.068513721410876,
    0.021410214739214433,
    0.004560292497123207,
    0.0003947459350857664,
    0.013524309837056282,
    0.019851835738306744,
    0.01651388142061861,
    0.023765250794790256,
    0.018170752370891097,
    0.033037334665968865,
    0.016789512614833944,
    0.005760311042127856,
    0.0026543492235110273,
    0.00131988828004814,
