{
  "best_test_loss": 0.15366163732988528,
  "best_f1_test": 0.9592668024439919,
  "best_acc_test": 0.9592668024439919,
  "best_valid_loss": 0.14620083760707936,
  "best_f1_valid": 0.9574468085106385,
  "model_save_name": "model",
  "is_univariate": true,
  "dataset_name": "NonInvasiveFetalECGThorax2",
  "network_arch": "Inception",
  "seed": 23,
  "best_train_loss": 0.031629426945432845,
  "batch_size": 64,
  "learning_rate": 9.298071355012573e-05,
  "epochs": 500,
  "patience": 30,
  "min_loss_improvement": 0,
  "epoch_model_saved": 260,
  "optimizer": "Adam",
  "criterion": "NLLLoss",
  "optimization_losses": [
    0.1727676841806858,
    0.3418357270829221,
    0.1673515204419481,
    0.15959390649136077,
    0.17497281603356626,
    0.21534973573177418,
    0.14620083760707936,
    0.24588394101629865,
    0.3152184163002258,
    0.4936286388559544
  ],
  "best_train_losses": [
    3.6944572054326157,
    3.4992011821529685,
    3.3171077706155354,
    3.166538424166842,
    3.027813566962515,
    2.9036790326038715,
    2.7802513773308952,
    2.6567206536894186,
    2.5502238719294126,
    2.433746950105304,
    2.3316362899370118,
    2.2336882841226844,
    2.1413557324205077,
    2.055193820304629,
    1.9758118260350768,
    1.8990231408925435,
    1.8295646287652698,
    1.7732316446572396,
    1.7111315823573088,
    1.6550619212657904,
    1.6052355123755804,
    1.545365729301812,
    1.4950150854555722,
    1.4462699596092723,
    1.401074591691613,
    1.3656108612253561,
    1.330457386548303,
    1.2931383704100372,
    1.2564314045875908,
    1.2180820461820736,
    1.1859852891527929,
    1.1546171420657627,
    1.1241859485796448,
    1.094324498509992,
    1.0635945353387362,
    1.0345027096574775,
    1.0108180337612342,
    0.9862065718195762,
    0.9642902795730639,
    0.9464539131561971,
    0.9303510909506073,
    0.909929730443157,
    0.8920022093822482,
    0.8756337087923427,
    0.8518167820851399,
    0.8319605651324011,
    0.8170774063842865,
    0.8041346359236176,
    0.7957673969188377,
    0.7969428376672306,
    0.7911158722634896,
    0.7541938841301039,
    0.7274470209698399,
    0.7109864835829611,
    0.6945686439393862,
    0.6847159944825497,
    0.675626120388047,
    0.6645343154773524,
    0.653478318528231,
    0.6455434160130341,
    0.638700259251236,
    0.633787407162151,
    0.6231526595475552,
    0.6116625698033304,
    0.594496473094065,
    0.581404169051478,
    0.5712108399695439,
    0.5633999169794338,
    0.5549861925090608,
    0.5432843560076732,
    0.5331015599628444,
    0.5235279764998403,
    0.5159560557787299,
    0.5109206679959742,
    0.5052688963088199,
    0.49563312501196954,
    0.4860997480652488,
    0.4820457573768042,
    0.4855588674335855,
    0.4828591445174254,
    0.4764156799373372,
    0.46183667858134503,
    0.44417673576615346,
    0.43677806248986545,
    0.4303278286358209,
    0.42856189621139895,
    0.42379879447790575,
    0.4158840418301748,
    0.40693581148259506,
    0.4012269901395766,
    0.3961653777058495,
    0.38464748403888643,
    0.37797834262911567,
    0.3694771761447715,
    0.36374939685963614,
    0.3590672125363132,
    0.3547734794110709,
    0.35043820455010644,
    0.3438803662591138,
    0.33873437042397175,
    0.33263400230538404,
    0.3299425752834795,
    0.3311534272120691,
    0.3326962058571804,
    0.3252509320213689,
    0.31667429062152364,
    0.3090381727449842,
    0.30769654623614345,
    0.309226387647031,
    0.30175909878540774,
    0.2908538979539047,
    0.2820993360925207,
    0.2753480211560021,
    0.26908557956811835,
    0.26386627025027887,
    0.25807395733458344,
    0.25315214491443405,
    0.24965452278217462,
    0.24624916624201912,
    0.24410154466279693,
    0.24188010445360725,
    0.24016902938181467,
    0.24011045710058676,
    0.23791833094681808,
    0.23708739220174532,
    0.23465360438769248,
    0.23043364325167842,
    0.2251939484489609,
    0.22199444616774983,
    0.21905412579391176,
    0.21623687365485678,
    0.21468095408617738,
    0.2123340132658698,
    0.2094902483221518,
    0.20449342913742394,
    0.19594295686784965,
    0.19069926559569042,
    0.18701375892630615,
    0.18463595114119524,
    0.18233208133147288,
    0.17924698534894812,
    0.17715352716072294,
    0.1748676419163873,
    0.1718886407983613,
    0.1690821096416267,
    0.16869169036980172,
    0.170560284244788,
    0.17139574079574704,
    0.1693524690063504,
    0.16516388185159975,
    0.16263442591241103,
    0.1563939275776343,
    0.15008768147657392,
    0.1490575777823583,
    0.15132250144648368,
    0.1520652306787748,
    0.15089134791851547,
    0.14837051508653692,
    0.1464848676755323,
    0.1439495097665157,
    0.1435865699899339,
    0.14348068123111318,
    0.14132575757764881,
    0.13952103701439109,
    0.14004012016096504,
    0.13515506914371098,
    0.1290971498624883,
    0.1256135088468176,
    0.12303666135614302,
    0.12376366131588848,
    0.12379848599454842,
    0.12189105982700453,
    0.12184355649586638,
    0.11919405858751678,
    0.1173203010177495,
    0.11537500496532242,
    0.1143852729515257,
    0.11363136329317043,
    0.11326030995474261,
    0.11232771387013514,
    0.1092807522340719,
    0.10673977054252393,
    0.10166409375827998,
    0.09805027427425371,
    0.09887299122510036,
    0.10087678391415723,
    0.10187096601366494,
    0.10427343397704297,
    0.10422747344228891,
    0.09818096752641742,
    0.09385366652236803,
    0.09617014063583741,
    0.0929227197648812,
    0.09035731074534414,
    0.08994677824374663,
    0.08810259328496682,
    0.0894394716796369,
    0.09288496731434251,
    0.09314165129545535,
    0.09085712744968924,
    0.08669589244703634,
    0.08435638980103562,
    0.08314123888482364,
    0.0820073595222083,
    0.08171785213131764,
    0.08092643727645937,
    0.08059163320121092,
    0.07449273130766791,
    0.07071849201542135,
    0.06907113340309574,
    0.06742295652146249,
    0.06589740404541108,
    0.06654903032828073,
    0.06854079587310448,
    0.07030983830756983,
    0.07219592101861495,
    0.06941386782554405,
    0.06192585851837444,
    0.058160097760397704,
    0.058909136676298254,
    0.05627264062797445,
    0.053155640133631034,
    0.05226272544859583,
    0.051275206613272575,
    0.04874880077973144,
    0.04648220528752261,
    0.04498546758374737,
    0.04396065468791917,
    0.04313695195274335,
    0.04198559954532082,
    0.04093814850539409,
    0.03976709237001517,
    0.039157804440725294,
    0.03855559677906591,
    0.03810307018338419,
    0.03758856984875044,
    0.03714869915457339,
    0.03661186053356757,
    0.0360683490864498,
    0.035551666002000666,
    0.03508284274169302,
    0.03471487984898974,
    0.03428433777454217,
    0.03390876847978364,
    0.033207264184972725,
    0.03282580822208819,
    0.032328138212350706,
    0.03208640162346758,
    0.032051468126669536,
    0.03215845754253596,
    0.03242720925077031,
    0.03300284595868157,
    0.033762979281913075,
    0.03546579495904861,
    0.0379569722969119,
    0.03879011963125651,
    0.0347193601558892,
    0.03165981705867943,
    0.03154274785416024,
    0.031629426945432845,
    0.02924833640597567,
    0.0269222551739486,
    0.026406257277850693,
    0.02652704577306606,
    0.02714757154579847,
    0.0264902913403643,
    0.02542749916164706,
    0.024821133017068755,
    0.024467977752106674,
    0.023959914511639053,
    0.023909101010060024,
    0.02375272448807536,
    0.024187344930757124,
    0.024304343145327593,
    0.024322801742124162,
    0.02458836857650955,
    0.024915536287033215,
    0.024571420770146356,
    0.02299675281347415,
    0.021044440535424005,
    0.020063352644789076,
    0.01960093948796381,
    0.019159396100483013,
    0.01897816047156184,
    0.018821907857366205,
    0.018707936729133675,
    0.018381562951143283,
    0.018771575980453908,
