{
  "best_test_loss": 0.33993970783324934,
  "best_f1_test": 0.8981670061099797,
  "best_acc_test": 0.8981670061099797,
  "best_valid_loss": 0.2905469644576945,
  "best_f1_valid": 0.8962765957446809,
  "model_save_name": "model",
  "is_univariate": true,
  "dataset_name": "NonInvasiveFetalECGThorax1",
  "network_arch": "ViT",
  "seed": 6,
  "best_train_loss": 0.23296680841241516,
  "batch_size": 64,
  "learning_rate": 0.0006478916818206252,
  "epochs": 500,
  "patience": 30,
  "min_loss_improvement": 0,
  "epoch_model_saved": 69,
  "optimizer": "Adam",
  "criterion": "NLLLoss",
  "optimization_losses": [
    0.46033166190411184,
    0.6709264681694356,
    0.34678148081962096,
    0.3260482067757465,
    0.36417065275476335,
    0.29164899410085476,
    0.33035904422719425,
    0.36374534571424444,
    0.36224365488011784,
    0.3418174132387689,
    0.6988197374851146,
    0.30136831643733575,
    0.4023111640138829,
    0.2905469644576945,
    0.3468722720095452,
    0.8251731573267186,
    0.3300688330163347,
    0.6659363254587701,
    0.33087556476288654,
    0.33246543623031455,
    0.306753675354288,
    0.29944914515982285,
    0.30708399415016174,
    0.3206290418797351,
    0.2911468160913346,
    0.30031235040502346,
    0.3102763510764913,
    0.2975204028981797,
    0.40042816641482903,
    0.29695536037708853
  ],
  "best_train_losses": [
    3.8185052856624924,
    3.454932202441711,
    3.019620428098731,
    2.755739515462729,
    2.4051540226309718,
    2.1608597632453046,
    1.902981259583254,
    1.7919610743780665,
    1.6710925236271037,
    1.5205285804672135,
    1.3737195640572006,
    1.284233975142387,
    1.2004095145454727,
    1.0822207112590443,
    1.025419018675723,
    1.0018907479643402,
    0.9722401963014127,
    0.9015789920397401,
    0.8430330517923673,
    0.7813186674409572,
    0.7895388208638592,
    0.7246502315126836,
    0.707621704124684,
    0.6454690860679932,
    0.64412245491568,
    0.7381263553719243,
    0.6022968893518602,
    0.5672355512456834,
    0.5794232664649451,
    0.5667968212678578,
    0.5523656130842315,
    0.5111768733676018,
    0.5396007691272446,
    0.5245240199591019,
    0.5059746079623322,
    0.4715146186983426,
    0.4213786761440698,
    0.44597202447293427,
    0.398835034968982,
    0.38154138311565716,
    0.3826913552140151,
    0.4097042566064538,
    0.41260403908857224,
    0.3532017475479686,
    0.35837904246064534,
    0.36343774515729677,
    0.3618822245009751,
    0.33666693458486757,
    0.3488822537916107,
    0.29548380420774284,
    0.3193412955512652,
    0.3856380126548333,
    0.34348205115203695,
    0.30517183138464676,
    0.3334188327161845,
    0.33475828713207956,
    0.29220324553659244,
    0.3050916744049217,
    0.3106230038911293,
    0.2860517203074815,
    0.259154885221935,
    0.2775148613638888,
    0.2857182350321211,
    0.277646698795903,
    0.2767106669726543,
    0.23536265385418983,
    0.24575090406230865,
    0.22017117508556838,
    0.23296680841241516,
    0.23977295440724428,
    0.21101666737716968,
    0.2346616274901703,
    0.2558276109915758,
    0.24033793114853508,
    0.23390389818669372,
    0.2518129466560971,
    0.27503939942624983,
    0.25942706601014875,
    0.27271493586619305,
    0.21549238716412494,
    0.21620422666100492,
    0.2233121225260884,
    0.25153825499080723,
    0.23258457822137454,
    0.22274594703193124,
    0.21070889185116648,
    0.22020031591368158,
    0.21891836499506037,
    0.2062178152866625,
    0.24473157765910564,
    0.2009037689254138,
    0.1911917502559245,
    0.2100533977391765,
    0.18225069568660673,
    0.1606342854764959,
    0.15676096081733704,
    0.18690412998911535,
    0.17119849682147453
  ],
  "best_valid_losses": [
    3.694454593861357,
    3.085220793460278,
    3.0203452161017883,
    2.4346649443849606,
    2.2567442275108176,
    1.8899622014228334,
    1.8551590011474934,
    1.7034216307579202,
    1.458300585442401,
    1.2685613682929506,
    1.3056659774577364,
    1.1743601738138403,
    1.0614624606802108,
    0.9803634349336016,
    1.009173717904598,
    1.0890019447245496,
    0.8659383794094654,
    0.7570659239241417,
    0.7126173947719817,
    0.7236511821442462,
    0.7267258890131687,
    0.683851124124324,
    0.6025271441074128,
    0.6248588980512416,
    0.6184110070796723,
    0.586542714149394,
    0.5737694958423046,
    0.6012958858875518,
    0.7325069371690142,
    0.6182890585128297,
    0.49956737300182913,
    0.4364948095159328,
    0.5164846613052043,
    0.5046882020666245,
    0.48964947588900304,
    0.4487250675546362,
    0.4100854713866051,
    0.5515655266477707,
    0.42749334523018373,
    0.44200423676916895,
    0.39743119858680886,
    0.4297556648863123,
    0.43314818372117714,
    0.3823629402099772,
    0.3760195792989528,
    0.4122887266443131,
    0.4537712386313905,
    0.35821958234969603,
    0.36829982476031525,
    0.4013495210637438,
    0.3877727021562292,
    0.3813366281225326,
    0.37729252589509843,
    0.31482417405919827,
    0.3616299286801764,
    0.398210827340471,
    0.3642450450582707,
    0.3367735743522644,
    0.3791371539552161,
    0.34401506629395995,
    0.33625470831039106,
    0.3387578199518488,
    0.35052431707686565,
    0.41921634242889727,
    0.4436364947481358,
    0.33132915610962727,
    0.3962019618521345,
    0.3325648992619616,
    0.2905469644576945,
    0.38076244389757197,
    0.36254182774969873,
    0.36227523202591755,
    0.37823150386201576,
    0.35059611213968156,
    0.3583555773217627,
    0.3886337736819653,
    0.5629851716630002,
    0.4140219320642187,
    0.40915425407125594,
    0.4133555851084121,
    0.37361292002048896,
    0.407371479146024,
    0.4494604379572767,
    0.43010445351296284,
    0.41843013560518305,
    0.36314876916560723,
    0.3494847036422567,
    0.37814235433619076,
    0.41942620911496753,
    0.45518321306147475,
    0.35206983571356915,
    0.34499754296972396,
    0.3701659345880468,
    0.35961717620809025,
    0.35806192235743745,
    0.32390176932862463,
    0.33126820021487297,
    0.40450246917440535
  ],
  "data_normalization_method": "standard",
  "normalization_parameters": {
    "mean": 0.00014899354114485957,
    "std": 0.9993330998615045
  }
}