{
  "best_test_loss": 0.1612861712574055,
  "best_f1_test": 0.9431387414708112,
  "best_acc_test": 0.9431387414708112,
  "best_valid_loss": 0.16665582358837128,
  "best_f1_valid": 0.9444444444444444,
  "model_save_name": "model",
  "is_univariate": true,
  "dataset_name": "FordA",
  "network_arch": "ResNet",
  "seed": 5,
  "best_train_loss": 0.14000797677371238,
  "batch_size": 64,
  "learning_rate": 9.390969828233541e-05,
  "epochs": 500,
  "patience": 30,
  "min_loss_improvement": 0,
  "epoch_model_saved": 14,
  "optimizer": "Adam",
  "criterion": "NLLLoss",
  "optimization_losses": [
    0.18014027244514888,
    0.1893465412987603,
    0.19523381259706285,
    0.16665582358837128,
    0.18261508544286092,
    0.17271699474917518,
    0.18885160353448655,
    0.18417366577519312,
    0.16982204119364422,
    0.17361552036470837
  ],
  "best_train_losses": [
    0.4348034209675259,
    0.28020527627733016,
    0.2417224884033203,
    0.22361703879303402,
    0.20809359898169835,
    0.19522999789979723,
    0.1849923974937863,
    0.1762308234969775,
    0.16943180710077285,
    0.16153391417529847,
    0.15531842923826641,
    0.1497822860876719,
    0.14482167470786306,
    0.14000797677371238,
    0.13658658779329724,
    0.13427004251215194,
    0.13140735626220704,
    0.1270778806673156,
    0.12302820558349291,
    0.12083670770128568,
    0.11967701647016737,
    0.11911561795406872,
    0.11692775413393974,
    0.1121990244421694,
    0.10443990810049905,
    0.10182961407634947,
    0.09732229403323597,
    0.09066799970136749,
    0.08767807367775175,
    0.0869034715824657,
    0.08846511153711213,
    0.09047128980358442,
    0.08450003316005071,
    0.080543352663517,
    0.07458341502481036,
    0.07170012758837806,
    0.06771171457237668,
    0.0640403774049547,
    0.05890878699719906,
    0.056305039756827886,
    0.059312632059057555,
    0.06105913395682971,
    0.05872790494726764
  ],
  "best_valid_losses": [
    0.4896317912472619,
    0.2889350288444095,
    0.2333785166343053,
    0.2395126011636522,
    0.22089194589191014,
    0.20748629106415642,
    0.19517022404405807,
    0.18005915813975865,
    0.17320472730530634,
    0.2066817277007633,
    0.20777049395773145,
    0.18385768201616076,
    0.17028466429975297,
    0.16665582358837128,
    0.17430970701906418,
    0.1824031048350864,
    0.18454065355989668,
    0.18843053844239976,
    0.18308721482753754,
    0.1909860799709956,
    0.2411965164873335,
    0.27765784925884673,
    0.3120824098587036,
    0.34234173231654697,
    0.21842773689164055,
    0.18475807640287611,
    0.20485000411669413,
    0.1879123399655024,
    0.21115170651011997,
    0.19651644031206766,
    0.20319667955239615,
    0.18847766518592834,
    0.2560998989476098,
    0.28126903507444595,
    0.2424829837348726,
    0.20962709486484526,
    0.17983541538318,
    0.18882726099756028,
    0.1928954283396403,
    0.19370307293203143,
    0.19646066294776068,
    0.19708886312113869,
    0.18398625254631043
  ],
  "data_normalization_method": "standard",
  "normalization_parameters": {
    "mean": -2.3081128410022225e-11,
    "std": 0.9989994995179163
  }
}