{
  "best_test_loss": 0.18089050433907636,
  "best_f1_test": 0.945010183299389,
  "best_acc_test": 0.945010183299389,
  "best_valid_loss": 0.21116676546157676,
  "best_f1_valid": 0.9308510638297872,
  "model_save_name": "model",
  "is_univariate": true,
  "dataset_name": "NonInvasiveFetalECGThorax2",
  "network_arch": "ResNet",
  "seed": 16,
  "best_train_loss": 0.03722132055922683,
  "batch_size": 64,
  "learning_rate": 0.0002397178714587714,
  "epochs": 500,
  "patience": 30,
  "min_loss_improvement": 0,
  "epoch_model_saved": 118,
  "optimizer": "Adam",
  "criterion": "NLLLoss",
  "optimization_losses": [
    0.2795954124724611,
    0.24168194291439463,
    0.3975151276334803,
    0.3024169168573745,
    0.21787112539118908,
    0.47551952968252464,
    0.21116676546157676,
    0.3069649192881077,
    0.39230713628708047,
    0.5001187743024623
  ],
  "best_train_losses": [
    3.6297267424917856,
    3.362455982937414,
    3.129261833634581,
    2.8963882128956113,
    2.6643313264143105,
    2.449638947247621,
    2.2348686373744813,
    2.0552747316621844,
    1.8882176061792435,
    1.7538039241973062,
    1.6320976439447195,
    1.5127705161368772,
    1.41296739487772,
    1.3258861487630549,
    1.240469241092009,
    1.1596538132542216,
    1.0963558162590692,
    1.0301229983086495,
    0.9749286795533717,
    0.9255101281157364,
    0.8759308931112122,
    0.8412030455685802,
    0.8024310939176269,
    0.7650782816525672,
    0.7368305159637145,
    0.7065665680844434,
    0.6841330875918133,
    0.6541037723285918,
    0.6257449040216874,
    0.5986230943668751,
    0.5713293676173612,
    0.5486489936280067,
    0.5291442856433437,
    0.5130725922881091,
    0.4927395670789275,
    0.47699833682784715,
    0.46339200304078954,
    0.4519429253342281,
    0.4441106019100503,
    0.43479893055501656,
    0.41712424429218614,
    0.4041989442963711,
    0.38867796183637726,
    0.383650978727401,
    0.36982382304092065,
    0.3567086385323477,
    0.34452088854720037,
    0.3345738698585052,
    0.32376542439237915,
    0.3146219516797377,
    0.3030532966155195,
    0.29124037426119526,
    0.2826527805497591,
    0.27888856991570515,
    0.27320472990343964,
    0.2658335961301982,
    0.253100145568918,
    0.2463343534893497,
    0.24293994823979895,
    0.2380114609790535,
    0.2331153627901285,
    0.22900086520364063,
    0.2250813050634075,
    0.22000548416304908,
    0.2206048946081545,
    0.21008921449170176,
    0.20588202136801065,
    0.19919462136018468,
    0.18692297627200397,
    0.1878799538082919,
    0.1879144546720484,
    0.18560388595787305,
    0.17929982025377866,
    0.16755725753324097,
    0.16179372339351697,
    0.15836482291395867,
    0.15067761330665708,
    0.14944415521177706,
    0.148545724028906,
    0.1434862104179737,
    0.13650031069991292,
    0.12785862267111608,
    0.12105023110113929,
    0.11899999089575702,
    0.1158961413830037,
    0.11544716235404691,
    0.11553164535920049,
    0.11324448591112588,
    0.10848377177718234,
    0.09707996402085037,
    0.09059298097647502,
    0.08869162213923809,
    0.08739757765338442,
    0.08679905235086707,
    0.08690183133002075,
    0.08674557140792077,
    0.08419700873752589,
    0.0814410421266911,
    0.08012234737660712,
    0.0805663922101322,
    0.07655550575882553,
    0.07185301362934116,
    0.07336947130260547,
    0.06959808319911769,
    0.06870854009291025,
    0.06669968713627303,
    0.06568242986742158,
    0.06043447643775003,
    0.057152650297442036,
    0.05481182298742795,
    0.050622009534129604,
    0.04759195076271588,
    0.04546825611310699,
    0.04385708110408304,
    0.04175713219439699,
    0.04163239563037121,
    0.03999256454434348,
    0.03722132055922683,
    0.03739975066037452,
    0.0385920129996513,
    0.03689271261102703,
    0.03376861683204927,
    0.033203280190541265,
    0.032886505516367695,
    0.033293015964313534,
    0.03310563656987749,
    0.03207706061315553,
    0.03290254988289391,
    0.03217682997661414,
    0.029600112863900747,
    0.028120952653773887,
    0.028248323622412943,
    0.02824440102066088,
    0.02865449040120262,
    0.03066640482261222,
    0.03168826439311219,
    0.031099977424644452,
    0.027895102660922374,
    0.026404700317247936,
    0.026427541581294692,
    0.025132306543187363,
    0.02499130318296035,
    0.04338683969539525,
    0.08311013523188177,
    0.08063779767008415,
    0.06909527800040018,
    0.05853306992177132
  ],