{
  "best_test_loss": 0.1574998610252761,
  "best_f1_test": 0.9531568228105907,
  "best_acc_test": 0.9531568228105907,
  "best_valid_loss": 0.11016926454736832,
  "best_f1_valid": 0.9627659574468085,
  "model_save_name": "model",
  "is_univariate": true,
  "dataset_name": "NonInvasiveFetalECGThorax2",
  "network_arch": "ResNet",
  "seed": 29,
  "best_train_loss": 0.0061033809086659995,
  "batch_size": 64,
  "learning_rate": 0.0002979510880006422,
  "epochs": 500,
  "patience": 30,
  "min_loss_improvement": 0,
  "epoch_model_saved": 194,
  "optimizer": "Adam",
  "criterion": "NLLLoss",
  "optimization_losses": [
    0.35783143246427496,
    0.33665466372002945,
    0.7604966569454112,
    0.46419028462247647,
    0.11016926454736832,
    0.5003216304677598,
    0.4618656470420513,
    0.4051130845191631,
    0.7935612138281477,
    0.24650268161550482
  ],
  "best_train_losses": [
    3.6163905698986683,
    3.3418640591104687,
    3.0653709080214244,
    2.7923181738890315,
    2.53367893074234,
    2.300420888778783,
    2.094489185557094,
    1.912771512904137,
    1.7607584835690506,
    1.641169039028594,
    1.528226402052171,
    1.4216906284666029,
    1.3278029293387352,
    1.2409847255584143,
    1.1682669799761796,
    1.102865211492848,
    1.0433821467471978,
    0.9795602786649891,
    0.9312068012007005,
    0.8833772829110071,
    0.8474258344020964,
    0.8123246317419132,
    0.7876506640470455,
    0.7600729362024694,
    0.7303667570701888,
    0.708829918254536,
    0.6787397769958472,
    0.6513800603859206,
    0.6317776180829955,
    0.6023136466553072,
    0.5753449543378593,
    0.5567186872304031,
    0.5509156112049302,
    0.5384938594160663,
    0.5161991050062428,
    0.48139874497853946,
    0.46107096099887024,
    0.4535969278591247,
    0.4323379244715583,
    0.4097442769577029,
    0.39963896947475025,
    0.39353586872614194,
    0.3893384699011385,
    0.3787762955595554,
    0.3616754000486828,
    0.346950629041468,
    0.3404116249804922,
    0.3346169757658716,
    0.3256151176470732,
    0.3099036163749279,
    0.31072136697975244,
    0.3145139631635273,
    0.30320092105815216,
    0.2843552229170722,
    0.26439661861973923,
    0.2568644500918063,
    0.252090444991225,
    0.24715085392549518,
    0.2488755985665137,
    0.24375291877097005,
    0.24477537381066794,
    0.24134391878200767,
    0.2340614458864119,
    0.23531783341272397,
    0.23261110665759652,
    0.2179784804572124,
    0.20649367036299227,
    0.19836213141260897,
    0.18907886121529388,
    0.1816606719049449,
    0.17852404713107092,
    0.1695915877672458,
    0.1626682137351847,
    0.16043661767256906,
    0.1600724171457036,
    0.15984857902297317,
    0.15850398397872922,
    0.15320608516708697,
    0.16284435580648843,
    0.15876662318063972,
    0.14785927505829932,
    0.1481030446621874,
    0.15514580153311044,
    0.13358528798449987,
    0.12619252773872247,
    0.1163561858409572,
    0.11489010781301048,
    0.11711270141448676,
    0.11960194865143475,
    0.10916691817191396,
    0.10366533769953025,
    0.10577207408944905,
    0.09939396330328869,
    0.10626977595198933,
    0.10572097443688193,
    0.0944347753989931,
    0.08374120437593127,
    0.0790211370545986,
    0.07798812297668284,
    0.07684674964679729,
    0.0738219127297213,
    0.06754728045788393,
    0.06708675388244156,
    0.06249428068196698,
    0.06144197199569566,
    0.06239032137351018,
    0.06384093457478206,
    0.06416354163596308,
    0.05984793616378927,
    0.05494590570007465,
    0.05549774149816303,
    0.051623667799098674,
    0.056560534068912746,
    0.05373912092327066,
    0.05172381437110675,
    0.04968957964838787,
    0.05212201068906908,
    0.05379740843184172,
    0.05540430070262976,
    0.05367723302045236,
    0.04815241112095616,
    0.05133534120088175,
    0.053017260971428726,
    0.05589520325262469,
    0.059343368837312754,
    0.06926962955529557,
    0.08116600606446524,
    0.05453174522713361,
    0.04576493976853699,
    0.051522660866322144,
    0.044726290387308944,
    0.039268718420469625,
    0.030558391836113856,
    0.02745558302561561,
    0.029671117972951706,
    0.027366824702046242,
    0.027589450985617353,
    0.026317208925509487,
    0.024711310720164133,
    0.02248469806254664,
    0.02299553920755075,
    0.022501421053988762,
    0.026166301658174164,
    0.020640686692346675,
    0.01803542288656406,
    0.016435546940552544,
    0.015153678671737645,
    0.014080367010487316,
    0.01334304668013208,
    0.01273467196367592,
    0.012219063300856677,
    0.01181429053394311,
    0.011351340351520252,
    0.01089093319807288,
    0.010618332633061448,
    0.010430496392505883,
    0.010311103941485265,
    0.010159769095316823,
    0.009921983058989121,
    0.009619827088896638,
    0.009320688689682562,
    0.00909884762050334,
    0.008912647519494948,
    0.008764843167822209,
    0.00859972011106179,
    0.008502094493295346,
    0.008400198524603155,
    0.008360720399599614,
    0.008289126212003778,
    0.008195872155645795,
    0.008035756446498375,
    0.007786243283356725,
    0.007486057604544613,
    0.0072356841181033795,
    0.00707299806835694,
    0.00692915288290992,
    0.006824456296831065,
    0.006718172117457768,
    0.006599742124997241,
    0.0065452761930765,
    0.006542793150797476,
    0.006517384279007518,
    0.00640869480233773,
    0.006275689093892162,
    0.006195984885177705,
    0.006185193811834529,
    0.006189501761555022,
    0.006162814871235918,
    0.00614728578673944,
    0.006376572412249547,
    0.006300389206296099,
    0.00619323253850842,
    0.006121878518093998,
    0.0061033809086659995,
    0.006522599518697026,
    0.007122856311209484,
    0.2250121074584028,
    0.5028018041848299,
    0.35440265381537267,
    0.25464169675836407,
    0.1904061114492755,
    0.15843588090747154,
    0.1468587304535502,
    0.09833105988093689,
    0.0814727655456821,
    0.060325178805966446,
    0.044737533828504095,
    0.03906544689966061,
    0.03852499088237111,
    0.03495799656630149,
    0.03478881778085548,
    0.02913445534246096,
    0.022886868464176032,
    0.021393041046910925,
    0.01910896524060478,
    0.01697326915925048,
    0.013967838413222775,
    0.01323929041963089,
    0.014169244195000175,
    0.014358982721308295,
    0.013586870743811277,
    0.013377292277239059,
    0.012556919806786745
  ],