{
  "best_test_loss": 0.15049013122157506,
  "best_f1_test": 0.9546843177189409,
  "best_acc_test": 0.9546843177189409,
  "best_valid_loss": 0.15509509025736057,
  "best_f1_valid": 0.9441489361702128,
  "model_save_name": "model",
  "is_univariate": true,
  "dataset_name": "NonInvasiveFetalECGThorax1",
  "network_arch": "ResNet",
  "seed": 29,
  "best_train_loss": 0.0033202887883669032,
  "batch_size": 64,
  "learning_rate": 0.0002652722531783318,
  "epochs": 500,
  "patience": 30,
  "min_loss_improvement": 0,
  "epoch_model_saved": 256,
  "optimizer": "Adam",
  "criterion": "NLLLoss",
  "optimization_losses": [
    0.5166731121692252,
    0.35959012140618996,
    0.3239045606014576,
    0.3058117773938686,
    0.6648692716943457,
    0.15509509025736057,
    0.45183876727489714,
    0.8222619333165757,
    0.8874729909795396,
    0.4883878446639852
  ],
  "best_train_losses": [
    3.614431394964394,
    3.3462624953652633,
    3.131876554944862,
    2.9202838186973095,
    2.6997666486283047,
    2.493558866409709,
    2.3013442874541186,
    2.1324870686085395,
    1.9764035910849662,
    1.85816612942321,
    1.7518434869681792,
    1.652041363029185,
    1.5571921329974123,
    1.472792957504283,
    1.4080709549045363,
    1.3519715530639456,
    1.2896354030071642,
    1.2316276434015743,
    1.1791458427277737,
    1.1313209365726105,
    1.081630131809626,
    1.0289971096701631,
    0.9851287914176936,
    0.9454632797713692,
    0.9080345202145741,
    0.8792717447183707,
    0.8482619565888684,
    0.811094621956893,
    0.7813164567913878,
    0.7629410094219617,
    0.7457897044032372,
    0.7330504931870767,
    0.7293688285459705,
    0.7200745693915174,
    0.7014786854480575,
    0.6751357465249421,
    0.6534712611581771,
    0.624362475840206,
    0.6007348861354217,
    0.5827203242609557,
    0.561139435162447,
    0.5482393332291722,
    0.536410657792383,
    0.5348098101912463,
    0.5280309132053579,
    0.5202144384803021,
    0.5071577539095473,
    0.4845859793944838,
    0.47082834947888313,
    0.46168465174090584,
    0.4511282460336022,
    0.4455284476803795,
    0.4372961242812164,
    0.42668312381709533,
    0.41873390947482325,
    0.4135635553617672,
    0.40468459447043426,
    0.3997413384311231,
    0.388515628659633,
    0.37684801321421724,
    0.3677239131839528,
    0.35876883330767373,
    0.3463869526071274,
    0.3465392947490167,
    0.33489454209343783,
    0.3207252479131508,
    0.31473032741670615,
    0.3126753238373379,
    0.31821844458203036,
    0.31414955125588895,
    0.297121805995598,
    0.29282080833960483,
    0.2866051834775626,
    0.2734329325375386,
    0.2666381091528683,
    0.2554878514372624,
    0.24316424077988005,
    0.24286295973596989,
    0.24156531526622685,
    0.2323515523259102,
    0.22895916629365357,
    0.2267074265575543,
    0.2242646069067595,
    0.2157163210972379,
    0.2080357011645844,
    0.21005788702028197,
    0.20364092810842577,
    0.19118996709061606,
    0.1879204688718096,
    0.18385990200667673,
    0.1812952712272475,
    0.17820008587058128,
    0.1749339265852266,
    0.17201377554042022,
    0.16836993814886497,
    0.1625290366749653,
    0.15747249097637284,
    0.1528394832913924,
    0.15069629971883033,
    0.14464949956523726,
    0.1431067238966931,
    0.1380808283499614,
    0.13886740230133812,
    0.13916332721029548,
    0.1392296111147042,
    0.137936691354989,
    0.13624955922134813,
    0.12979621996740515,
    0.1270346890844389,
    0.12245015081382099,
    0.12188351715346163,
    0.12338633882176349,
    0.11985587231024251,
    0.11378981441636364,
    0.10597265642646829,
    0.09965559271591613,
    0.10059498483740521,
    0.09890897025943891,
    0.0922082124889232,
    0.0910961187286898,
    0.09632778830449303,
    0.09963880745839336,
    0.09983028846355031,
    0.09033094125178735,
    0.08519961258484206,
    0.07437345941727085,
    0.07203461401536275,
    0.0710429603067696,
    0.06809252089129018,
    0.06851695995000326,
    0.07296264232859508,
    0.07806802024503284,
    0.08240026347496228,
    0.07863517751811218,
    0.06753517141093147,
    0.06521675099035593,
    0.0620901127210383,
    0.05532283137355442,
    0.049095822719415975,
    0.052208164289269075,
    0.052080679315097175,
    0.04810130828369778,
    0.04874246874045337,
    0.06461351578080017,
    0.0641191070788106,
    0.055809808434239175,
    0.04815091051289567,
    0.046805232710277665,
    0.0463110339407006,
    0.05363191984389671,
    0.042878153936142915,
    0.0434889897386048,
    0.04176136656145311,
    0.04175889280900223,
    0.04195068470835267,
    0.044039392561762376,
    0.039011318105693776,
    0.037992316057993254,
    0.033698716960737424,
    0.03237507933029513,
    0.0319149638922101,
    0.03190048648409666,
    0.030380537096628277,
    0.030634897022140922,
    0.030468957593568973,
    0.02750414413369234,
    0.024918115874183005,
    0.023452292038396116,
    0.02408300516099387,
    0.026213584105187707,
    0.023702301569963665,
    0.023365431652062077,
    0.045447772786345854,
    0.10369239166609351,
    0.07059271665301779,
    0.05481891214483675,
    0.03312610330725074,
    0.028774867533920143,
    0.027887981255078662,
    0.02253872990766599,
    0.02113881119535431,
    0.02395092886960944,
    0.021064463804867997,
    0.018558948720299437,
    0.016458593834471676,
    0.014544011744227488,
    0.013489338374308567,
    0.012681162354090655,
    0.012249662748159015,
    0.011946294571744908,
    0.011843258370851505,
    0.011788763153646208,
    0.011742204676257239,
    0.01163411323139503,
    0.011425289888921877,
    0.011202146920937723,
    0.01100514174844135,
    0.010890610866544432,
    0.010693601204327144,
    0.010364066051857223,
    0.009992005039420103,
    0.009597776079051674,
    0.009113607503236837,
    0.008564427118677742,
    0.008065961338141154,
    0.007678855946176251,
    0.0074047215171001235,
    0.007240276260613002,
    0.00711362811511622,
    0.007032997127051661,
    0.006941316859241646,
    0.00684589807903597,
    0.006745874972553244,
    0.006654205375520522,
    0.006565049799350277,
    0.006505173024474706,
    0.0064372407964241605,
    0.006376779066544034,
    0.006296013533455161,
    0.006203892960482116,
    0.0060942371862463375,
    0.005961321625719142,
    0.005794623372791622,
    0.005599504541975491,
    0.005386997838681322,
    0.005218393163616787,
    0.005080801236426205,
    0.0049954606661898986,
    0.0049121784186514274,
    0.0048580126015852956,
    0.004810479014489514,
    0.004775885239116539,
    0.004742825958479879,
    0.0047152594560776915,
    0.004687855358367088,
    0.004675160886331063,
    0.0046512606663849316,
    0.004619256115190617,
    0.004579926236795729,
    0.004537221462104551,
    0.004478611278894815,
    0.004417406095817518,
    0.0043398247330952815,
    0.004236724876091199,
    0.004137588449238746,
    0.004031184785122357,
    0.003912896645754099,
    0.003812821745579291,
    0.0037237508600421946,
    0.003646890011299284,
    0.003581535796623727,
    0.0035205526208375447,
    0.0034633617122832344,
    0.0034135236438869046,
    0.0033670525206940137,
    0.0033202887883669032,
    0.0032843223438995483,
    0.003242673186614104,
    0.0031993585275957334,
    0.0031547169584763917,
    0.003101242723441483,
    0.003049496747446996,
    0.0030008219382925273,
    0.0029531658311061646,
    0.002908346706082441,
    0.002869814173202276,
    0.002831953113058612,
    0.00280546913529993,
    0.002774580855448406,
    0.002739604148113523,
    0.002705939456140485,
    0.00267144766418906,
    0.002633472673041263,
    0.0026068077819046873,
    0.0026184134763300297,
    0.0027088520902232545,
    0.0027495357991691653,
    0.2776885416754014,
    0.7291780344759672,
    0.41854967751807926,
    0.2743042061918233,
    0.2066986888296279,
    0.1601129211904252,
