{
  "best_test_loss": 0.3599691095699361,
  "best_f1_test": 0.8971486761710794,
  "best_acc_test": 0.8971486761710794,
  "best_valid_loss": 0.3101956248283386,
  "best_f1_valid": 0.8936170212765957,
  "model_save_name": "model",
  "is_univariate": true,
  "dataset_name": "NonInvasiveFetalECGThorax1",
  "network_arch": "ViT",
  "seed": 9,
  "best_train_loss": 0.16201407671267937,
  "batch_size": 64,
  "learning_rate": 0.0009941416250598485,
  "epochs": 500,
  "patience": 30,
  "min_loss_improvement": 0,
  "epoch_model_saved": 104,
  "optimizer": "Adam",
  "criterion": "NLLLoss",
  "optimization_losses": [
    0.3783339300054185,
    0.330995611687924,
    0.5183795069126372,
    0.3732581595157055,
    0.6892421790894042,
    0.5487862508347694,
    0.46277106188713235,
    0.5831000741491926,
    0.3418254211862036,
    0.44075264385406004,
    0.3951564558008884,
    0.35590456394439046,
    0.35716487372175176,
    0.39542795242147244,
    0.6491070808248317,
    0.5186383394484825,
    0.4966740024850724,
    0.7627434857348179,
    0.3564504968359115,
    0.3846901667878983,
    0.33500133930368625,
    0.38344059218751625,
    0.3636222462704841,
    0.3473888965363198,
    1.012718971739424,
    0.33227362404478356,
    0.34923786749231056,
    0.3101956248283386,
    0.3636721854514264,
    0.33571398194800034
  ],
  "best_train_losses": [
    3.8309153907330877,
    3.486589465774622,
    3.0244988091630325,
    2.534621434402734,
    2.1942436376760646,
    1.9175489113855262,
    1.6856014361619447,
    1.533541839305398,
    1.4468780676412147,
    1.3598556127333759,
    1.3223148978937702,
    1.1558720717024653,
    1.037549514169016,
    0.9843655662978944,
    0.8777779258227398,
    0.8837562245712762,
    0.801316050392427,
    0.828932567875903,
    0.7433144196354832,
    0.701281428253324,
    0.6843002603159601,
    0.605130688204199,
    0.5531311104688021,
    0.5851542207026934,
    0.5634245556463093,
    0.5716555658060316,
    0.522662941578485,
    0.49295537721415433,
    0.5064252817287298,
    0.5013351398124213,
    0.5255103465627803,
    0.49438986624116554,
    0.45061891598761794,
    0.41791546834830406,
    0.42915430803241983,
    0.3558133331010313,
    0.36490260210157865,
    0.36440649324961305,
    0.3772463160380459,
    0.40624161953668064,
    0.3847487602364573,
    0.4394921761370007,
    0.41094297690032994,
    0.35671817341155765,
    0.35297079612608956,
    0.34187936029925114,
    0.35150062258781384,
    0.3292347430680222,
    0.3295560853420976,
    0.3265633459712784,
    0.33423123982534053,
    0.2828050281535716,
    0.2822532411285127,
    0.3071210883238411,
    0.3253112593881697,
    0.3035435955330091,
    0.3144796290870125,
    0.2646431067483323,
    0.27993656993331156,
    0.23894387318144697,
    0.32651298086323205,
    0.30792070506369656,
    0.27983531703516706,
    0.26457924156522383,
    0.3006137317532146,
    0.27566598989305074,
    0.26163065416747555,
    0.3322369684887368,
    0.27777360594364764,
    0.2765196209337539,
    0.25856900203106525,
    0.23614039698789763,
    0.23692485145590964,
    0.25576167973052927,
    0.24127446756929222,
    0.21648431516456001,
    0.2254374540572592,
    0.21671613538277795,
    0.2316375855652279,
    0.21222520515437873,
    0.225333546197339,
    0.22382016326035736,
    0.21762463888146888,
    0.20394941560206745,
    0.17822691283004852,
    0.19017816404599333,
    0.24775011689832155,
    0.17525257421520002,
    0.1739625233792957,
    0.16635034372081073,
    0.21242255846055477,
    0.2136254202645175,
    0.17073503999498973,
    0.17159068898591706,
    0.18508811840605585,
    0.25703385241921317,
    0.22640990283149107,
    0.18713671349130376,
    0.16725364076634652,
    0.1804154883920937,
    0.1974655891796777,
    0.2064125967628924,
    0.16887140463846548,
    0.16201407671267937,
    0.14360155493481763,
    0.14748869736587925,
    0.15950021261345393,
    0.14020178908415437,
    0.21890416248156333,
    0.17041928767477302,
    0.18533849594453566,
    0.19591816566565132,
    0.2300371497618172,
    0.1786728965004648,
    0.16038445919982497,
    0.17301738323959262,
    0.18055927039281802,
    0.16773258260623386,
    0.17712638905705153,
    0.16394967032898838,
    0.13420917330413157,
    0.13385283235965778,
    0.14556438366418478,
    0.15888978956621966,
    0.21529757953494347,
    0.16142201444588325,
    0.18530645857493766,
    0.17359740302249402,
    0.1555362053723379,
    0.14350198455631355,
    0.15426103257621918,
    0.15042763370405346,
    0.1501514407232121
  ],
  "best_valid_losses": [
    3.632821630924306,
    3.261181963250992,
    2.729218477898456,
    2.2548441481082997,
    1.9803631356421938,
    1.6591721037600904,
    1.4379369375553537,
    1.4060383071290685,
    1.2819061431478946,
    1.2975220020781173,
    1.2802237069353144,
    1.012048692145246,
    1.0392696045814676,
    0.8997353822626966,
    0.7892918104821063,
    0.8876200064699701,
    0.7668798502455366,
    0.7554446585634922,
    0.673255574195943,
    0.6474714849857574,
    0.6412406766668279,
    0.5763580608875194,
    0.5898754393800776,
    0.6725293841767819,
    0.5568176622086383,
    0.5552510543072477,
    0.5666144617060398,
    0.497347447466343,
    0.6419015209725563,
    0.6276456840494846,
    0.5275852046114333,
    0.5618554214213757,
    0.5099240611208246,
    0.45812801477756904,
    0.43045150092307555,
    0.46487666064120353,
    0.4817997229860184,
    0.4542995361571616,
    0.4425809795552112,
    0.516300214097855,
    0.5295746592765159,
    0.44895789090623245,
    0.4288176266436881,
    0.43205908828593315,
    0.4316996412074312,
    0.39421880372027135,
    0.39534034183684813,
    0.417660099394778,
    0.4772469198450129,
    0.45189097460280075,
    0.4365589529909986,
    0.4005506698121416,
    0.4117531135995337,
    0.47597515456219935,
    0.41817614119103613,
    0.35984955062257484,
    0.3877374846884545,
    0.4387291923482367,
    0.3737037270627123,
    0.48877005627814757,
    0.42657650151151294,
    0.4715993049296927,
    0.36281383671659106,
    0.4004784556145364,
    0.39568170080793663,
    0.36626491648085574,
    0.4687578944449729,
    0.4638003212340335,
    0.4261753495703352,
    0.3975181389362254,
    0.38618588574389195,
    0.4231584820341557,
    0.3979031208981859,
    0.41798077111548565,
    0.4123638538604087,
    0.3384968422828837,
    0.4201682254355005,
    0.36655115130099847,
    0.4083169457760263,
    0.3761396547581287,
    0.4506219397199915,
    0.38305060280130265,
    0.3694725879963408,
    0.38266349980171693,
    0.3479105234146118,
    0.5138165012319037,
    0.3330123633780378,
    0.32685744762420654,
    0.34885958407787565,
    0.4106578598631189,
    0.416935015866097,
    0.3989265586467499,
    0.3657099293901565,
    0.4042740857347529,
    0.3974470870291933,
    0.48131211640986993,
    0.40148122703775446,
    0.37245579983325716,
    0.3856766515589775,
    0.4690284437321602,
    0.37882709376355433,
    0.4062931956128871,
    0.3596583585789863,
    0.3101956248283386,
    0.3937411473152485,
    0.38412780584173,
    0.3441969777675385,
    0.3699714680935474,
    0.4039483869329412,
    0.4558747347365034,
    0.4395838671542229,
    0.43987607702295833,
    0.42206758007090145,
    0.4312109262385267,
    0.48075663282516157,
    0.43640383380524655,
    0.37163154749160116,
    0.4538972593368368,
    0.37364281935894744,
    0.3346550718266913,
    0.35229967376019095,
    0.37528626335428117,
    0.4162287046300604,
    0.413568894913856,
    0.4123148448923801,
    0.44801669298334323,
    0.43282015526548345,
    0.35712606982981904,
    0.3837670493633189,
    0.3733929065947837,
    0.39236291165047504,
    0.4050064568823956,
    0.44568983037421045
  ],
  "data_normalization_method": "standard",
  "normalization_parameters": {
    "mean": 0.00014899354114485957,