{
  "best_test_loss": 0.040169422294387164,
  "best_f1_test": 0.9951322407918222,
  "best_acc_test": 0.9951322407918222,
  "best_valid_loss": 6.307971323088109e-05,
  "best_f1_valid": 1.0,
  "model_save_name": "model",
  "is_univariate": true,
  "dataset_name": "Wafer",
  "network_arch": "MLP",
  "seed": 0,
  "best_train_loss": 0.0033003539978207776,
  "batch_size": 64,
  "learning_rate": 0.0009100655541540376,
  "epochs": 500,
  "patience": 30,
  "min_loss_improvement": 0,
  "epoch_model_saved": 72,
  "optimizer": "Adam",
  "criterion": "NLLLoss",
  "optimization_losses": [
    0.00023932761101080256,
    0.00918913356941286,
    0.009076616995989934,
    6.307971323088109e-05,
    0.007933235750417805,
    0.009195428243890377,
    0.0036486718434850865,
    0.006340176136508313,
    0.0020527129619850298,
    0.002150827933500164
  ],
  "best_train_losses": [
    0.3555591094463989,
    0.18646479089905446,
    0.13418422646839218,
    0.1044544918756736,
    0.0796637427537961,
    0.05142589216879137,
    0.029297761824495512,
    0.02145592324239643,
    0.02687481011060956,
    0.01261751694992222,
    0.016459343645063445,
    0.018419732113851978,
    0.00705582603590766,
    0.014161175256826607,
    0.01198037435550985,
    0.008729336942996267,
    0.011179252892537062,
    0.01468104817506269,
    0.009464474983121219,
    0.007563390478244948,
    0.0030111574828913575,
    0.011740877808986803,
    0.006232306976828323,
    0.014108622901631522,
    0.007372397522049323,
    0.0019745181928107073,
    0.006397124024609601,
    0.0022856496853958454,
    0.007025985130885579,
    0.006249704940902784,
    0.0010340722408084943,
    0.0073249363110214445,
    0.009591598458614965,
    0.005306287211171826,
    0.00044155721344056077,
    0.001873350617969114,
    0.02469728615905841,
    0.002443997128774159,
    0.006162502696960266,
    0.00932926105117149,
    0.005266322572114539,
    0.0019568267645380566,
    0.00045549940385851065,
    0.004925288048875438,
    0.0006260301086673909,
    0.0016319590832064026,
    0.0022154797080386067,
    0.005924632133631401,
    0.00033009313748815953,
    0.007771720169079627,
    0.004968895699327314,
    0.0013832019763203264,
    0.0005869459171954807,
    0.0019144869255452754,
    0.0012007341803135269,
    0.00040310646614217377,
    9.326232192709592e-05,
    0.00013244313571758676,
    0.00029386073407764606,
    0.00047144427557633346,
    0.0011722550673386152,
    0.00013658008332396277,
    0.005913983256410566,
    0.0037547528976788805,
    0.0005866847422628479,
    0.0011396059999971844,
    0.0005909310649180758,
    0.0001286286572857327,
    0.007064183524758427,
    0.00011772244057962374,
    0.0001213557423894932,
    0.0033003539978207776,
    0.005769492354031799,
    0.0003970632602066299,
    0.00010973473725767806,
    0.0004568408761906027,
    0.0002302995308482457,
    3.095291164303271e-05,
    0.000281894540852063,
    0.010756420264264772,
    0.0008210394239795631,
    0.0012064711743568796,
    0.0001994425970600363,
    0.0006994899248750523,
    0.0006521064386831306,
    0.00013857477854416626,
    0.00017726000545539557,
    3.768684342289281e-05,
    0.0044937184120864004,
    0.0014447484993993526,
    0.005378651758234552,
    0.007641729570171317,
    0.0006683579964080028,
    0.001988075084783785,
    0.004554741194273301,
    0.02843703190929707,
    0.006605937756384057,
    0.000963000971792201,
    0.006753576229223433,
    0.00047235101068740173,
    0.0004805041983235057
  ],
  "best_valid_losses": [
    0.20654887005464354,
    0.13224691426872615,
    0.09815571238448964,
    0.07908847149628312,
    0.06039359661477122,
    0.028831623679962917,
    0.016259211657652213,
    0.014276518824681714,
    0.008638118398352643,
    0.0035332273900397677,
    0.014095478389986711,
    0.0013873053399558685,
    0.00563966809303977,
    0.004252165673527663,
    0.0068336866995254856,
    0.0017791100578157888,
    0.0010448063229122639,
    0.0023308979540360183,
    0.002290820294877616,
    0.0020767865089736694,
    0.00039397885479074693,
    0.004417635741370234,
    0.0005509432728705808,
    0.005671177919133363,
    0.017603818178845834,
    0.004071564597496994,
    0.0007797900706921143,
    0.0009957819914130207,
    0.004638368881247307,
    0.0013990842781275213,
    0.00024241741695406555,
    0.00022540638580644939,
    0.006679059233312583,
    0.000777981578504472,
    0.0004182694999927386,
    0.0021638851040865375,
    0.0006131732781922714,
    0.00020077867292687853,
    0.00028226081952591664,
    0.0033987473522136867,
    0.00031229743194784875,
    0.0004226142382819729,
    0.00020104618112841015,
    0.00015098636737744908,
    0.00016350019721367016,
    0.00015251808677994315,
    0.00020489975305729364,
    0.00014601146571140676,
    0.00041001084243918686,
    0.0002242451816586869,
    0.0004578448696072394,
    0.00027960289170283857,
    0.0005000056529055501,
    0.00026674617481660054,
    0.00024551260650868293,
    0.0003244689520595703,
    0.00034612506683674043,
    0.0003276421799202029,
    0.0003358661580131778,
    0.00038372259772342064,
    0.0002457476229576955,
    0.00021450810071660248,
    0.00015934748146389043,
    0.00016725195166317512,
    0.0003128498604233592,
    0.00021777111256841324,
    0.00023968287495340496,
    0.0010862989603214626,
    0.00013534627263408168,
    0.0004963515714268907,
    0.001386293441340678,
    6.307971323088109e-05,
    8.63900817131791e-05,
    0.00012572319527142967,
    0.0001482950497244761,
    0.00015257130703661578,
    0.00015338853287646465,
    0.00015372294416888667,
    0.00014057971899924653,
    0.00022102736621834528,
    0.0004980329046060008,
    0.000595559824863704,
    0.0007074562928383711,
    0.0005445135099184927,
    0.00046839587251561984,
    0.00036474595478225703,
    0.0002721871409337371,
    0.0002519674378582869,
    0.0003256155996405594,
    0.0003507987206122384,
    0.0004200097857145789,
    0.0007258563567163277,
    0.002931782254504763,
    0.0010804910550372307,
    0.000646833733879868,
    0.0010785211809558692,
    0.0013198480133470541,
    0.0008925297545499067,
    0.000927125738010758,
    0.0010937243444536376,
    0.0011578732050093186
  ],
  "data_normalization_method": "standard",
  "normalization_parameters": {
    "mean": -1.064256083058393e-10,
    "std": 0.9967050981389439
  }
}