{
  "best_test_loss": 0.03273425435710729,
  "best_f1_test": 0.9951322407918222,
  "best_acc_test": 0.9951322407918222,
  "best_valid_loss": 0.0002263444323794666,
  "best_f1_valid": 1.0,
  "model_save_name": "model",
  "is_univariate": true,
  "dataset_name": "Wafer",
  "network_arch": "MLP",
  "seed": 16,
  "best_train_loss": 0.003602459541162426,
  "batch_size": 64,
  "learning_rate": 0.0007721088139249678,
  "epochs": 500,
  "patience": 30,
  "min_loss_improvement": 0,
  "epoch_model_saved": 51,
  "optimizer": "Adam",
  "criterion": "NLLLoss",
  "optimization_losses": [
    0.001265809507241278,
    0.0031682512408993508,
    0.007389594216956131,
    0.0003052038473334275,
    0.004322620981548964,
    0.0002263444323794666,
    0.0017807888983753487,
    0.008758890122842432,
    0.0010330954292066285,
    0.008110564253038138
  ],
  "best_train_losses": [
    0.3720077723264694,
    0.2028871082833835,
    0.12824181528916037,
    0.10476848709030558,
    0.08000445911628112,
    0.05885672294079585,
    0.037683580948371334,
    0.028058005254108804,
    0.02342507365319579,
    0.012766104151277725,
    0.024692762068316415,
    0.022589530261294136,
    0.011862452979532787,
    0.008150680073146547,
    0.005793651521031863,
    0.023430716335282716,
    0.011081683382997056,
    0.015169074862173065,
    0.007018821218058602,
    0.005962675615710692,
    0.010570389925125715,
    0.014096768317230862,
    0.00423306656148612,
    0.009399814487268688,
    0.006238527413313791,
    0.00598153935241038,
    0.010700601846452574,
    0.0033226127308311,
    0.001435521753619537,
    0.0034161792301030465,
    0.005752076234949028,
    0.0020982909215392495,
    0.0021028970341944557,
    0.002301379542438638,
    0.0028703536429686054,
    0.0015746092686825257,
    0.006100340843483552,
    0.002313978313968915,
    0.002933801722216837,
    0.003163097267318342,
    0.009893071955265472,
    0.0023317685187456455,
    0.005035269584446007,
    0.017879393963759736,
    0.003892837738162666,
    0.0005351628666417732,
    0.0014628647168445556,
    0.0034936943170806103,
    0.0011546772543294165,
    0.001718133207796291,
    0.003602459541162426,
    0.006464700495705796,
    0.010879480760742357,
    0.00022564847165170004,
    0.000251094409011478,
    0.0002720575053069951,
    0.0010525209330526628,
    0.001224611640635689,
    0.00031145076197964573,
    0.00021229070696056609,
    0.003324457948498101,
    0.0005299106701547855,
    0.0017837201258317922,
    0.0031714332530698172,
    0.001961637090732183,
    0.003223620727055767,
    0.022185780030820678,
    0.0006916779256717451,
    0.001801182856266147,
    0.002423647247246606,
    0.010820267695879167,
    0.002033223413921885,
    0.0006765507984767968,
    0.005681720813763698,
    0.0005248385561394126,
    0.00036067811002819843,
    0.00042532799591384887,
    0.00022953127815972585,
    0.0027226081246828158,
    0.0001429369232850842
  ],
  "best_valid_losses": [
    0.19937786830598442,
    0.1364974785800004,
    0.1040932547986804,
    0.08209538697010249,
    0.06006504624933746,
    0.03827430482082699,
    0.020524293017476353,
    0.0132471023692717,
    0.013065365082885496,
    0.018905827896067158,
    0.010694994141732281,
    0.009950905820512357,
    0.008339332226682362,
    0.010992966837884479,
    0.008103931521931987,
    0.01268882872490444,
    0.018729878696080168,
    0.016180166793959356,
    0.007875857680146373,
    0.00885894917072126,
    0.01945388739678397,
    0.001972042879006311,
    0.0006977193948317004,
    0.0011700282535928102,
    0.006564627322762167,
    0.003526597452901341,
    0.0018449208886821323,
    0.002016269841662316,
    0.0032004450994603966,
    0.004981100163075017,
    0.005471809083174228,
    0.005311294620397931,
    0.005034152593287588,
    0.0021558611185187983,
    0.004937468630328904,
    0.0037967894140593893,
    0.009452179673739444,
    0.009077601142885599,
    0.004196471045551293,
    0.010082597784067861,
    0.0061192835758750634,
    0.006081072685994504,
    0.010454025470526583,
    0.002760242940962259,
    0.003384937976477714,
    0.0048762859923727996,
    0.004363545963763079,
    0.0008451002728152297,
    0.0007694344295754065,
    0.0006114884302256379,
    0.0002263444323794666,
    0.00031534280782607175,
    0.00035987412675737927,
    0.00040035183623720385,
    0.00041495205600518937,
    0.00043789091182928257,
    0.000646692256162879,
    0.000311351031779117,
    0.00024972752060113354,
    0.00022729966961500692,
    0.0002674704410491363,
    0.00043387029750622456,
    0.000962035036188277,
    0.0009001294865223129,
    0.0014667267162834679,
    0.001426866223898934,
    0.002031603791873754,
    0.002350787367626552,
    0.005243876454911533,
    0.005067483987080035,
    0.0012498975004415858,
    0.0018260756718048094,
    0.0030733003038959346,
    0.0025734377428958777,
    0.0009407554923983022,
    0.0008871513502834485,
    0.000971441622606284,
    0.001098794683661145,
    0.0021929360868378,
    0.003067102675199907
  ],
  "data_normalization_method": "standard",
  "normalization_parameters": {
    "mean": -1.064256083058393e-10,
    "std": 0.9967050981389439
  }
}