{
  "best_test_loss": 0.154732775891507,
  "best_f1_test": 0.9485743380855397,
  "best_acc_test": 0.9485743380855397,
  "best_valid_loss": 0.15578001515662415,
  "best_f1_valid": 0.949468085106383,
  "model_save_name": "model",
  "is_univariate": true,
  "dataset_name": "NonInvasiveFetalECGThorax2",
  "network_arch": "ResNet",
  "seed": 0,
  "best_train_loss": 0.0018647426861395258,
  "batch_size": 64,
  "learning_rate": 0.0006279301132569986,
  "epochs": 500,
  "patience": 30,
  "min_loss_improvement": 0,
  "epoch_model_saved": 156,
  "optimizer": "Adam",
  "criterion": "NLLLoss",
  "optimization_losses": [
    0.3575160909206309,
    0.300474799059807,
    0.3047545266912339,
    0.8239011675753491,
    0.5258941396753839,
    0.22668989985547167,
    0.21304741628626558,
    0.2535915324028502,
    0.42568408491763665,
    0.15578001515662415
  ],
  "best_train_losses": [
    3.600807735305057,
    3.198925498163541,
    2.7928503291839792,
    2.4322885285777605,
    2.156112081470074,
    1.9101075470154334,
    1.7100334868662306,
    1.5297996144184158,
    1.380600539631016,
    1.2580114541888152,
    1.1525563748889798,
    1.0596080041652152,
    0.956820133196495,
    0.8832142278918563,
    0.8194283652456394,
    0.7564210905546214,
    0.70694263653276,
    0.6715075778693107,
    0.6471119752168153,
    0.6106409738789288,
    0.5606083641652062,
    0.5293868459912981,
    0.49809504204540295,
    0.46950261492755996,
    0.4409067188864096,
    0.4200417020751487,
    0.4038903576257106,
    0.38387228907704435,
    0.36779526422665476,
    0.3581516820929541,
    0.34048875090905,
    0.3309730529701383,
    0.31859375426489456,
    0.2919020208877656,
    0.2783411026775879,
    0.2650340671846754,
    0.24791287405132326,
    0.24002585943869445,
    0.23502066389029913,
    0.2187619108971122,
    0.21280225066864733,
    0.20191058606035006,
    0.19349662779463234,
    0.17714169909438027,
    0.17566974650091968,
    0.1673601038769694,
    0.17096348111049775,
    0.15821077672532974,
    0.1716754575504104,
    0.1455681092686328,
    0.1790768721429546,
    0.14757387109692466,
    0.1267061715504483,
    0.12416699627913058,
    0.11852425967754818,
    0.11009768648982803,
    0.13217962308618608,
    0.12303025926805598,
    0.13493363179648668,
    0.14169337871685384,
    0.10014684555118802,
    0.08369262442149834,
    0.08406339617719637,
    0.08870982692085431,
    0.09361791728785653,
    0.09107671215481014,
    0.09463844692579308,
    0.09435157203760183,
    0.10002374490925903,
    0.09596541460579915,
    0.07662345108249534,
    0.08099969678302509,
    0.07329917907222676,
    0.08199206916896792,
    0.08342643258589218,
    0.10787504483655734,
    0.09244002721999535,
    0.08517853959410523,
    0.0625492827881727,
    0.060673702323648264,
    0.053919104228315855,
    0.04975267988842345,
    0.04017942860390067,
    0.04140136811688532,
    0.033849798812441274,
    0.04562382900973524,
    0.030206604759278888,
    0.030586923312236117,
    0.028287274851997134,
    0.02791811356115471,
    0.027781279711150946,
    0.044173811538143634,
    0.03609670781957814,
    0.03474695360561596,
    0.02936604855227391,
    0.05300789493844908,
    0.03486858770835069,
    0.02877691088902724,
    0.023793842829371203,
    0.0181515486992749,
    0.018927179437290383,
    0.019465540278865285,
    0.014312296435603439,
    0.014223937452420624,
    0.010621544803235515,
    0.011404130648748291,
    0.0089491336491582,
    0.00862588611865339,
    0.008346794312198084,
    0.008051668498789445,
    0.008047533804355732,
    0.007374098288020982,
    0.018950742664167727,
    0.22069003610483626,
    0.22721576940946317,
    0.12357495979616027,
    0.12749564632228874,
    0.07317320080847071,
    0.039846828900466105,
    0.02626291721357649,
    0.027307151095550285,
    0.019637466221458774,
    0.020174227151967383,
    0.01658758079536254,
    0.01031938771202176,
    0.009063483856439077,
    0.00784313053911053,
    0.007582380924601623,
    0.006895412376460712,
    0.006151899201265331,
    0.006014620725887494,
    0.00595376172818987,
    0.00563162973314885,
    0.005629095949660607,
    0.004704668423935158,
    0.005003623361682921,
    0.004249531844105946,
    0.003740079940322234,
    0.003380442380797817,
    0.0031619331054487648,
    0.0029531825250878573,
    0.0027480769980350642,
    0.002604272008107128,
    0.0025140593558627107,
    0.0024279362820834966,
    0.002351012227674573,
    0.0022869275701876916,
    0.0022299248037646437,
    0.0021761576344016273,
    0.0021251761656384117,
    0.0020767825529488487,
    0.002030595338337898,
    0.0019865158845677722,
    0.0019443245960179603,
    0.001903756814030374,
    0.0018647426861395258,
    0.001827209732108779,
    0.0017909106937301223,
    0.001755956176685422,
    0.001721963527125129,
    0.001689158923453072,
    0.0016574435023910307,
    0.0016266142226508881,
    0.0015964818226572098,
    0.0015673877495715365,
    0.0015391312678326877,
    0.0015117865957670537,
    0.0014850434972999522,
    0.0014589923218063466,
    0.0014335628562850338,
    0.001408901532271907,
    0.0013848160239242839,
    0.0013613588113592348,
    0.0013385150081822316,
    0.0013159816292015074,
    0.0012941640531837295,
    0.0012728282892588952,
    0.001251961887409637,
    0.001231636238820754,
    0.0012116127786372518,
    0.0011920185279603772,
    0.0011729529035524402,
    0.0011542075973750862,
    0.0011359955743249722,
    0.0011179717462961461
  ],