{
  "best_test_loss": 0.21900249948729342,
  "best_f1_test": 0.9226686884003032,
  "best_acc_test": 0.9226686884003032,
  "best_valid_loss": 0.2448184119330512,
  "best_f1_valid": 0.9083333333333333,
  "model_save_name": "model",
  "is_univariate": true,
  "dataset_name": "FordA",
  "network_arch": "LSTM",
  "seed": 3,
  "best_train_loss": 0.23288404378626082,
  "batch_size": 64,
  "learning_rate": 0.00014062366308820437,
  "epochs": 500,
  "patience": 30,
  "min_loss_improvement": 0,
  "epoch_model_saved": 249,
  "optimizer": "Adam",
  "criterion": "NLLLoss",
  "optimization_losses": [
    0.6929251975483365,
    0.692931940820482,
    0.6926562441719903,
    0.6929451730516222,
    0.6929328521092732,
    0.6929460432794359,
    0.6929190423753526,
    0.6870592368973626,
    0.2448184119330512,
    0.6823621948560079
  ],
  "best_train_losses": [
    0.6937238375345866,
    0.6929543786578708,
    0.6929000801510281,
    0.6928498201900058,
    0.6927963786655003,
    0.692737266752455,
    0.6926675796508789,
    0.6925809542338054,
    0.6924692869186402,
    0.6923254688580831,
    0.6921540326542325,
    0.6919834627045526,
    0.6918418539894952,
    0.6917256845368279,
    0.6916221631897821,
    0.6915234671698676,
    0.6914228108194139,
    0.6913119514783224,
    0.6911780887179905,
    0.690995356771681,
    0.690692064497206,
    0.6899064222971598,
    0.7041565537452698,
    0.6926937156253391,
    0.6909999503029718,
    0.6899907482994927,
    0.6884684867329067,
    0.6846825003623962,
    0.6803492413626777,
    0.7316290179888407,
    0.6678085856967502,
    0.6632703185081482,
    0.7021914641062419,
    0.6912668413586087,
    0.6814988096555074,
    0.659928990734948,
    0.6556446260876125,
    0.668651635117001,
    0.6758819540341695,
    0.7028419918484158,
    0.694794954193963,
    0.6866913835207621,
    0.6613887071609497,
    0.652036890718672,
    0.6574271705415514,
    0.6550597800148859,
    0.6448059929741754,
    0.6383380572001139,
    0.6468266930845049,
    0.6429852353201972,
    0.6391230596436395,
    0.635060719648997,
    0.6311126814948188,
    0.6269524269633823,
    0.6769044054879083,
    0.6420356498824226,
    0.6268949098057217,
    0.6137084643046061,
    0.6224675522910224,
    0.6283748030662537,
    0.611188444826338,
    0.6013659384515551,
    0.6093006094296773,
    0.624346931775411,
    0.6211290187305875,
    0.6188791354497274,
    0.5961348202493456,
    0.6362989452150133,
    0.6312403069602118,
    0.6115070581436157,
    0.6070389164818658,
    0.5994184692700704,
    0.5969708442687989,
    0.6018429636955261,
    0.5928645511468251,
    0.6006643964184655,
    0.6065663331084781,
    0.5986932569079929,
    0.5925311936272515,
    0.5965227286020914,
    0.598270755343967,
    0.5850779606236352,
    0.5883944544527265,
    0.5720768948396047,
    0.5819604549143049,
    0.5961195753680335,
    0.613072606590059,
    0.5862555735641055,
    0.584808310535219,
    0.5868538631333245,
    0.5917089892758264,
    0.5766151792473263,
    0.5902192764812045,
    0.5985163735018836,
    0.5677791217962901,
    0.5922293490833707,
    0.5754758232169681,
    0.7053907420900133,
    0.575972295469708,
    0.5786686261494954,
    0.5967305733097924,
    0.5714798940552606,
    0.5656090292665693,
    0.5844319389926063,
    0.5667950809001923,
    0.6290346887376573,
    0.6885304994053311,
    0.6007667197121515,
    0.6129886627197265,
    0.5851576758755578,
    0.5803068412674798,
    0.5683658354812198,
    0.5549633396996392,
    0.5691054456763798,
    0.5372653517458174,
    0.5419191863801744,
    0.5518376549084981,
    0.5266352739599016,
    0.5481838365395864,
    0.5462380866209666,
    0.5479148546854655,
    0.5486759728855557,
    0.5302278114689721,
    0.5208623521857791,
    0.533098065190845,
    0.5278308404816522,
    0.6100926617781322,
    0.5380838486883376,
    0.5348924418290456,
    0.5220169749524858,
    0.5728162619802687,
    0.7210411720805698,
    0.5667578551504348,
    0.553149758444892,
    0.5500325004259745,
    0.5334702730178833,
    0.524293276336458,
    0.5364650434917874,
    0.5349848455852932,
    0.5243980593151516,
    0.5722871879736583,
    0.5010667324066163,
    0.47820043365160625,
    0.47309744358062744,
    0.49525023698806764,
    0.9300109651353624,
    0.6340981046358745,
    0.6735829869906108,
    0.6298050469822354,
    0.608247270849016,
    0.5956238574451871,
    0.5346163577503629,
    0.5256423943572575,
    0.5368438826666938,
    0.5303328533967336,
    0.5007792380121019,
    0.5026291098859575,
    0.47933174437946746,
    0.49551515512996247,
    0.4930955251057943,
    0.45382589565383064,
    0.44971638123194374,
    0.4301005416446262,
    0.463864309920205,
    0.43907248510254754,
    0.4276582333776686,
    0.42093446618980834,
    0.4199894173277749,
    0.4373306387000614,
    0.4030258999930488,
    0.40104550388124255,
    0.3900161431895362,
    0.3990361577934689,
    0.3617950350046158,
    0.348556567562951,
    0.3329224755366643,
    0.32925810449653203,
    0.33483319448100196,
    0.3623386830091476,
    0.34390885896152923,
    0.34422650469674004,
    0.35957006613413495,
    0.4107197105884552,
    0.335230208767785,
    0.34974096284972295,
    0.40305480162302654,
    0.41018446783224743,
    0.34210148122575545,
    0.3513122604952918,
    0.36003467192252475,
    0.32421377268102436,
    0.29386185473865933,
    0.3035265972216924,
    0.31366601155863866,
    0.29265389641126,
    0.30720075931813984,
    0.29263143108950723,
    0.29705875416596733,
    0.29115947518083785,
    0.2968402183718152,
    0.26448804653353164,
    0.26483369088835185,
    0.2881710954838329,
    0.296774057050546,
    0.25153238475322726,
    0.3124961028496424,
    0.2725353825423453,
    0.2773041296336386,
    0.2867889379461606,
    0.33243000076876744,
    0.27252176023191876,
    0.2672354762752851,
    0.24780766897731357,
    0.2898368110259374,
    0.3185801906718148,
    0.2573458876874712,
    0.25126663313971626,
    0.2534298199746344,
    0.2630303846465217,
    0.24710567394892374,
    0.25413442254066465,
    0.2366698960463206,
    0.2299627305732833,
    0.2647946139176687,
    0.2519697553581662,
    0.3241711093319787,
    0.24237371650007036,
    0.23709005117416382,
    0.2534096752603849,
    0.26071500960323546,
    0.22540182802412245,
    0.2527510545319981,
    0.24330701844559777,
    0.24384624742799335,
    0.23994061317708756,
    0.22452449649572373,
    0.3018632236454222,
    0.22979951053857803,
    0.2490537155005667,
    0.2283855562408765,
    0.254591632882754,
    0.23918813450468912,
    0.22951361272070142,
    0.22676414201656978,
    0.2220427675379647,
    0.21100821842749914,
    0.2541115298867226,
    0.26478856172826554,
    0.23288404378626082,
    0.25036538508203293,
    0.25137575732337103,
    0.23024829973777136,
    0.22787142942349117,
    0.22577973157167436,
    0.22188005795081456,
    0.2770742216044002,
    0.23301191363069745,
    0.22161474426587421,
    0.20472539315621058,
    0.20541848904556698,
    0.22937253995074167,
    0.21716544147994782,
    0.229093110975292,
    0.234765971534782,
    0.2141508615679211,
    0.2095879407392608,
    0.24594804528686737,
    0.21074509885576037,
    0.2044967067738374,
    0.21099526087443035,
    0.24057913869619368,
    0.21634209271934296,
    0.19956003576517106,
    0.19965975052780574,
    0.2117881213625272,
    0.2044775630864832,
    0.22516052052378654,
    0.2151149579220348
  ],