{
  "best_test_loss": 0.2731888871450288,
  "best_f1_test": 0.9170061099796334,
  "best_acc_test": 0.9170061099796334,
  "best_valid_loss": 0.18600271927549483,
  "best_f1_valid": 0.9361702127659575,
  "model_save_name": "model",
  "is_univariate": true,
  "dataset_name": "NonInvasiveFetalECGThorax2",
  "network_arch": "ViT",
  "seed": 24,
  "best_train_loss": 0.15484512179896226,
  "batch_size": 64,
  "learning_rate": 0.0003891773476779604,
  "epochs": 500,
  "patience": 30,
  "min_loss_improvement": 0,
  "epoch_model_saved": 127,
  "optimizer": "Adam",
  "criterion": "NLLLoss",
  "optimization_losses": [
    0.20205866688109458,
    0.22718621029498728,
    0.21621779526801818,
    0.202390397165684,
    0.19038801339078457,
    0.21597983069876406,
    0.21858899358739245,
    0.2327612061449822,
    0.38108208331655946,
    0.3862378609941361,
    0.21432374449486427,
    0.31285848896554175,
    0.2211502841178407,
    0.2717324419224516,
    0.207885483160932,
    0.19823598512943755,
    0.20627782731614214,
    0.19695148854813677,
    0.19393699378409285,
    0.18600271927549483,
    0.189098041742406,
    0.19273260140672643,
    0.2698184334217234,
    0.21646186392358008,
    0.19388732821383375,
    0.1967181699707153,
    0.21158132908192087,
    0.3059975048328968,
    0.19484478901041316,
    0.19187080352864366
  ],
  "best_train_losses": [
    3.8123270481803933,
    3.74532249957344,
    3.4604929740045245,
    2.8451347156720352,
    2.4489256732495672,
    2.1207671766958014,
    1.8540031599143987,
    1.6603872773518298,
    1.4916692076647524,
    1.3444892581884742,
    1.191812863545944,
    1.1035199249117456,
    1.0705012578153308,
    0.9254490794301117,
    0.887402932072557,
    0.8065624190566411,
    0.7488003505088876,
    0.720241883901836,
    0.6801496012396823,
    0.6763611757998221,
    0.6434222843893297,
    0.6305673676146979,
    0.5648285305927274,
    0.5374600214180776,
    0.5389344792129788,
    0.5185258912520767,
    0.461201490814721,
    0.4798239320830736,
    0.4756845391433338,
    0.46921231287177484,
    0.44410946874114215,
    0.4102601968982399,
    0.4000965627204844,
    0.43079908012045326,
    0.4056027387952771,
    0.42822173311102163,
    0.41734784418482723,
    0.39823084307320084,
    0.3224576472900991,
    0.3676766880427291,
    0.32723518375645033,
    0.30524783723386173,
    0.33251332830394226,
    0.3485494951023154,
    0.342002565204804,
    0.3276368971869548,
    0.3199945523005008,
    0.30281445557855,
    0.33173202907042193,
    0.37648281612114765,
    0.3190345935371671,
    0.27799039891674243,
    0.2746444548822505,
    0.27919421664904476,
    0.2584572113783361,
    0.293075499290408,
    0.26261236734861065,
    0.2835653646471462,
    0.2329727137750584,
    0.2805944483253374,
    0.2432864986030216,
    0.25284933587320235,
    0.23001981016120188,
    0.255387073240059,
    0.239087134107518,
    0.2204898572667585,
    0.26275223933385444,
    0.27406545524771414,
    0.22544503315644454,
    0.22325945187435967,
    0.24351932649786676,
    0.25364099077498165,
    0.3206862610406802,
    0.2721994956425186,
    0.2381771707819619,
    0.26050552947267375,
    0.20661915303616982,
    0.19314290745444307,
    0.20826930739640018,
    0.19993664083435597,
    0.2012185863496046,
    0.19900136947296743,
    0.21723723868124098,
    0.21763811817030126,
    0.19613896514526657,
    0.25592461010560297,
    0.22375815047588637,
    0.21113328474952733,
    0.1846967711678208,
    0.2287372470069585,
    0.18909663483448122,
    0.19083941790182996,
    0.15544160734011267,
    0.1701553353145771,
    0.2072585054103204,
    0.18066281515343124,
    0.16991509170450128,
    0.15220281603214025,
    0.21194134694501202,
    0.18986620351892078,
    0.17012559960498747,
    0.17120933947392275,
    0.18026141771027007,
    0.21823227051606248,
    0.1701880209331184,
    0.17649610827527076,
    0.175543968883184,
    0.15441509656142116,
    0.18156624039293426,
    0.17614621083426876,
    0.14998889994596146,
    0.1692278787273801,
    0.16143547673922395,
    0.15190121177544663,
    0.1698944493081062,
    0.1658272728878934,
    0.16292107797431343,
    0.1579807643855196,
    0.14613833872683854,
    0.1708135627791317,
    0.13053285376609253,
    0.14223939023299362,
    0.13971098399579066,
    0.12177004496019153,
    0.1387839933002573,
    0.1495595253841691,
    0.15484512179896226,
    0.127252342348273,
    0.15005232712734315,
    0.1393063830202596,
    0.14944542499386082,
    0.13576984535366066,
    0.15239279142313245,
    0.16700283633263616,
    0.1551087806322,
    0.16261029072781305,
    0.13406363876244592,
    0.13674957589498307,
    0.12384096336716593,
    0.12130108729622688,
    0.1392780962758138,
    0.11937441401712423,
    0.10904263047133628,
    0.12934033277242307,
    0.10861596875599548,
    0.11169720943742291,
    0.10380948637301286,
    0.10827790514336283,
    0.11262446556054448,
    0.1607005841197552,
    0.16637061298605596,
    0.15737493957169693,
    0.12294690435175022,
    0.13400865634687334,
    0.12674752037477427,
    0.11945674737531872
  ],