{
  "best_test_loss": 0.33135625941451524,
  "best_f1_test": 0.8870356330553449,
  "best_acc_test": 0.8870356330553449,
  "best_valid_loss": 0.2990409440464444,
  "best_f1_valid": 0.8902777777777777,
  "model_save_name": "model",
  "is_univariate": true,
  "dataset_name": "FordA",
  "network_arch": "MLP",
  "seed": 8,
  "best_train_loss": 0.10987312839263015,
  "batch_size": 64,
  "learning_rate": 8.499030114488511e-05,
  "epochs": 500,
  "patience": 30,
  "min_loss_improvement": 0,
  "epoch_model_saved": 162,
  "optimizer": "Adam",
  "criterion": "NLLLoss",
  "optimization_losses": [
    0.3093749079439375,
    0.3383023818333944,
    0.3177623152732849,
    0.31740313635932077,
    0.2990409440464444,
    0.3123187363147736,
    0.3456618030865987,
    0.31838347713152565,
    0.32451828983094955,
    0.31739605598979526
  ],
  "best_train_losses": [
    0.6942351420720418,
    0.691839849948883,
    0.6869060768021478,
    0.6834060695436266,
    0.676718639002906,
    0.6687675926420423,
    0.6546379446983337,
    0.6374297857284545,
    0.6185864090919495,
    0.5900149385134379,
    0.5814555717839135,
    0.5577330794599321,
    0.5394128097428216,
    0.5280931598610348,
    0.5218683103720347,
    0.5009506616327498,
    0.499830957253774,
    0.49508166842990453,
    0.4784130573272705,
    0.46423114471965365,
    0.4508389929930369,
    0.4309061494138506,
    0.41634110344780817,
    0.404423244131936,
    0.4062334716320038,
    0.3947093321217431,
    0.39349725776248506,
    0.3840599384572771,
    0.36866188744703926,
    0.3604441848066118,
    0.35775824652777777,
    0.3352594531244702,
    0.34069044722451103,
    0.3112380299303267,
    0.32066575818591647,
    0.32156508498721653,
    0.3080779837237464,
    0.30060651898384094,
    0.28604652914736006,
    0.2977205362584856,
    0.28940868775049844,
    0.2705251806312137,
    0.27160552011595834,
    0.26457157250907687,
    0.2685234132740233,
    0.26219821638531154,
    0.2554277264409595,
    0.24342325694031186,
    0.23339871913194657,
    0.24152348008420732,
    0.23359918329450818,
    0.22574140015575622,
    0.23075088693035972,
    0.23256328701972961,
    0.24384593963623047,
    0.2277452035082711,
    0.21515532516770894,
    0.22099194725354512,
    0.21517534338765673,
    0.2225780940718121,
    0.20278199315071105,
    0.20218437810738882,
    0.20836832539902794,
    0.20460649877786635,
    0.19188428537713156,
    0.19827967700031068,
    0.19698930217160118,
    0.19569812383916643,
    0.180289712217119,
    0.1789506142338117,
    0.17941187777453,
    0.1892311523358027,
    0.18964141300982898,
    0.18582494507233302,
    0.18296166509389877,
    0.1833033228913943,
    0.1783404090338283,
    0.17420771933264204,
    0.17107949546641774,
    0.1681312609050009,
    0.17436588009198506,
    0.17643059922589197,
    0.16179102717174423,
    0.16388017046782705,
    0.15786145023173756,
    0.16020717753304375,
    0.14576715975999832,
    0.1344733448492156,
    0.17284762660662334,
    0.1565678880446487,
    0.1661606740620401,
    0.14924246751599843,
    0.1627637932697932,
    0.15889137917094762,
    0.15421001149548424,
    0.15865618851449753,
    0.1455046781235271,
    0.1374708887603548,
    0.14298288176457088,
    0.1453372215645181,
    0.12895055057273971,
    0.12983430383933914,
    0.13455305364396836,
    0.1408969943722089,
    0.1261022529668278,
    0.13046376812789176,
    0.1357010807428095,
    0.13120288261108928,
    0.1361977965467506,
    0.12632973260349697,
    0.135022880964809,
    0.12234543735782305,
    0.13594885907239385,
    0.12095239700542557,
    0.1281943692929215,
    0.14654851969745425,
    0.13804218305481805,
    0.12356366937359174,
    0.12270165416929457,
    0.11170833127366173,
    0.13021131112343734,
    0.11625881037778324,
    0.12186821028590203,
    0.1238789235552152,
    0.12482881111403306,
    0.11380477299292882,
    0.10894179749819967,
    0.11793574492136637,
    0.12503203062547577,
    0.10868815634813574,
    0.11791288836134804,
    0.11285425805383259,
    0.11801705803308223,
    0.1206216915614075,
    0.11319673698809411,
    0.11653276085853577,
    0.10193942685921988,
    0.11448904789156383,
    0.12259866288966603,
    0.12253356439371904,
    0.12122017368674279,
    0.11086785693963369,
    0.11019371040165424,
    0.10796404166354073,
    0.10680515964825948,
    0.1145424370550447,
    0.10597898562749226,
    0.09028018158343103,
    0.10394650316900678,
    0.09262812100350856,
    0.10553497233324581,
    0.09828534469836288,
    0.09940768968727853,
    0.1014135215845373,
    0.10678712332414256,
    0.09344709060258335,
    0.09279146922959222,
    0.09840132366451952,
    0.08930030874907971,
    0.10285904159148535,
    0.09474969845679071,
    0.10987312839263015,
    0.09164787439836396,
    0.10389835093584325,
    0.09947501954933008,
    0.09319819116757976,
    0.09789934634334511,
    0.08828263626330429,
    0.0857576448056433,
    0.08577221971419123,
    0.0894436647494634,
    0.09124309511648285,
    0.09249828594426314,
    0.08544516017039618,
    0.09116043407056067,
    0.09791676335864596,
    0.08741811079283555,
    0.09066817694240147,
    0.07984200175851583,
    0.08887859421471754,
    0.07256192159321573,
    0.08345111728542381,
    0.0836244398728013,
    0.08513627358608776,
    0.0920471670726935,
    0.08259741568730937,
    0.07439866782062583,
    0.08778179935697052,
    0.07884803178409736,
    0.09282116538120641,
    0.0781571326777339
  ],