{
  "best_test_loss": 0.033383040252058085,
  "best_f1_test": 0.994807723511277,
  "best_acc_test": 0.994807723511277,
  "best_valid_loss": 0.00019871143841958461,
  "best_f1_valid": 1.0,
  "model_save_name": "model",
  "is_univariate": true,
  "dataset_name": "Wafer",
  "network_arch": "ViT",
  "seed": 26,
  "best_train_loss": 0.00027227974984033923,
  "batch_size": 64,
  "learning_rate": 0.0004510851147083657,
  "epochs": 500,
  "patience": 30,
  "min_loss_improvement": 0,
  "epoch_model_saved": 33,
  "optimizer": "Adam",
  "criterion": "NLLLoss",
  "optimization_losses": [
    0.0005222660049492613,
    0.031107515815717274,
    0.00019871143841958461,
    0.0013156903934298983,
    0.03625657064064095,
    0.00021600958421207796,
    0.03641106790645206,
    0.022917118948503207,
    0.03685399839383508,
    0.002365073277392026
  ],
  "best_train_losses": [
    0.38604740914246793,
    0.2863834555585283,
    0.19741527985940152,
    0.12937776834463566,
    0.07164054465267741,
    0.04575985995877562,
    0.026057849655670106,
    0.03168811091691032,
    0.012496507233230486,
    0.012544971592852701,
    0.005923108096359377,
    0.0015387730309704697,
    0.002415263218738671,
    0.006104853737429438,
    0.008196536741595258,
    0.01075543836255168,
    0.002530514811577607,
    0.004373330528816362,
    0.0016335608621616906,
    0.0016230258784014125,
    0.0008657865955250426,
    0.0011756495896634647,
    0.0055157054794974444,
    0.018533167583540545,
    0.0014131659194581995,
    0.0007407928123734051,
    0.00040615037969724373,
    0.0005255472665579107,
    0.00032661479664674697,
    0.00034583026024934257,
    0.0003362671241052169,
    0.00030136930428469847,
    0.00027227974984033923,
    0.0002683031133184662,
    0.0018193604323790084,
    0.024298800979764258,
    0.010455454081439303,
    0.003696282383143192,
    0.005224331248161222,
    0.001000693814906602,
    0.0007890787981929057,
    0.007916673263650151,
    0.014678633115651147,
    0.008145146161045898,
    0.012498741950501307,
    0.0030774388164410225,
    0.0036426218332901343,
    0.006598820811057904,
    0.01729223883435373,
    0.007805163818026395,
    0.0011557363868541642,
    0.0007834871130558385,
    0.001409804461469038,
    0.00042051309209088225,
    0.0006580522856068212,
    0.000983770604768796,
    0.002370009308744789,
    0.014913890828167842,
    0.001326906381955109,
    0.0005223026815282512,
    0.00033827997576462847,
    0.0003449699919414648
  ],
  "best_valid_losses": [
    0.3142980206665115,
    0.19263345017955077,
    0.14327441544656583,
    0.05814369640947871,
    0.09292698938362486,
    0.05305268487630097,
    0.1070854073964912,
    0.05276140392021234,
    0.023998390892184623,
    0.013928637884161087,
    0.016302203787351723,
    0.017743176608914,
    0.022447504569424213,
    0.03411294264772175,
    0.06612790798518195,
    0.009939246333727789,
    0.06037823787750792,
    0.03706355594082351,
    0.041309403705315675,
    0.0009524817396052627,
    0.028120221511709308,
    0.0008536169742869991,
    0.038102479030978194,
    0.035717439783600376,
    0.030910817836758805,
    0.00036039009951784816,
    0.03213786501464937,
    0.0029003599649051956,
    0.00024368593346765403,
    0.00023993761298960232,
    0.00023043014712061788,
    0.00023719331471710488,
    0.00019871143841958461,
    0.00028838885299958735,
    0.13079507018180866,
    0.042279152104350744,
    0.008520026486227983,
    0.025364022982302146,
    0.047409603937496596,
    0.0030611352323188412,
    0.015835259286023615,
    0.014917655964237197,
    0.02420639095304358,
    0.05646552719970452,
    0.01664697787905719,
    0.03451125257818228,
    0.0003100396985354931,
    0.033161454137579184,
    0.006498680011003246,
    0.02482814220589961,
    0.03460898618917537,
    0.005403390105156951,
    0.03524424426042734,
    0.0411108614814894,
    0.035925685738379,
    0.01444056143289761,
    0.006043966755036969,
    0.0003861795971285904,
    0.000500323575810154,
    0.0008769106104378056,
    0.0033913985684175803,
    0.007855919890776995
  ],
  "data_normalization_method": "standard",
  "normalization_parameters": {
    "mean": -1.064256083058393e-10,
    "std": 0.9967050981389439
  }
}