{
  "best_test_loss": 0.2642430637616004,
  "best_f1_test": 0.9170061099796334,
  "best_acc_test": 0.9170061099796334,
  "best_valid_loss": 0.24623002524071552,
  "best_f1_valid": 0.9069148936170213,
  "model_save_name": "model",
  "is_univariate": true,
  "dataset_name": "NonInvasiveFetalECGThorax2",
  "network_arch": "ViT",
  "seed": 7,
  "best_train_loss": 0.2327962750418456,
  "batch_size": 64,
  "learning_rate": 0.0003681678984401129,
  "epochs": 500,
  "patience": 30,
  "min_loss_improvement": 0,
  "epoch_model_saved": 79,
  "optimizer": "Adam",
  "criterion": "NLLLoss",
  "optimization_losses": [
    0.4169066903438974,
    0.28622724971872693,
    0.27411625930603517,
    0.3428198834683033,
    0.4129047951799758,
    0.3142908348682079,
    0.3800022348444513,
    0.3694367212183932,
    0.37480883078372224,
    0.3215416910800528,
    0.3730514626553718,
    0.3440757469928011,
    0.29114007505964723,
    0.28037429046123585,
    0.35486527833532777,
    0.28489492548272966,
    0.3005852673916107,
    0.2972586858779826,
    0.49931648437013015,
    0.3471514918702714,
    0.30563678196135985,
    0.27337987245397366,
    0.2677115544359735,
    0.2664205032460233,
    0.24623002524071552,
    0.251904086229649,
    0.27939007827576173,
    0.2662349279890669,
    0.259798915462291,
    0.28601835446154816
  ],
  "best_train_losses": [
    3.813110912507969,
    3.730581449105215,
    3.4523504778941754,
    2.716654332355974,
    2.224234073746816,
    1.956034693178457,
    1.692574247791159,
    1.556208071956648,
    1.3856037778076955,
    1.291258130790646,
    1.2021500368145093,
    1.0876657503721836,
    0.9889145501884707,
    0.9285615160275913,
    0.922614618915952,
    0.872565085252908,
    0.8005053353242613,
    0.778600005682974,
    0.6978201538177753,
    0.6821894873763504,
    0.6554008044998828,
    0.6261435872806433,
    0.6386390457418044,
    0.6093383780768952,
    0.5761087270203562,
    0.5034461011998853,
    0.4805220434218331,
    0.5076575001318189,
    0.4854253736375003,
    0.46942031601324774,
    0.476418942799471,
    0.4186092288202579,
    0.43338992810550914,
    0.42062964800873526,
    0.39257589551716393,
    0.4049571533900118,
    0.3999668727730331,
    0.3949641184599904,
    0.36997523817979194,
    0.37789303340797936,
    0.3378015988868303,
    0.34807612069961646,
    0.34240160310197193,
    0.32036228298366026,
    0.32798370226788337,
    0.33359627650811147,
    0.3152505554159343,
    0.3064364700807875,
    0.3130355104228098,
    0.3016782672951444,
    0.2987712287852568,
    0.2812478774170262,
    0.307279256495136,
    0.28129221868615545,
    0.2664940078348152,
    0.2941689708663474,
    0.32257006232033125,
    0.3001934994988599,
    0.3650032169828931,
    0.28938577689089073,
    0.2580213045841443,
    0.2753676758085601,
    0.2572705458983182,
    0.24056957887246083,
    0.2717347927941291,
    0.24860646675693596,
    0.22689232882570398,
    0.2207121809477213,
    0.24151876965669872,
    0.2293632464013465,
    0.3016756540000732,
    0.2981779059723742,
    0.22164058114597684,
    0.20714322010019842,
    0.18994167241845764,
    0.20975924376987357,
    0.2161723141279006,
    0.23099826033360005,
    0.2327962750418456,
    0.20347409801674157,
    0.2099893027451871,
    0.20115923899332572,
    0.2030078262425776,
    0.22589067937263033,
    0.20531254463311407,
    0.17798099365773876,
    0.20228733871071924,
    0.20083643468286652,
    0.19461213656487134,
    0.1874851713968848,
    0.19639001808699302,
    0.1765683437851392,
    0.18983099326093433,
    0.18494952954639873,
    0.17816524704471912,
    0.19935253999724156,
    0.16517341588260587,
    0.17494352360322118,
    0.1684118837893051,
    0.17671678949851682,
    0.17211102493740854,
    0.16947552067497962,
    0.201224441626335,
    0.1915493470865995,
    0.15971145476787257,
    0.14181280279177347,
    0.1541013572828416,
    0.19658854807964615
  ],
  "best_valid_losses": [
    3.734560753436799,
    3.6090539567014006,
    2.967879721458922,
    2.2488397486666414,
    1.9549653149665671,
    1.660681722011972,
    1.4825062396678519,
    1.3102185852984165,
    1.2044056628612763,
    1.0997134497825136,
    1.056451845676341,
    0.9768671368030791,
    0.8918600995489891,
    0.7862989027449425,
    0.8296819773126156,
    0.7898404839191031,
    0.724851353371397,
    0.6335072187667198,
    0.6891189940432285,
    0.6135062270976127,
    0.591769998377942,
    0.5892796693964207,
    0.5739720514480103,
    0.5599679541080556,
    0.49528424283291433,
    0.4499241773118364,
    0.5220282813335987,
    0.4866042263964389,
    0.47178910070277275,
    0.47460411457305257,
    0.48128805896069143,
    0.41663851319475376,
    0.3662020208987784,
    0.39384802922289425,
    0.41466025913015325,
    0.4165090062516801,
    0.46010436720036446,
    0.4273438104923735,
    0.378673476741669,
    0.36396302568151595,
    0.40299356110552526,
    0.37930150234952886,
    0.45307067543902296,
    0.32567422060256307,
    0.429394061261035,
    0.378696508230047,
    0.3224244942056372,
    0.39362759349193976,
    0.40390267587722617,
    0.37223723403950953,
    0.30682058156804837,
    0.364838016159991,
    0.3257062384422789,
    0.3611974766913881,
    0.37275398094603357,
    0.34410312708387986,
    0.3509765349804087,
    0.4194788184571773,
    0.3485603376905969,
    0.41834778100886244,
    0.3657750442941138,
    0.3230186726184601,
    0.34534651231258473,
    0.31558633357920546,
    0.29880035304008645,
    0.30231765102832875,
    0.3397335346708906,
    0.37593262119496124,
    0.3803300160042783,
    0.2513678359224441,
    0.41008581125989874,
    0.3694233494870206,
    0.32536165891809665,
    0.3036433160305023,
    0.33158333631272013,
    0.37888284249508636,
    0.3956580047911786,
    0.31968423026673337,
    0.24623002524071552,
    0.27948745324256574,
    0.30411349839352547,
    0.3325000506766299,
    0.39828545425800566,
    0.36651356296336396,
    0.32642287840234474,
    0.2685030273934628,
    0.3352452389737393,
    0.3434113707948238,
    0.2765988270018963,
    0.32578277397663036,
    0.3068124772386348,
    0.2959583255838841,
    0.32171469039105355,
    0.2789546359092631,
    0.30360643153494976,
    0.3658737343676547,
    0.2920001764246758,
    0.3283245639598116,
    0.35953319009314194,
    0.3255067448666755,
    0.28375556304099714,
    0.3252245828192285,
    0.3149781670976192,
    0.31537369400896925,
    0.2977865566598608,
    0.3400000555718199,
    0.4066168805386158,
    0.35735899590431375
  ],
  "data_normalization_method": "standard",
  "normalization_parameters": {
    "mean": 0.00013477591642590685,
    "std": 0.9993331018849603
  }
}