{
  "best_test_loss": 0.5309525275112524,
  "best_f1_test": 0.7713226205191593,
  "best_acc_test": 0.7713226205191595,
  "best_valid_loss": 0.22834641165631672,
  "best_f1_valid": 0.9133425034387895,
  "model_save_name": "model",
  "is_univariate": true,
  "dataset_name": "FordB",
  "network_arch": "ViT",
  "seed": 24,
  "best_train_loss": 0.23782114787065672,
  "batch_size": 64,
  "learning_rate": 0.0004461741940056925,
  "epochs": 500,
  "patience": 30,
  "min_loss_improvement": 0,
  "epoch_model_saved": 9,
  "optimizer": "Adam",
  "criterion": "NLLLoss",
  "optimization_losses": [
    0.24736977256885748,
    0.23570445759998226,
    0.28462311236041776,
    0.2939502394756884,
    0.265424438282089,
    0.29655888213416076,
    0.2465095454224858,
    0.2788077187423365,
    0.2348374830971394,
    0.2695066672243803,
    0.2377378005519038,
    0.29310783973422305,
    0.3116184969879738,
    0.229408132837268,
    0.2940256280371051,
    0.24807800006177763,
    0.24234355278979305,
    0.22956278635268362,
    0.23477147597476244,
    0.24162024181679487,
    0.26693415256445147,
    0.26030219888424777,
    0.24291555921673938,
    0.2297764030455559,
    0.2604572401987965,
    0.22976503253720978,
    0.23580428299992415,
    0.22834641165631672,
    0.24446381261620923,
    0.30217845735884435
  ],
  "best_train_losses": [
    0.5877073148913692,
    0.39518943953710867,
    0.30233857525510016,
    0.27503796311241396,
    0.26438229571018457,
    0.24487513254564436,
    0.23162543470298735,
    0.22722943272682464,
    0.23782114787065672,
    0.17736259340584032,
    0.2006558377649302,
    0.15689087653996364,
    0.13353350312747522,
    0.13527468371588067,
    0.11557428848300708,
    0.09805716087393453,
    0.09431791273771979,
    0.08719827021578483,
    0.0853167072891615,
    0.0833188227929964,
    0.08409080572907994,
    0.07050238621191851,
    0.0676375248122248,
    0.05003535380123242,
    0.05678374060471907,
    0.05647144393874986,
    0.05952048654753864,
    0.042749040985244235,
    0.02991066751886349,
    0.0386546319030338,
    0.08702505513656746,
    0.029342821548133065,
    0.03062293006547892,
    0.02380543626188986,
    0.03487202539230393,
    0.043934670041226864,
    0.020066428005931055,
    0.030223204755574013
  ],
  "best_valid_losses": [
    0.4585200595314598,
    0.28405507173302086,
    0.26299065441672054,
    0.28596829437488047,
    0.24190924500090877,
    0.24348360324660226,
    0.425671394950258,
    0.3090334662545006,
    0.22834641165631672,
    0.2794768137567801,
    0.269177986326867,
    0.2545145409491728,
    0.31523383358567747,
    0.29890148552772594,
    0.30404448861760974,
    0.3341711725337633,
    0.32336496398816245,
    0.36699392042920875,
    0.3745192486531469,
    0.33450529458926176,
    0.37248665961389527,
    0.4636900506329504,
    0.38185259744914396,
    0.4683052860354131,
    0.47620815268245,
    0.3651294479302888,
    0.3727570745935138,
    0.4129968523118322,
    0.49901964444733715,
    0.6386158549146115,
    0.3354772184213221,
    0.4741778029269825,
    0.47410699983410526,
    0.5208223372738824,
    0.5162012938620135,
    0.37895445708067577,
    0.50864793304892,
    0.4257123859130369
  ],
  "data_normalization_method": "standard",
  "normalization_parameters": {
    "mean": -8.025888710833714e-12,
    "std": 0.9989994995286607
  }
}