{
  "best_test_loss": 0.15367143393291233,
  "best_f1_test": 0.9501018329938901,
  "best_acc_test": 0.9501018329938901,
  "best_valid_loss": 0.1403831424231225,
  "best_f1_valid": 0.9468085106382979,
  "model_save_name": "model",
  "is_univariate": true,
  "dataset_name": "NonInvasiveFetalECGThorax1",
  "network_arch": "ResNet",
  "seed": 0,
  "best_train_loss": 0.008253736713035942,
  "batch_size": 64,
  "learning_rate": 0.0003288242372214451,
  "epochs": 500,
  "patience": 30,
  "min_loss_improvement": 0,
  "epoch_model_saved": 151,
  "optimizer": "Adam",
  "criterion": "NLLLoss",
  "optimization_losses": [
    0.14647277333634964,
    0.2614312596777652,
    0.290832426953823,
    0.8651603054493031,
    0.15279422827223513,
    0.16140225180920134,
    0.5628507251435138,
    0.1403831424231225,
    0.25626524521949445,
    0.2723244656907751
  ],
  "best_train_losses": [
    3.5914837880111126,
    3.329366278497585,
    3.1019900587354003,
    2.856259358071644,
    2.595511545032493,
    2.34864244440954,
    2.1518460008684213,
    1.992561601285606,
    1.8356796854914532,
    1.7099788738486639,
    1.5932321333164743,
    1.496407412678443,
    1.4128836995685763,
    1.3493372464967461,
    1.2579409607011336,
    1.1638142895882848,
    1.0976428960463738,
    1.0507484350251381,
    0.9855436689821835,
    0.9204527778853352,
    0.8701361795168734,
    0.815396666149815,
    0.7693713554930536,
    0.7329740649951819,
    0.6992607217645946,
    0.6761759465962167,
    0.6414700979006935,
    0.6057656377826203,
    0.5753303328954411,
    0.5472555793219692,
    0.5294304719418601,
    0.5064431684417617,
    0.484495266926431,
    0.46623176562476143,
    0.45555177295367144,
    0.435985507842779,
    0.41526438462340487,
    0.3860109401415204,
    0.37133743118125623,
    0.36084494915171067,
    0.3515650547061767,
    0.34435273594866317,
    0.3494046235683512,
    0.3260779149479541,
    0.311051975200064,
    0.30683946268121204,
    0.2997172847442533,
    0.2931700777144643,
    0.2796961712956596,
    0.267960516896913,
    0.2578287200919776,
    0.24935782529041955,
    0.24269161420499283,
    0.23660926303537647,
    0.2268815504116067,
    0.22956911488603055,
    0.22772170120008547,
    0.21377743290016035,
    0.19912336751535922,
    0.1992607094708749,
    0.1956109144762211,
    0.19045908326048794,
    0.18246918295209708,
    0.16990863469521594,
    0.16482744830348336,
    0.1605712407159286,
    0.15649259126550785,
    0.15864680255602887,
    0.1645929666598624,
    0.15340280395134687,
    0.14210568222093564,
    0.13191806673689452,
    0.12478805474743236,
    0.1255353490965348,
    0.12408633363902444,
    0.11988209407365581,
    0.12118690617995118,
    0.12157530844400068,
    0.11338740906619892,
    0.11573642897285463,
    0.1148129506972543,
    0.09810896896124305,
    0.09162393748859704,
    0.08801089261494216,
    0.08340624424164889,
    0.07862064882442722,
    0.07470767279054108,
    0.0700576304407687,
    0.0651263298515233,
    0.058453118178577214,
    0.054285147873316945,
    0.05236996691713263,
    0.0508666431684458,
    0.05056438627649552,
    0.049155815176597714,
    0.04787147242918831,
    0.04932113877449836,
    0.05087212642271252,
    0.04881047675332404,
    0.04615601073906025,
    0.046363080066359766,
    0.04437989163986726,
    0.04330365948682718,
    0.04125521008582368,
    0.041224668844382445,
    0.05144246976144575,
    0.050290199637397316,
    0.04517133272556,
    0.04057964793251315,
    0.033680560949532735,
    0.03187853511284123,
    0.02945109229935405,
    0.02691488222232794,
    0.037389651433062734,
    0.03419915506896352,
    0.026687271749693705,
    0.02631425952541466,
    0.03517530313270849,
    0.03584993097051528,
    0.028224963889518152,
    0.022083993528289582,
    0.028693798553127894,
    0.049401529489356034,
    0.04153221189250576,
    0.045790535480946366,
    0.039466310878894906,
    0.03143373942388796,
    0.032961999502056555,
    0.04320989286845114,
    0.04822857132036231,
    0.033634974296942344,
    0.029517017631809202,
    0.026100438379094225,
    0.017092271779290152,
    0.014582012056157737,
    0.014495774567878568,
    0.014860318896759272,
    0.020068721911193868,
    0.020670459938228383,
    0.044092791420698836,
    0.04894343657106245,
    0.03881556368599831,
    0.025780978208461428,
    0.018640330302491733,
    0.013075994598945618,
    0.01166960835055653,
    0.010327269075613781,
    0.00987715322543289,
    0.00933868274958549,
    0.008788519192556377,
    0.008253736713035942,
    0.007837685684392717,
    0.007550924044012112,
    0.0073270644979173145,
    0.007120312316060454,
    0.006905422245973011,
    0.006699396657053242,
    0.006493728003973169,
    0.006317837760853761,
    0.006154678367799539,
    0.006007987470349699,
    0.00587501437815583,
    0.005756051087760493,
    0.00564613876769742,
    0.00553956333641421,
    0.0054356073687417215,
    0.005326933807592632,
    0.00522195884270053,
    0.005114362720080709,
    0.005004064697976462,
    0.004893732059862169,
    0.004771568045544995,
    0.004649638885845517,
    0.004526906980899276,
    0.004401089547405534,
    0.004277009158545761,
    0.0041525363852580825,
    0.004033667320180723,
    0.003927894976027363,
    0.0038318967814665243
  ],