{
  "best_test_loss": 0.7339577087660508,
  "best_f1_test": 0.7379480840543882,
  "best_acc_test": 0.7379480840543882,
  "best_valid_loss": 0.32651761010227703,
  "best_f1_valid": 0.8775790921595599,
  "model_save_name": "model",
  "is_univariate": true,
  "dataset_name": "FordB",
  "network_arch": "MLP",
  "seed": 22,
  "best_train_loss": 0.13528099830327697,
  "batch_size": 64,
  "learning_rate": 0.00016680910237684333,
  "epochs": 500,
  "patience": 30,
  "min_loss_improvement": 0,
  "epoch_model_saved": 51,
  "optimizer": "Adam",
  "criterion": "NLLLoss",
  "optimization_losses": [
    0.34689324684287365,
    0.32651761010227703,
    0.3500864799281754,
    0.34571475249701056,
    0.3473609191105487,
    0.340849601295988,
    0.3441735800801478,
    0.34690898546162463,
    0.34505241404209375,
    0.3396195135549469
  ],
  "best_train_losses": [
    0.6956051207638181,
    0.6915647467032096,
    0.688178030791932,
    0.6830469509266429,
    0.6749352333142308,
    0.6593186478175356,
    0.6367645501434557,
    0.6001246655577642,
    0.5543773115665089,
    0.5087914709949756,
    0.47872526880143595,
    0.4507859376306547,
    0.421611971712506,
    0.3844048723557956,
    0.37240729908339754,
    0.33163714696854313,
    0.32877906447755584,
    0.31772452336639945,
    0.30669213577264604,
    0.29486009259253454,
    0.28705398394038295,
    0.2692241139064301,
    0.25647186999307864,
    0.24692032868465336,
    0.24096506504031945,
    0.21840252129788904,
    0.21939459416446527,
    0.23421327636527228,
    0.20678890991489693,
    0.2020522834428239,
    0.20525944446107217,
    0.19469822139736712,
    0.19543495880852374,
    0.18243426944358476,
    0.18097894639801618,
    0.18036975546584988,
    0.18730490005215145,
    0.1607421974060952,
    0.1603454000417763,
    0.17942884258997654,
    0.16136576744639397,
    0.17346754163872588,
    0.1526399149342941,
    0.15115916131492166,
    0.14798396467096703,
    0.14723183283841101,
    0.14357522430290381,
    0.14632121224514885,
    0.13890177740150503,
    0.14869100990944747,
    0.13528099830327697,
    0.1206802616697804,
    0.125372872996609,
    0.13467301509280316,
    0.12984273881949945,
    0.12943011230213933,
    0.12342035047136032,
    0.12416652349199193,
    0.11367113619755846,
    0.1213088172732595,
    0.11465762566872444,
    0.11313670874666806,
    0.11276245461533453,
    0.11599041318631073,
    0.13028007149286414,
    0.11350773065062714,
    0.09974586102788681,
    0.10277323203450876,
    0.09052892200177359,
    0.10885781201404587,
    0.1042448102433793,
    0.09601686441914743,
    0.11232958945408567,
    0.10567663853765148,
    0.09187188156799732,
    0.09410991234784277,
    0.09885257544019035,
    0.11139313797716262,
    0.09683756099083811,
    0.08437984599699837
  ],
  "best_valid_losses": [
    0.6901956861415952,
    0.6884866574935441,
    0.6850746229721395,
    0.6804081886145895,
    0.6721264571566365,
    0.6591465459237237,
    0.6396632078097316,
    0.6136655735346441,
    0.5839804426512003,
    0.5509550118052812,
    0.5149523146460768,
    0.5121609133654152,
    0.4807882699628644,
    0.46659887177252213,
    0.4560719705923387,
    0.43317580366560976,
    0.45289108763862673,
    0.41498785633004515,
    0.4195567019376007,
    0.412277037782551,
    0.4018715895927592,
    0.39288359618088564,
    0.38643274444989356,
    0.36815551903093696,
    0.3943474864205435,
    0.3730035670193878,
    0.385771864587044,
    0.36376758491648603,
    0.37372333717313394,
    0.3530831277534427,
    0.36793081878467965,
    0.3704426203748055,
    0.37025267873702383,
    0.35376235211403856,
    0.3700596167100017,
    0.37443751682933457,
    0.3485355571506768,
    0.3545291054650547,
    0.3534569951002339,
    0.3486786634754774,
    0.3478590040948073,
    0.3660283858953185,
    0.3777186651669309,
    0.3617671922853593,
    0.3536123986339307,
    0.3702034101279599,
    0.35742659044888847,
    0.3604962050586816,
    0.3502793083738592,
    0.36621053842763623,
    0.32651761010227703,
    0.3539799377219713,
    0.3532467843782787,
    0.3644044045487001,
    0.36599587553796936,
    0.3544086645853077,
    0.3562913940812075,
    0.3739183257747713,
    0.34641905253986216,
    0.35105097408635744,
    0.37502792313633465,
    0.35922639311753735,
    0.34423121207353996,
    0.3391228843751931,
    0.36029640758381914,
    0.3627963922866601,
    0.3567429319782467,
    0.35860780947310067,
    0.36803441575665585,
    0.36449842616157324,
    0.35124463525484156,
    0.373021555815963,
    0.3608280856474886,
    0.3596878821207044,
    0.36396482656549717,
    0.36159731062357164,
    0.37178495835815206,
    0.36908815573629355,
    0.36525592517410055,
    0.3712669940155507
  ],
  "data_normalization_method": "standard",
  "normalization_parameters": {
    "mean": -8.025888710833714e-12,
    "std": 0.9989994995286607
  }
}