{
  "best_test_loss": 0.1204617118083048,
  "best_f1_test": 0.9583017437452616,
  "best_acc_test": 0.9583017437452616,
  "best_valid_loss": 0.12294884307516946,
  "best_f1_valid": 0.9541666666666666,
  "model_save_name": "model",
  "is_univariate": true,
  "dataset_name": "FordA",
  "network_arch": "Inception",
  "seed": 26,
  "best_train_loss": 0.06843901599446932,
  "batch_size": 64,
  "learning_rate": 1.2111386733573782e-05,
  "epochs": 500,
  "patience": 30,
  "min_loss_improvement": 0,
  "epoch_model_saved": 41,
  "optimizer": "Adam",
  "criterion": "NLLLoss",
  "optimization_losses": [
    0.14183338466617795,
    0.12413148383299509,
    0.14127391709221734,
    0.1311025751961602,
    0.12294884307516946,
    0.14168111946847703,
    0.12585786018106673,
    0.13152509679396948,
    0.13515307340357038,
    0.14739060335689122
  ],
  "best_train_losses": [
    0.5714097135596805,
    0.33092270493507386,
    0.23796404467688667,
    0.20628498295942943,
    0.19081882470183903,
    0.18119561440414853,
    0.17415040516191058,
    0.16869644555780622,
    0.16402658373117446,
    0.15995805147621367,
    0.15621870110432307,
    0.1526824414730072,
    0.1495009226931466,
    0.1463168145881759,
    0.14327812376949522,
    0.1403405071960555,
    0.13736649917231666,
    0.13436414384179646,
    0.1314680794874827,
    0.12871890001826816,
    0.1259012262026469,
    0.12299328628513548,
    0.12003574007087284,
    0.11710549261834886,
    0.11427483210961024,
    0.11148894362979465,
    0.10868179599444071,
    0.10586640271875593,
    0.1029509006275071,
    0.10012225384513537,
    0.09723249947031339,
    0.09438692753513654,
    0.09156082810627089,
    0.0884928575820393,
    0.08557713040047221,
    0.08273653255568611,
    0.0799615952703688,
    0.07706182243095504,
    0.07397771510812971,
    0.07106751832697127,
    0.06843901599446932,
    0.06578413910335965,
    0.06338672737280528,
    0.06074998444981045,
    0.058372653027375536,
    0.05597579268117746,
    0.05371228212283717,
    0.05150334479080306,
    0.04934988547530439,
    0.04731617441607846,
    0.04525577620499664,
    0.04323082479337851,
    0.04147485333184401,
    0.039732120227482584,
    0.03813548969725768,
    0.03652088844941722,
    0.03497908181614346,
    0.03350711539387703,
    0.03225770646499263,
    0.030830431688163015,
    0.02972195158816046,
    0.028592540468606684,
    0.02789084611253606,
    0.027364679777787792,
    0.02675617320670022,
    0.026490699810286362,
    0.02607858000944058,
    0.025616189071701632,
    0.02597814179542992,
    0.025768898530966707
  ],
  "best_valid_losses": [
    0.5464409748713176,
    0.25543733768992954,
    0.2059810525841183,
    0.18417409261067708,
    0.1734676210416688,
    0.16645959433582094,
    0.1620195875565211,
    0.15802650617228614,
    0.1549526380168067,
    0.15220377975040011,
    0.14972759485244752,
    0.14780728850099775,
    0.14623216340939205,
    0.14611482322216035,
    0.1467002507713106,
    0.14817564967605804,
    0.15245808942450417,
    0.1565939125087526,
    0.16077953709496393,
    0.16661493082841236,
    0.17313515444596608,
    0.17852575911415947,
    0.18314712544282277,
    0.18395423226886326,
    0.1833566854397456,
    0.18452856640021006,
    0.18469732072618272,
    0.18364099661509195,
    0.17915425333711837,
    0.17468097243044112,
    0.16751301222377354,
    0.1628274785147773,
    0.1611073550250795,
    0.15667285720507304,
    0.15165325734350416,
    0.14549587666988373,
    0.14311646852228377,
    0.13806003199683295,
    0.12875644597742292,
    0.12371000564760631,
    0.12294884307516946,
    0.12306550376945072,
    0.12423341340488858,
    0.12637776086727778,
    0.128675177693367,
    0.1296489068203502,
    0.13342095886667568,
    0.13326510273747974,
    0.13551178640789455,
    0.13524933482209842,
    0.13764516106910177,
    0.13999962798423238,
    0.13983089460266962,
    0.1381888661119673,
    0.1350921633342902,
    0.13410254046320916,
    0.13010256985823312,
    0.12859218683507706,
    0.12794944941997527,
    0.12924622893333435,
    0.132612207531929,
    0.13955826825565762,
    0.153564433587922,
    0.1771531429555681,
    0.18681823478804693,
    0.1888199574417538,
    0.17313464482625326,
    0.17674124174647862,
    0.174044355418947,
    0.1343957738743888
  ],
  "data_normalization_method": "standard",
  "normalization_parameters": {
    "mean": -2.3081128410022225e-11,
    "std": 0.9989994995179163
  }
}